<?xml version="1.0" encoding="UTF-8"?>
<kml xmlns="http://www.opengis.net/kml/2.2" xmlns:gx="http://www.google.com/kml/ext/2.2" xmlns:kml="http://www.opengis.net/kml/2.2" xmlns:atom="http://www.w3.org/2005/Atom">
<Document>
	<name>Fazenda Sela de Prata I</name>
	<Folder>
		<name>Trilhas</name>
		<Placemark>
			<name>T01 - 230</name>
			<Style>
				<LineStyle>
					<color>ff000000</color>
					<width>2</width>
				</LineStyle>
			</Style>
			<LineString>
				<coordinates>
					-55.339524,-10.315271,0 -55.340211,-10.315287,0 -55.34044555590819,-10.315209,0 -55.3403835559082,-10.314983,0 -55.340121,-10.314602,0 -55.33932999999999,-10.31344,0 -55.3389606293945,-10.312922,0 -55.3383986293945,-10.312075,0 -55.338011,-10.311509,0 -55.3376362587891,-10.310925,0 -55.3369778146973,-10.309966861023,0 -55.3364785559082,-10.309242861023,0 -55.336052,-10.308598,0 -55.3359697412109,-10.3084662316284,0 -55.3355760383301,-10.3079042316284,0 -55.3350612971191,-10.307139,0 -55.33462162939449,-10.3064771549683,0 -55.3342356293945,-10.3058811549683,0 -55.333951,-10.305317,0 -55.33353699999999,-10.305431,0 -55.33327299999999,-10.305835,0 -55.33316599999999,-10.306178,0 -55.333373,-10.306709,0 -55.333525,-10.307275,0 -55.33330899999999,-10.308096,0 -55.333066,-10.308456,0 -55.332928,-10.308749,0 -55.333025,-10.30885,0 -55.33307799999999,-10.309079,0 -55.333051,-10.30927,0 -55.333552,-10.30988,0 -55.333831,-10.310318,0 -55.334178,-10.310915,0 -55.334643,-10.311464,0 -55.335061,-10.312095,0 -55.335402,-10.312647,0 -55.33574,-10.313165,0 -55.33604,-10.313524,0 -55.33655599999999,-10.313738,0 -55.33712199999999,-10.313799,0 -55.337755,-10.31376,0 -55.3379135131836,-10.313775062561,0 -55.33760833740229,-10.3146123886108,0 -55.337358,-10.314567,0 -55.33679999999999,-10.314637,0 -55.336502,-10.31512,0 -55.33694299999999,-10.315626,0 -55.33707,-10.316284,0 -55.336909,-10.316749,0 -55.33691900000001,-10.317098,0 -55.336973,-10.317586,0 -55.337213,-10.317885,0 -55.337562,-10.318013,0 -55.338099,-10.318223,0 -55.338292,-10.31826,0 -55.33875099999999,-10.317836,0 -55.339129,-10.317466,0 -55.339586,-10.317037,0 -55.34,-10.316635,0 -55.339962,-10.316336,0 -55.339415,-10.316088,0 -55.338915,-10.315872,0 -55.338554,-10.315461,0 -55.338547,-10.315085,0 -55.338509,-10.314969,0 -55.338324,-10.314974,0 -55.337839,-10.314699,0 -55.3376388549805,-10.314621925354,0 -55.33794784545899,-10.3137798309326,0 -55.338173,-10.31384,0 -55.338568,-10.314196,0 -55.33905900000001,-10.314466,0 -55.339266,-10.314865,0 -55.339524,-10.315271,0 
				</coordinates>
			</LineString>
		</Placemark>
		<Placemark>
			<name>T01 - 230</name>
			<Style>
				<LineStyle>
					<color>ff000000</color>
					<width>2</width>
				</LineStyle>
			</Style>
			<LineString>
				<coordinates>
					-55.34966702,-10.3020302,0 -55.34945098999999,-10.30171421,0 -55.34928,-10.30148523,0 -55.34915508,-10.30131427,0 -55.34894201,-10.30100425,0 -55.34886201,-10.30088921,0 -55.34878194000001,-10.30078727,0 -55.34869802999999,-10.30068522,0 -55.34860191,-10.30057027,0 -55.34851007,-10.30045625,0 -55.34842304,-10.30035021,0 -55.34823388,-10.30010523,0 -55.34814894,-10.29998021,0 -55.34804891,-10.29984924,0 -55.34794404,-10.29971725,0 -55.34782101,-10.29956727,0 -55.34763796,-10.29935424,0 -55.34734794,-10.29897421,0 -55.34726403000001,-10.29887126,0 -55.34714598,-10.2987232,0 -55.34707203000001,-10.29862527,0 -55.34699002,-10.29851428,0 -55.34692096999999,-10.29843329,0 -55.34682504,-10.29833723,0 -55.34676601,-10.29827826,0 -55.34670593,-10.29822823,0 -55.34663094,-10.29816528,0 -55.34657991,-10.29813021,0 -55.34649696,-10.29806325,0 -55.346433,-10.29801925,0 -55.34636303999999,-10.29797523,0 -55.34628102000001,-10.29792129,0 -55.34613894,-10.29784028,0 -55.34601596,-10.29778821,0 -55.34597695000001,-10.29780121,0 -55.34591795,-10.29784521,0 -55.345882,-10.29787422,0 -55.34597,-10.29795921,0 -55.34603994,-10.29800423,0 -55.34635805,-10.2982212,0 -55.34644093000001,-10.29827623,0 -55.34659007,-10.29837021,0 -55.34670796,-10.29846827,0 -55.34674096,-10.29851428,0 -55.34676394,-10.29856629,0 -55.34677193,-10.29861922,0 -55.34676396,-10.29867125,0 -55.34674389,-10.29871726,0 -55.34670796,-10.29876825,0 -55.34666507000001,-10.29881522,0 -55.34660801,-10.29887026,0 -55.34654696,-10.29892428,0 -55.34647503,-10.29898621,0 -55.34640294,-10.29905021,0 -55.34632698,-10.29911926,0 -55.34625002,-10.2991882,0 -55.34617692999999,-10.29925428,0 -55.34610096,-10.29932523,0 -55.34602899,-10.29939321,0 -55.34593495999999,-10.29948124,0 -55.34585800000001,-10.29955028,0 -55.34578488,-10.29962024,0 -55.3457069,-10.29969325,0 -55.34562291000001,-10.29977121,0 -55.34554593,-10.29984323,0 -55.34546693,-10.29991922,0 -55.34539195,-10.29999126,0 -55.34530896,-10.30006822,0 -55.34523599,-10.30013728,0 -55.34515702,-10.3002092,0 -55.34507804,-10.30028321,0 -55.34499103,-10.30036323,0 -55.34487204,-10.30047626,0 -55.34476696,-10.30057725,0 -55.34466690000001,-10.30067122,0 -55.34458692,-10.30074521,0 -55.34450393,-10.30082127,0 -55.34438696,-10.30092926,0 -55.34430599,-10.30100225,0 -55.34420494,-10.30109522,0 -55.34411994,-10.30117326,0 -55.3440179,-10.30126522,0 -55.34392587,-10.30135028,0 -55.34380591,-10.30145924,0 -55.34372205,-10.30153728,0 -55.34360996,-10.30164122,0 -55.34351104999999,-10.3017332,0 -55.34341401,-10.30182221,0 -55.34331899,-10.30190924,0 -55.34322796,-10.3019952,0 -55.34313492,-10.30208224,0 -55.34304403,-10.30216821,0 -55.34295602,-10.30225021,0 -55.34286399,-10.30233725,0 -55.34274803,-10.30244425,0 -55.342615,-10.30256824,0 -55.34246893000001,-10.30270428,0 -55.34232401,-10.30283924,0 -55.342192,-10.30295925,0 -55.34204092,-10.30309925,0 -55.34182001,-10.30330723,0 -55.34163697,-10.30347526,0 -55.34145792,-10.30364522,0 -55.34122197,-10.30386424,0 -55.34106486999999,-10.30401026,0 -55.340887,-10.30417226,0 -55.34071200999999,-10.30432822,0 -55.34057899,-10.30445122,0 -55.34041599,-10.30460525,0 -55.340295,-10.30471827,0 -55.34007897,-10.30492122,0 -55.33994493,-10.30504827,0 -55.33984702999999,-10.30513827,0 -55.33974096,-10.30523528,0 -55.33960194,-10.30535924,0 -55.33948999,-10.30546326,0 -55.33939194,-10.30555326,0 -55.33924799999999,-10.30569229,0 -55.33904004,-10.30587828,0 -55.338783,-10.30612124,0 -55.33862802,-10.30626925,0 -55.33848695,-10.30640224,0 -55.338373,-10.30650626,0 -55.3382159,-10.30665128,0 -55.33807198,-10.30678426,0 -55.33797694,-10.30687327,0 -55.33781497,-10.30702125,0 -55.33772697,-10.30710027,0 -55.33754592,-10.30726822,0 -55.33747597,-10.30733422,0 -55.33737102,-10.30743421,0 -55.33728,-10.30751827,0 -55.33716687,-10.30762826,0 -55.33705993000001,-10.30772924,0 -55.33693405,-10.30784929,0 -55.33676603,-10.30800826,0 -55.336671,-10.30809421,0 -55.33659304,-10.30816224,0 -55.33651803,-10.30821321,0 -55.33638704,-10.30827428,0 -55.33627397,-10.30831827,0 -55.33605994,-10.30841129,0 -55.33599292,-10.30843427,0 -55.33597906000001,-10.30835626,0 -55.33603497,-10.30835827,0 -55.33607794,-10.30835225,0 -55.33611209,-10.30834122,0 -55.33614497,-10.30832728,0 -55.33617999000001,-10.30831327,0 -55.33621701,-10.30830026,0 -55.33626603,-10.30828324,0 -55.3363199,-10.30826625,0 -55.33637092,-10.30824726,0 -55.33642596,-10.30822422,0 -55.33647703,-10.30819727,0 -55.33653498000001,-10.30816321,0 -55.33659398,-10.30811921,0 -55.33665489,-10.30806628,0 -55.33671595000001,-10.30801027,0 -55.33677300999999,-10.30795623,0 -55.33683195,-10.30789722,0 -55.33692299,-10.30780828,0 -55.33717303,-10.30756826,0 -55.337535,-10.30722929,0 -55.33765599,-10.30711626,0 -55.337789,-10.30699625,0 -55.33789206,-10.30690222,0 -55.33801702,-10.30679328,0 -55.33812897,-10.30669025,0 -55.33826701,-10.30656123,0 -55.33838197,-10.30645523,0 -55.33853592,-10.30631326,0 -55.33863698,-10.30621921,0 -55.33874494,-10.30611526,0 -55.33884803,-10.30601525,0 -55.33895297,-10.30591625,0 -55.33906793,-10.30580926,0 -55.33920196,-10.30568527,0 -55.33933699,-10.30556021,0 -55.33946098,-10.30544521,0 -55.33957696,-10.30533623,0 -55.33972503,-10.30519822,0 -55.33981707000001,-10.30511027,0 -55.33999295,-10.30494925,0 -55.34011595,-10.30483226,0 -55.34024095000001,-10.30471628,0 -55.34039505,-10.30457223,0 -55.34055102,-10.30442522,0 -55.34069293,-10.30429422,0 -55.34085189,-10.30414821,0 -55.34099591,-10.30402121,0 -55.34115588,-10.30387421,0 -55.34129206000001,-10.30374626,0 -55.34142293,-10.30362524,0 -55.34158405,-10.30347526,0 -55.34183405,-10.30324121,0 -55.34197597,-10.30310823,0 -55.34212205,-10.30297029,0 -55.34227802,-10.30282227,0 -55.34238095,-10.30272625,0 -55.34250896,-10.30260621,0 -55.34261489000001,-10.30250821,0 -55.34273701999999,-10.30239329,0 -55.342814,-10.30232127,0 -55.342898,-10.30224322,0 -55.34297397,-10.30217228,0 -55.34305296,-10.30209828,0 -55.34313997,-10.30201727,0 -55.34322697000001,-10.30193824,0 -55.34330996,-10.30186227,0 -55.34341703,-10.30176428,0 -55.34354401,-10.3016492,0 -55.34366699,-10.30153628,0 -55.34378597,-10.30142523,0 -55.34389492,-10.30132327,0 -55.34403899,-10.30118722,0 -55.34417801,-10.30106226,0 -55.34435001,-10.30090321,0 -55.34447499,-10.30078921,0 -55.34460798999999,-10.30067028,0 -55.34489397999999,-10.30040124,0 -55.34500995,-10.30029226,0 -55.34516906,-10.30014426,0 -55.34534208,-10.29998223,0 -55.345488,-10.29984529,0 -55.34569802,-10.29964529,0 -55.34582704,-10.29952426,0 -55.34599701,-10.29937125,0 -55.34635601,-10.29905124,0 -55.34653989,-10.29888528,0 -55.34664093,-10.29879322,0 -55.34668294000001,-10.29875221,0 -55.34671698,-10.29870826,0 -55.34673403999999,-10.29866522,0 -55.34673301,-10.29861622,0 -55.34671797999999,-10.29857021,0 -55.346686,-10.29852123,0 -55.34664201,-10.29847625,0 -55.34658292,-10.29842821,0 -55.34651798,-10.29838123,0 -55.34644691,-10.29833223,0 -55.34637002,-10.29827822,0 -55.34629796000001,-10.29822822,0 -55.34616791,-10.29813823,0 -55.34605405,-10.29806125,0 -55.34596394,-10.29799923,0 -55.34584398999999,-10.29791327,0 -55.345772,-10.29785124,0 -55.34574196,-10.29781122,0 -55.34572103,-10.29780523,0 -55.34561102,-10.29783821,0 -55.34555602,-10.29785321,0 -55.34550802,-10.29786725,0 -55.34546002,-10.29788129,0 -55.345405,-10.29789927,0 -55.34534599,-10.29791822,0 -55.34528399000001,-10.29793527,0 -55.34522099000001,-10.29795429,0 -55.34515296,-10.29797826,0 -55.34509495,-10.29799722,0 -55.34503892,-10.29801827,0 -55.34496904,-10.29804422,0 -55.34490098,-10.29807425,0 -55.34484093,-10.29810125,0 -55.34477502,-10.29812921,0 -55.34471097,-10.29815727,0 -55.34464691,-10.29818723,0 -55.34458399,-10.29821629,0 -55.3445269,-10.29825026,0 -55.34447494,-10.29828526,0 -55.34441695,-10.29832727,0 -55.34435793,-10.29837525,0 -55.34429605,-10.29842321,0 -55.34423503,-10.29847325,0 -55.344173,-10.2985232,0 -55.34410799,-10.29857124,0 -55.34404602,-10.29860926,0 -55.34397794,-10.29864525,0 -55.34391499,-10.29868028,0 -55.34385189,-10.29871621,0 -55.34378896,-10.29874925,0 -55.34372301999999,-10.29878426,0 -55.34366096000001,-10.29881224,0 -55.34359495,-10.29883225,0 -55.34352101,-10.29884326,0 -55.34344907,-10.29885121,0 -55.34330597,-10.29885626,0 -55.34322298,-10.29885023,0 -55.343144,-10.29884124,0 -55.34304495999999,-10.29882229,0 -55.34293997,-10.29879725,0 -55.34279395,-10.29876025,0 -55.34264507,-10.29872422,0 -55.34241489,-10.29865922,0 -55.34229992,-10.29863223,0 -55.34219991,-10.29860821,0 -55.34211596,-10.29859422,0 -55.34203401000001,-10.29858024,0 -55.34195492000001,-10.29856627,0 -55.34188989,-10.29856323,0 -55.34178703,-10.29856622,0 -55.34171698,-10.29856822,0 -55.34164093,-10.29857226,0 -55.34155989,-10.29857428,0 -55.34146988,-10.29857527,0 -55.34132108,-10.2985792,0 -55.34124605,-10.29857927,0 -55.341168,-10.29858222,0 -55.34109495000001,-10.29858528,0 -55.34102204,-10.29858924,0 -55.340945,-10.29859129,0 -55.34087493999999,-10.29859527,0 -55.34080103,-10.29859824,0 -55.34073487,-10.29859428,0 -55.34067003,-10.29858129,0 -55.34061095999999,-10.29855721,0 -55.34055097,-10.29851721,0 -55.340499,-10.29847228,0 -55.34045702,-10.29842524,0 -55.34041304000001,-10.29838026,0 -55.34037002,-10.29834225,0 -55.34032701,-10.29830125,0 -55.34028303,-10.29825528,0 -55.34023208,-10.29820629,0 -55.34018194,-10.29816526,0 -55.34012791999999,-10.29812828,0 -55.34007304,-10.29809527,0 -55.34000902,-10.29806122,0 -55.33992193,-10.29802226,0 -55.33983296,-10.29798627,0 -55.33975795,-10.29795623,0 -55.33968905,-10.29792921,0 -55.33961302,-10.29790224,0 -55.33954296000001,-10.29787927,0 -55.33946803000001,-10.29785828,0 -55.33938997,-10.29783726,0 -55.33929296000001,-10.29781326,0 -55.33918996,-10.29778723,0 -55.33909295,-10.29776323,0 -55.33899395,-10.29773623,0 -55.33889995000001,-10.29770926,0 -55.33879401,-10.29767328,0 -55.33870301,-10.29764424,0 -55.33857302,-10.29759728,0 -55.33848592,-10.29755923,0 -55.33840096,-10.29752127,0 -55.33828201,-10.29746424,0 -55.33812999999999,-10.29739927,0 -55.33803692,-10.29735929,0 -55.33792607,-10.29730827,0 -55.33784992999999,-10.29727524,0 -55.33778302,-10.29725022,0 -55.33772007,-10.29723027,0 -55.33766195,-10.29721524,0 -55.33760608,-10.29720627,0 -55.337546,-10.29721121,0 -55.33748802,-10.29722321,0 -55.337431,-10.29724326,0 -55.33738294999999,-10.29726724,0 -55.33733498,-10.29730225,0 -55.33729599,-10.29733821,0 -55.33724898,-10.29738028,0 -55.33720797000001,-10.2974222,0 -55.33716595,-10.29746421,0 -55.33712393,-10.29750721,0 -55.33706597,-10.29757128,0 -55.33697796,-10.29765328,0 -55.3367209,-10.29789922,0 -55.33653502,-10.29809328,0 -55.33636101,-10.29825322,0 -55.33576797000001,-10.29880925,0 -55.33572302999999,-10.29886426,0 -55.33569297,-10.29891221,0 -55.33566289,-10.29896322,0 -55.33563496,-10.29901127,0 -55.33560989,-10.29906023,0 -55.33558794,-10.29911129,0 -55.33557394,-10.29916926,0 -55.33556203,-10.29923628,0 -55.335547,-10.2993012,0 -55.33553093,-10.29937426,0 -55.335513,-10.29944622,0 -55.33550206,-10.29951922,0 -55.33550398999999,-10.29958721,0 -55.33550504,-10.29965828,0 -55.3355069,-10.29973921,0 -55.33551298,-10.29980325,0 -55.33552594999999,-10.29986027,0 -55.33554205999999,-10.29991722,0 -55.33556398999999,-10.29997827,0 -55.33559304,-10.30004224,0 -55.33561899,-10.30009825,0 -55.33564796,-10.30017724,0 -55.33567699,-10.30024528,0 -55.33570799000001,-10.30031722,0 -55.33573996,-10.30039623,0 -55.33578095,-10.30049525,0 -55.33581706,-10.30057228,0 -55.33585493,-10.30064128,0 -55.33589397,-10.30070422,0 -55.33593501999999,-10.30076528,0 -55.33597596,-10.30081829,0 -55.33601901,-10.30087927,0 -55.33606190999999,-10.30094123,0 -55.33610693,-10.30100629,0 -55.33615607,-10.30107426,0 -55.33620592,-10.30114322,0 -55.33627601000001,-10.30124123,0 -55.33636693,-10.30136727,0 -55.33645599,-10.30149421,0 -55.33661099,-10.30172329,0 -55.336697,-10.30186025,0 -55.33681197000001,-10.30205124,0 -55.33686094,-10.30215121,0 -55.33691501,-10.30228728,0 -55.33696597000001,-10.30247026,0 -55.33697891,-10.30253225,0 -55.33698093,-10.30258325,0 -55.33697291,-10.30264324,0 -55.33695196999999,-10.30269223,0 -55.336912,-10.30275124,0 -55.33681093,-10.30287521,0 -55.33675696,-10.30293822,0 -55.33669691999999,-10.30301729,0 -55.33664603999999,-10.30309026,0 -55.336587,-10.30316924,0 -55.336527,-10.30324027,0 -55.33645806,-10.30330329,0 -55.33638905,-10.30335121,0 -55.33630691,-10.30340024,0 -55.33622492,-10.30344927,0 -55.33613395,-10.30349627,0 -55.33600797,-10.3035542,0 -55.33589188999999,-10.30360324,0 -55.33580696,-10.30364023,0 -55.33571803,-10.30367829,0 -55.33563895,-10.30371522,0 -55.33554998,-10.30376322,0 -55.33547199,-10.30380929,0 -55.33536595,-10.30387321,0 -55.33526306,-10.30393623,0 -55.33516901000001,-10.30399822,0 -55.33506192,-10.30407226,0 -55.33498003,-10.30412924,0 -55.33487192,-10.30420725,0 -55.33475093,-10.30429423,0 -55.33463203,-10.30438927,0 -55.33454393,-10.30446024,0 -55.33445395,-10.30453527,0 -55.33440504000001,-10.30458628,0 -55.33434402999999,-10.30466028,0 -55.33428995999999,-10.30474227,0 -55.33424998,-10.30480526,0 -55.33420901,-10.30486526,0 -55.33415995,-10.30494321,0 -55.33413608,-10.30500728,0 -55.33411305,-10.30507424,0 -55.33409208,-10.30512829,0 -55.33407391000001,-10.3051922,0 -55.33406398999999,-10.30526123,0 -55.33407201,-10.30531027,0 -55.33408993,-10.30537527,0 -55.33410996,-10.30544427,0 -55.33413201,-10.30551029,0 -55.33415604,-10.30557921,0 -55.33418194,-10.30564525,0 -55.33420998,-10.30571122,0 -55.33423703,-10.30577627,0 -55.33426494999999,-10.30583825,0 -55.33429797,-10.30590623,0 -55.33434497,-10.30600221,0 -55.33439297,-10.30609721,0 -55.33445503,-10.30620321,0 -55.33451487,-10.30629926,0 -55.33459896,-10.3064212,0 -55.33467301,-10.30652827,0 -55.33476498,-10.30667023,0 -55.33487598,-10.30683028,0 -55.3349959,-10.30700222,0 -55.33507995,-10.30713122,0 -55.33517705,-10.30727628,0 -55.33527399,-10.30742423,0 -55.33538904,-10.30760022,0 -55.33548798,-10.30774728,0 -55.33556597,-10.30786322,0 -55.33566097000001,-10.30799923,0 -55.33575995,-10.30813924,0 -55.33587591,-10.30830429,0 -55.33595395,-10.30841228,0 -55.33606596,-10.30859521,0 -55.33611393999999,-10.30866724,0 -55.33616895,-10.30876028,0 -55.33620701,-10.30881825,0 -55.336282,-10.30893526,0 -55.33631894,-10.30899223,0 -55.33634995,-10.30903524,0 -55.33645402999999,-10.30918124,0 -55.33649407,-10.30924428,0 -55.33652707,-10.30929029,0 -55.33658300999999,-10.30936724,0 -55.33661502,-10.30941125,0 -55.33667901,-10.30950425,0 -55.33671805000001,-10.30956729,0 -55.33680693000001,-10.30970227,0 -55.3368879,-10.30982022,0 -55.33698999999999,-10.30996422,0 -55.33705300999999,-10.31005423,0 -55.33714789,-10.31018527,0 -55.33727798,-10.31037724,0 -55.33755898,-10.31078923,0 -55.33773799000001,-10.31106427,0 -55.33784089,-10.31121922,0 -55.33798794,-10.31144021,0 -55.33802898,-10.31150425,0 -55.33812904,-10.31165529,0 -55.33819092,-10.31174321,0 -55.33825689999999,-10.31183722,0 -55.33838091000001,-10.31201822,0 -55.33854001000001,-10.31225527,0 -55.33883504,-10.31268623,0 -55.33899104,-10.31291522,0 -55.33911502,-10.31310228,0 -55.33923591,-10.31328028,0 -55.339316,-10.31340428,0 -55.33944893999999,-10.31359726,0 -55.33958698,-10.31379624,0 -55.33982605,-10.31415422,0 -55.33991199,-10.31427725,0 -55.34003298,-10.31443726,0 -55.34013199,-10.31457221,0 -55.34019398000001,-10.31466529,0 -55.34032697,-10.31487626,0 -55.34038598000001,-10.31496625,0 -55.34045395,-10.31503621,0 -55.34048801,-10.31507029,0 -55.34052507000001,-10.31510221,0 -55.34059102999999,-10.31511928,0 -55.34063497,-10.31511824,0 -55.34067904,-10.31512127,0 -55.34074197,-10.31511626,0 -55.34081503,-10.3151122,0 -55.34087398,-10.31510726,0 -55.34093993,-10.31509829,0 -55.34100689,-10.31508724,0 -55.34111395999999,-10.31507125,0 -55.34152195,-10.3150162,0 -55.34158495,-10.31499926,0 -55.34163299999999,-10.31497726,0 -55.34167694999999,-10.3149472,0 -55.34171793,-10.31491224,0 -55.34175996,-10.31486825,0 -55.34179801,-10.31482125,0 -55.34184393,-10.31476923,0 -55.34190689,-10.31470528,0 -55.34202904,-10.31458828,0 -55.34215994,-10.31446328,0 -55.342483,-10.31414526,0 -55.342645,-10.31396527,0 -55.34286493,-10.31378124,0 -55.34336,-10.31333129,0 -55.34377302000001,-10.31294221,0 -55.34392004,-10.31281522,0 -55.34408000999999,-10.31266822,0 -55.34422897,-10.31252722,0 -55.34438092000001,-10.31238525,0 -55.34452197,-10.31225524,0 -55.34486201,-10.31193422,0 -55.34495705,-10.31184629,0 -55.34507205000001,-10.31173224,0 -55.34515903,-10.31163025,0 -55.34574393,-10.31107823,0 -55.34591902,-10.31090427,0 -55.34618697,-10.31064925,0 -55.34654592,-10.31028629,0 -55.34683299,-10.31000125,0 -55.34712104,-10.30972128,0 -55.34761897999999,-10.30923824,0 -55.34797793,-10.30890222,0 -55.34803598,-10.30884927,0 -55.34809392,-10.30878926,0 -55.34882995,-10.30814127,0 -55.34923793000001,-10.30773127,0 -55.34971999999999,-10.30725429,0 -55.35011692,-10.30677525,0 -55.35013292999999,-10.30671422,0 -55.35014698,-10.30664621,0 -55.35015905,-10.30657521,0 -55.35017107,-10.30651226,0 -55.35018202,-10.30643628,0 -55.35021396,-10.30632922,0 -55.35023707,-10.30624724,0 -55.35024897,-10.30615328,0 -55.35025589,-10.30608524,0 -55.35026603,-10.30594525,0 -55.35027602,-10.30580824,0 -55.35027893000001,-10.30554923,0 -55.35028697,-10.30540227,0 -55.3502919,-10.30525023,0 -55.35030291999999,-10.30507923,0 -55.35032101,-10.3049202,0 -55.35033895999999,-10.30476027,0 -55.35035598,-10.30461326,0 -55.35036901000001,-10.30446723,0 -55.35037695999999,-10.30433726,0 -55.35038599,-10.3040272,0 -55.35039503,-10.30382528,0 -55.350411,-10.30366127,0 -55.35042298,-10.30352526,0 -55.35043204000001,-10.30331927,0 -55.35041904,-10.30324027,0 -55.35040101,-10.30317021,0 -55.35037696999999,-10.30310228,0 -55.35034407,-10.30303729,0 -55.35030106,-10.30296826,0 -55.35023797,-10.30286723,0 -55.3501669,-10.30276226,0 -55.35007903,-10.30262521,0 -55.349971,-10.30246924,0 -55.34986293,-10.30232123,0 -55.34977803,-10.30218926,0 -55.34966702,-10.3020302,0 
				</coordinates>
			</LineString>
		</Placemark>
		<Placemark>
			<name>T02 - Sede Nova</name>
			<Style>
				<LineStyle>
					<color>ff000000</color>
					<width>2</width>
				</LineStyle>
			</Style>
			<LineString>
				<coordinates>
					-55.33590695,-10.29213495,0 -55.33595595,-10.29220395,0 -55.33599603,-10.29225895,0 -55.33604391,-10.29232095,0 -55.33615996,-10.29246895,0 -55.33625897,-10.29254695,0 -55.336347,-10.29257195,0 -55.33638803,-10.29260895,0 -55.33659391,-10.29246295,0 -55.33668596,-10.29240095,0 -55.33698798,-10.29220095,0 -55.33717,-10.29208995,0 -55.33729193,-10.29201495,0 -55.33745394,-10.29191195,0 -55.33760103,-10.29182395,0 -55.33771994,-10.29175295,0 -55.33782997,-10.29163395,0 -55.33784491,-10.29158595,0 -55.33784903,-10.29158995,0 -55.33903509,-10.29150993,0 -55.33869589,-10.29159081,0 -55.33847892,-10.2916479,0 -55.33815347,-10.29169097,0 -55.337995,-10.29168912,0 -55.33790047,-10.29168171,0 -55.33779426,-10.29177935,0 -55.33764913,-10.29187258,0 -55.33756201,-10.29192195,0 -55.33743992,-10.29197395,0 -55.33734999999999,-10.29201195,0 -55.33719691,-10.29209895,0 -55.33711502,-10.29215595,0 -55.33698998999999,-10.29222595,0 -55.33680092,-10.29234695,0 -55.33664703000001,-10.29245295,0 -55.33655392999999,-10.29252495,0 -55.33646203,-10.29258695,0 -55.33642196,-10.29269295,0 -55.33640798,-10.29282995,0 -55.33646502999999,-10.29302095,0 -55.33660595000001,-10.29318795,0 -55.33665697,-10.29322295,0 -55.33684003,-10.29337795,0 -55.33690692,-10.29351595,0 -55.33695204,-10.29364295,0 -55.33702993,-10.29380395,0 -55.337146,-10.29405795,0 -55.33727499,-10.29432195,0 -55.33735799,-10.29454395,0 -55.33742502,-10.29473695,0 -55.33752899,-10.29498495,0 -55.33762302,-10.29511595,0 -55.3377109,-10.29522295,0 -55.33781804,-10.29532895,0 -55.3379489,-10.29542695,0 -55.33810991,-10.29554395,0 -55.33824799,-10.29565095,0 -55.33836303999999,-10.29574595,0 -55.33850502,-10.29584495,0 -55.33861894,-10.29590895,0 -55.33876495999999,-10.29597295,0 -55.33892194000001,-10.29601495,0 -55.33913793,-10.29606295,0 -55.33929800000001,-10.29611395,0 -55.33942203,-10.29615495,0 -55.33955,-10.29620595,0 -55.33964894,-10.29624395,0 -55.33985701,-10.29633495,0 -55.33998893,-10.29639395,0 -55.34012602,-10.29644695,0 -55.34027293999999,-10.29650295,0 -55.34043291,-10.29654495,0 -55.34057794999999,-10.29657695,0 -55.34085501999999,-10.29662095,0 -55.34098392,-10.29663095,0 -55.34113194,-10.29661195,0 -55.34125903,-10.29658695,0 -55.34140298,-10.29655495,0 -55.34157692,-10.29651695,0 -55.34169699,-10.29649595,0 -55.34183798,-10.29648595,0 -55.34200703,-10.29645495,0 -55.34218293000001,-10.29642495,0 -55.34232601,-10.29639595,0 -55.34275702,-10.29632595,0 -55.34296998,-10.29629995,0 -55.34328498,-10.29626495,0 -55.34349098,-10.29623295,0 -55.34361504,-10.29621495,0 -55.34378691999999,-10.29618795,0 -55.34393598,-10.29616195,0 -55.34408601000001,-10.29613995,0 -55.34433395000001,-10.29610895,0 -55.34466293,-10.29607295,0 -55.34490996,-10.29602395,0 -55.34496493999999,-10.29598495,0 -55.34500898,-10.29596495,0 -55.34506396999999,-10.29595095,0 -55.345131,-10.29597995,0 -55.34549497999999,-10.29590795,0 -55.34563599,-10.29586595,0 -55.34577101,-10.29582295,0 -55.34596691,-10.29575995,0 -55.34608604000001,-10.29572895,0 -55.3463009,-10.29566595,0 -55.34648795,-10.29560295,0 -55.3466399,-10.29554195,0 -55.34677695,-10.29546595,0 -55.34686501,-10.29540095,0 -55.34696592,-10.29530895,0 -55.34704998,-10.29521695,0 -55.3471249,-10.29512895,0 -55.34729001,-10.29495195,0 -55.34737999000001,-10.29484795,0 -55.3475229,-10.29468695,0 -55.34760198,-10.29459395,0 -55.34783104,-10.29427095,0 -55.34789696000001,-10.29418495,0 -55.34797399,-10.29407495,0 -55.34809199,-10.29393095,0 -55.34817892,-10.29383695,0 -55.34828595,-10.29371895,0 -55.34843099,-10.29355995,0 -55.34859291,-10.29339195,0 -55.34871897,-10.29326095,0 -55.34884491,-10.29312795,0 -55.34896398,-10.29299695,0 -55.34909802,-10.29286895,0 -55.34922801999999,-10.29272095,0 -55.34934899,-10.29258295,0 -55.34945401,-10.29241195,0 -55.34946092,-10.29231595,0 -55.34943401,-10.29219795,0 -55.34940194999999,-10.29205395,0 -55.34937200000001,-10.29188795,0 -55.34934693,-10.29177095,0 -55.34931503,-10.29162395,0 -55.34934602,-10.29150795,0 -55.34941591999999,-10.29142395,0 -55.34953296,-10.29129995,0 -55.34961795,-10.29122295,0 -55.349737,-10.29112395,0 -55.35001538,-10.29088785,0 -55.34837597,-10.29042595,0 -55.34827895000001,-10.29040195,0 -55.34820191999999,-10.29034795,0 -55.34814601999999,-10.29028995,0 -55.34810594,-10.29023495,0 -55.34806901,-10.29017795,0 -55.34804599,-10.29010595,0 -55.34803196,-10.29003395,0 -55.34804897,-10.28997195,0 -55.34811293,-10.28990695,0 -55.34820192999999,-10.28985295,0 -55.34830193,-10.28982495,0 -55.34840599,-10.28980995,0 -55.34847300999999,-10.28978595,0 -55.34855698,-10.28979495,0 -55.348589,-10.28983695,0 -55.34858399,-10.28989495,0 -55.34859395,-10.28995495,0 -55.34860903,-10.29004495,0 -55.34859295,-10.29011995,0 -55.34856301,-10.29017295,0 -55.34854098,-10.29023895,0 -55.34851099,-10.29030095,0 -55.34846602,-10.29036195,0 -55.34840200000001,-10.29041195,0 -55.348384,-10.29041695,0 -55.35003301999999,-10.29087095,0 -55.35018004,-10.29074195,0 -55.35027404,-10.29065995,0 -55.350349,-10.29059095,0 -55.35048497,-10.29044795,0 -55.35055902,-10.29036195,0 -55.35064793,-10.29024395,0 -55.35075294,-10.29007395,0 -55.35078600999999,-10.28999595,0 -55.35078598999999,-10.28988995,0 -55.35075404,-10.28977995,0 -55.35073701,-10.28973395,0 -55.35069902,-10.28966095,0 -55.35065597,-10.28957395,0 -55.35060290000001,-10.28946495,0 -55.35058604000001,-10.28938895,0 -55.35060692,-10.28932295,0 -55.35063792999999,-10.28925795,0 -55.35068695,-10.28899195,0 -55.35071193,-10.28887795,0 -55.35074203000001,-10.28879495,0 -55.35076898,-10.28868795,0 -55.35079597,-10.28854395,0 -55.35086291,-10.28837095,0 -55.35093094,-10.28826295,0 -55.35102397,-10.28812195,0 -55.35109993,-10.28796895,0 -55.351103,-10.28789895,0 -55.35109394999999,-10.28780295,0 -55.35108698,-10.28771595,0 -55.35106892,-10.28759595,0 -55.35104291,-10.28744095,0 -55.35101002,-10.28731895,0 -55.35098898999999,-10.28722095,0 -55.35097594999999,-10.28712216,0 -55.35088305,-10.28710316,0 -55.35077,-10.28711716,0 -55.35067294,-10.28718516,0 -55.35041802000001,-10.28729916,0 -55.35016401,-10.28737416,0 -55.34998492,-10.28741716,0 -55.34971194,-10.28749216,0 -55.34932165,-10.2876073,0 -55.34912154,-10.2876583,0 -55.34897556,-10.2876973,0 -55.3487436,-10.2877573,0 -55.34849762999999,-10.2878223,0 -55.34827895000001,-10.28788011,0 -55.34810799,-10.28792111,0 -55.34785202,-10.28799011,0 -55.34760691,-10.28805511,0 -55.34739804,-10.28809111,0 -55.347075,-10.28819311,0 -55.34681814,-10.28826806,0 -55.34656819,-10.28833006,0 -55.34635118000001,-10.28839507,0 -55.3460972,-10.28846506,0 -55.34601285999999,-10.28850025,0 -55.34594586,-10.28854725,0 -55.34586886,-10.28859725,0 -55.34578385,-10.2886222,0 -55.34558384999999,-10.2886802,0 -55.34523279999999,-10.2887652,0 -55.34485377,-10.2888542,0 -55.34462079000001,-10.2889162,0 -55.34444180999999,-10.2889652,0 -55.34402473,-10.2890732,0 -55.34369980999999,-10.2891522,0 -55.34344184,-10.28922116,0 -55.34327973,-10.28926116,0 -55.34305378,-10.28931816,0 -55.3427488,-10.28940216,0 -55.34258082,-10.28944716,0 -55.34240783,-10.28949516,0 -55.34221873,-10.28954216,0 -55.34202176,-10.2895932,0 -55.3417688,-10.2896592,0 -55.34153984,-10.2897172,0 -55.34131985,-10.2897792,0 -55.34117685,-10.2898202,0 -55.34097375,-10.2898702,0 -55.34081877000001,-10.2899112,0 -55.34066079,-10.2899522,0 -55.34046583,-10.2900012,0 -55.34030186,-10.2900422,0 -55.34014983,-10.2900652,0 -55.34002773,-10.2900932,0 -55.33985676,-10.29016306,0 -55.33962296,-10.29021916,0 -55.33935395,-10.29032716,0 -55.33926592000001,-10.29038516,0 -55.33921983,-10.29047034,0 -55.33915682,-10.29059834,0 -55.33907959,-10.29074679,0 -55.33907319,-10.29074447,0 -55.33915297,-10.2905993,0 -55.33921597,-10.2904713,0 -55.33926593000001,-10.2903823,0 -55.33935396,-10.2903243,0 -55.33962298,-10.2902163,0 -55.33985292999999,-10.2901583,0 -55.34002403,-10.2900913,0 -55.34014599,-10.2900633,0 -55.34029802,-10.2900403,0 -55.34046199,-10.2899993,0 -55.34065695,-10.2899503,0 -55.34081493000001,-10.2899093,0 -55.34097005,-10.2898683,0 -55.34117301,-10.2898183,0 -55.341316,-10.2897773,0 -55.341536,-10.2897153,0 -55.34176495000001,-10.2896573,0 -55.34201792,-10.2895913,0 -55.34221503000001,-10.2895393,0 -55.34240399,-10.2894923,0 -55.34257698,-10.2894443,0 -55.34274496,-10.2893993,0 -55.34304994,-10.2893153,0 -55.34327604,-10.2892583,0 -55.34343800000001,-10.2892183,0 -55.34369596999999,-10.2891503,0 -55.34402103,-10.2890713,0 -55.34443796999999,-10.2889633,0 -55.34461695000001,-10.2889143,0 -55.34484992,-10.2888523,0 -55.34522895999999,-10.2887633,0 -55.34558000999999,-10.2886783,0 -55.34578001,-10.2886203,0 -55.34586501,-10.2885963,0 -55.34594201,-10.2885463,0 -55.34600901,-10.2884993,0 -55.34610093,-10.2884603,0 -55.34635491,-10.2883903,0 -55.34657193,-10.2883253,0 -55.34682201,-10.2882633,0 -55.34707502,-10.2881893,0 -55.34739792,-10.2880873,0 -55.34760693,-10.2880513,0 -55.34785204000001,-10.2879863,0 -55.34810801,-10.2879173,0 -55.34827897000001,-10.2878763,0 -55.34848992999999,-10.2878223,0 -55.34873603999999,-10.2877573,0 -55.348968,-10.2876973,0 -55.34911398,-10.2876583,0 -55.34931394,-10.2876073,0 -55.34971195,-10.2874893,0 -55.34998493,-10.2874143,0 -55.35016403,-10.2873713,0 -55.35041803000001,-10.2872963,0 -55.35067295,-10.2871823,0 -55.35077002,-10.2871143,0 -55.35088292,-10.2871003,0 -55.35097595999999,-10.2871193,0 -55.35097797,-10.28709095,0 -55.35098704,-10.28696495,0 -55.35102791,-10.28684095,0 -55.35106102,-10.28675395,0 -55.35122799,-10.28643695,0 -55.351351,-10.28623295,0 -55.35140397,-10.28611495,0 -55.35143695,-10.28602495,0 -55.35145496,-10.28593595,0 -55.35143451,-10.28580925,0 -55.35139489000001,-10.2856916,0 -55.35131289,-10.2855516,0 -55.35119901,-10.2853976,0 -55.35104092,-10.2851846,0 -55.35098202,-10.2851006,0 -55.35092,-10.2850126,0 -55.35081093,-10.2849206,0 -55.35075499,-10.2848976,0 -55.35063796999999,-10.2848266,0 -55.35059897,-10.2847836,0 -55.35052589999999,-10.2846806,0 -55.3503699,-10.2844786,0 -55.35033196,-10.2844226,0 -55.35026591,-10.28431557,0 -55.35017191000001,-10.28414957,0 -55.35006789,-10.28399257,0 -55.35002797999999,-10.28393257,0 -55.34997999,-10.28386157,0 -55.34991893000001,-10.28375457,0 -55.34985898,-10.28365157,0 -55.34981799,-10.28358057,0 -55.34976802,-10.28350657,0 -55.34970794,-10.28345657,0 -55.34964292,-10.28342557,0 -55.34956295,-10.28341557,0 -55.34950189,-10.28341657,0 -55.34943897,-10.28342057,0 -55.3493799,-10.28342257,0 -55.34932098,-10.28342557,0 -55.34921398,-10.28342857,0 -55.34916800999999,-10.28343757,0 -55.34924501,-10.28371557,0 -55.34930293,-10.28382557,0 -55.34935101,-10.28390457,0 -55.34940902999999,-10.28399457,0 -55.34947992,-10.28413257,0 -55.34962298,-10.2843806,0 -55.34978597,-10.2846646,0 -55.35006501,-10.2851506,0 -55.35015699,-10.2853206,0 -55.35021999,-10.2854386,0 -55.35035903,-10.2856936,0 -55.35039599,-10.2857726,0 -55.35041397,-10.2858266,0 -55.35037605,-10.28584896,0 -55.35030701,-10.2857406,0 -55.35025292,-10.2856626,0 -55.35016096,-10.2854906,0 -55.35008898000001,-10.2853706,0 -55.34997391,-10.2851696,0 -55.34991392,-10.2850756,0 -55.34985101,-10.2849676,0 -55.34977694,-10.2848376,0 -55.349717,-10.2847326,0 -55.34965396,-10.2846216,0 -55.34958002,-10.2844956,0 -55.34952903,-10.2843986,0 -55.34949089,-10.28432557,0 -55.34943192,-10.28422857,0 -55.34936689000001,-10.28411557,0 -55.34930388999999,-10.28399657,0 -55.34923191999999,-10.28387557,0 -55.3491872,-10.28377881,0 -55.34914633,-10.28365712,0 -55.34912173,-10.28355972,0 -55.34908886,-10.28346241,0 -55.34895801,-10.28344457,0 -55.34888595,-10.28344957,0 -55.34880492,-10.28345157,0 -55.34875499,-10.28345157,0 -55.34871402,-10.28345957,0 -55.34874289999999,-10.28355557,0 -55.34884002,-10.28380557,0 -55.34899002000001,-10.28414657,0 -55.34904294,-10.28425557,0 -55.34920394,-10.2845926,0 -55.34924494,-10.2846906,0 -55.34929001,-10.2847746,0 -55.34933296999999,-10.2848516,0 -55.34940292000001,-10.2849776,0 -55.34951202,-10.2851466,0 -55.34956297,-10.2852506,0 -55.34959801,-10.2853156,0 -55.34966291,-10.2854256,0 -55.34970491000001,-10.2854956,0 -55.34976198,-10.2856036,0 -55.34977902,-10.2856446,0 -55.3497819,-10.2856666,0 -55.34973896,-10.2856966,0 -55.34961797,-10.2855376,0 -55.34953698000001,-10.2853936,0 -55.3494919,-10.2853126,0 -55.34928601999999,-10.2849656,0 -55.3492249,-10.2848426,0 -55.34914089,-10.2846756,0 -55.34907998,-10.2845396,0 -55.34903199,-10.2844426,0 -55.34900000999999,-10.2843656,0 -55.34894293,-10.28425957,0 -55.34890795,-10.28418457,0 -55.34887793000001,-10.28411457,0 -55.34884697,-10.28403257,0 -55.34881991,-10.28394257,0 -55.34878803,-10.28387457,0 -55.34875701,-10.28380557,0 -55.34872501,-10.28373157,0 -55.34867491,-10.28362857,0 -55.34862001,-10.28351557,0 -55.34856003,-10.28344757,0 -55.34848298,-10.28345257,0 -55.34839293,-10.28346057,0 -55.34825696,-10.28346657,0 -55.34815295,-10.28347257,0 -55.34819996,-10.28362057,0 -55.34824194,-10.28369557,0 -55.34829089,-10.28379957,0 -55.34832893,-10.28389057,0 -55.34838302,-10.28399557,0 -55.34844797,-10.28412257,0 -55.34858094000001,-10.2843636,0 -55.34862596,-10.2844566,0 -55.34869896000001,-10.2845996,0 -55.34875099000001,-10.2847156,0 -55.34878597,-10.2847916,0 -55.34883497,-10.2848876,0 -55.34891594,-10.2850616,0 -55.348985,-10.2852226,0 -55.34909989999999,-10.2854556,0 -55.34914789,-10.2855526,0 -55.34917794,-10.2856156,0 -55.349208,-10.2857056,0 -55.34915154,-10.28572784,0 -55.34910199,-10.2856296,0 -55.34905099,-10.2855346,0 -55.34899295,-10.2854216,0 -55.34893401,-10.2853166,0 -55.34889689999999,-10.2852386,0 -55.34885500999999,-10.2851476,0 -55.34881193,-10.2850666,0 -55.34876901,-10.2849816,0 -55.34869996,-10.2848186,0 -55.34859894,-10.2846046,0 -55.34856196,-10.2845296,0 -55.34852602,-10.2844476,0 -55.34848,-10.2843536,0 -55.34843691,-10.2842736,0 -55.34839401,-10.28418557,0 -55.34834795,-10.28410157,0 -55.34830189,-10.28401557,0 -55.34824897,-10.28390657,0 -55.34820989,-10.28382257,0 -55.34816497,-10.28373957,0 -55.34811794,-10.28364857,0 -55.34811225,-10.2835634,0 -55.34806471,-10.28343469,0 -55.34813877,-10.28342772,0 -55.34829026,-10.28342772,0 -55.34840312,-10.28342075,0 -55.34852701,-10.28340557,0 -55.34859594,-10.28339957,0 -55.34864616,-10.28339635,0 -55.34873502,-10.28339757,0 -55.34879394,-10.28339557,0 -55.34885399,-10.28339657,0 -55.34891789,-10.28339557,0 -55.34897996,-10.28339157,0 -55.349051,-10.28339057,0 -55.34911391999999,-10.28338857,0 -55.34918995,-10.28338657,0 -55.34926898,-10.28338657,0 -55.34934501,-10.28338557,0 -55.34943003,-10.28338357,0 -55.34949596,-10.28337857,0 -55.34957500000001,-10.28337357,0 -55.34961895999999,-10.28336957,0 -55.34965691,-10.28328557,0 -55.34966895000001,-10.28324557,0 -55.34966212,-10.28318892,0 -55.34956893,-10.28305957,0 -55.34951996,-10.28298657,0 -55.34948694999999,-10.28294357,0 -55.34945398999999,-10.28289057,0 -55.34941689,-10.28283757,0 -55.34937494,-10.28278657,0 -55.34933894,-10.28274057,0 -55.34926496000001,-10.28264857,0 -55.3492139,-10.28259257,0 -55.34917096,-10.28253957,0 -55.34909197000001,-10.28242457,0 -55.34905393,-10.28236057,0 -55.34901701,-10.28230157,0 -55.34896302,-10.28223157,0 -55.3489169,-10.28215957,0 -55.34886893,-10.28208557,0 -55.3488279,-10.28202057,0 -55.34878202,-10.28195557,0 -55.34874090000001,-10.28188157,0 -55.34870295,-10.28180057,0 -55.34865501,-10.28166557,0 -55.34862591,-10.28158457,0 -55.34858497,-10.28147557,0 -55.34855391000001,-10.28141257,0 -55.34853501,-10.28134557,0 -55.34849795,-10.28125757,0 -55.34846697,-10.28118057,0 -55.34842896,-10.28108257,0 -55.34839599,-10.28100557,0 -55.348338,-10.28093757,0 -55.34825996,-10.28088557,0 -55.34818595,-10.28085457,0 -55.34812202,-10.28083257,0 -55.34804798,-10.28083557,0 -55.34796896,-10.28083557,0 -55.34787796,-10.28086157,0 -55.347787,-10.28088157,0 -55.34767002,-10.28091257,0 -55.34756499,-10.28094757,0 -55.34745698,-10.28098257,0 -55.34735395,-10.28104657,0 -55.3472919,-10.28110157,0 -55.34728089,-10.28113357,0 -55.34727098,-10.28122957,0 -55.3472799,-10.28129657,0 -55.34729801000001,-10.28135157,0 -55.34732201000001,-10.28140057,0 -55.34733895999999,-10.28146057,0 -55.34738095,-10.28155857,0 -55.34743492999999,-10.28171157,0 -55.34745701,-10.28177257,0 -55.3474869,-10.28183857,0 -55.34752901,-10.28194257,0 -55.34755699,-10.28199257,0 -55.34757594,-10.28205257,0 -55.34759991,-10.28210657,0 -55.34764391,-10.28217457,0 -55.34767792,-10.28224557,0 -55.34772598999999,-10.28229957,0 -55.3477619,-10.28236157,0 -55.34779799,-10.28241557,0 -55.34783595,-10.28246757,0 -55.34787296,-10.28251057,0 -55.34792101000001,-10.28256857,0 -55.34797502,-10.28263357,0 -55.34801897,-10.28268457,0 -55.34806296,-10.28272757,0 -55.34811192,-10.28277657,0 -55.34815491999999,-10.28281957,0 -55.34820799,-10.28287157,0 -55.34825401,-10.28290857,0 -55.34838292999999,-10.28302457,0 -55.34842093,-10.28306857,0 -55.34846793999999,-10.28310757,0 -55.3485179,-10.28315557,0 -55.34855794,-10.28319057,0 -55.34864689999999,-10.28319857,0 -55.34880299,-10.28319157,0 -55.348901,-10.28318757,0 -55.34900298,-10.28318857,0 -55.34926389,-10.28318457,0 -55.34939798,-10.28318257,0 -55.34949497,-10.28318457,0 -55.34963047,-10.28318548,0 -55.34963393,-10.28323408,0 -55.34914198,-10.28323157,0 -55.34889091,-10.28323557,0 -55.34874498999999,-10.28323557,0 -55.34850802999999,-10.28324257,0 -55.34819091999999,-10.28324757,0 -55.34796897,-10.28324757,0 -55.34775501,-10.28324757,0 -55.34760396,-10.28324757,0 -55.34737102999999,-10.28324757,0 -55.34721797,-10.28324857,0 -55.34702299000001,-10.28324657,0 -55.34678694999999,-10.28324257,0 -55.346501,-10.28323457,0 -55.34613497,-10.28321057,0 -55.34593994,-10.28319057,0 -55.34575403,-10.28317357,0 -55.34545989,-10.28314857,0 -55.34526099,-10.28313357,0 -55.34492798,-10.28309757,0 -55.344717,-10.28307357,0 -55.344582,-10.28305657,0 -55.3444919,-10.28304757,0 -55.34439697,-10.28303457,0 -55.34414835,-10.28303629,0 -55.34395821,-10.28309007,0 -55.3437823,-10.28317897,0 -55.34363925000001,-10.28331368,0 -55.34357223,-10.28325508,0 -55.34385566000001,-10.28308861,0 -55.34405334000001,-10.28301017,0 -55.34422841000001,-10.28299993,0 -55.34471996,-10.28302457,0 -55.34501092,-10.28305657,0 -55.34528093,-10.28308557,0 -55.34556391,-10.28311457,0 -55.34594303000001,-10.28314557,0 -55.34627394000001,-10.28317557,0 -55.34657097,-10.28319157,0 -55.34685091,-10.28320257,0 -55.34725598,-10.28320757,0 -55.34740293,-10.28320257,0 -55.3474369,-10.28319757,0 -55.34751698,-10.28315857,0 -55.34774398,-10.28314657,0 -55.34784598,-10.28314557,0 -55.34792002,-10.28314257,0 -55.34803699,-10.28314157,0 -55.34811388999999,-10.28313757,0 -55.34817792,-10.28314157,0 -55.34825993,-10.28314257,0 -55.34829298,-10.28312257,0 -55.34821597,-10.28303857,0 -55.34818294000001,-10.28299857,0 -55.34813292999999,-10.28293357,0 -55.34807795,-10.28286357,0 -55.34799301000001,-10.28276657,0 -55.34788599000001,-10.28269157,0 -55.34784094,-10.28263357,0 -55.34777491,-10.28257557,0 -55.34771997,-10.28252557,0 -55.34767192,-10.28246657,0 -55.34761997,-10.28238957,0 -55.34757494,-10.28232757,0 -55.34748993,-10.28224357,0 -55.34743189,-10.28218657,0 -55.34734592,-10.28209557,0 -55.34732497,-10.28203757,0 -55.34727393,-10.28203357,0 -55.34723592,-10.28204557,0 -55.34720591,-10.28205657,0 -55.34711695,-10.28207557,0 -55.3470319,-10.28208357,0 -55.34695095,-10.28209657,0 -55.34688498,-10.28211057,0 -55.34682002,-10.28212157,0 -55.34672692000001,-10.28214157,0 -55.34653195,-10.28219257,0 -55.34642798,-10.28221857,0 -55.34622001,-10.28227257,0 -55.34616802999999,-10.28228457,0 -55.34604202000001,-10.28232357,0 -55.3459849,-10.28233557,0 -55.34593698,-10.28233457,0 -55.34590793,-10.28229757,0 -55.34592098,-10.28225757,0 -55.34596201999999,-10.28223757,0 -55.34605289,-10.28220757,0 -55.34616492,-10.28216957,0 -55.34623703,-10.28215457,0 -55.34630902,-10.28213457,0 -55.34641697,-10.28211257,0 -55.34651499000001,-10.28207957,0 -55.34658499,-10.28205957,0 -55.34665389,-10.28203157,0 -55.34673488999999,-10.28200757,0 -55.34681701000001,-10.28198757,0 -55.34689096,-10.28197557,0 -55.347066,-10.28194357,0 -55.34718889,-10.28190157,0 -55.34725603,-10.28185557,0 -55.34729098,-10.28182657,0 -55.34732000000001,-10.28178757,0 -55.34732293,-10.28174357,0 -55.34731696999999,-10.28168457,0 -55.34730097,-10.28163257,0 -55.34726396,-10.28156457,0 -55.34721192,-10.28153157,0 -55.34715493,-10.28151957,0 -55.34704697,-10.28154457,0 -55.34700198,-10.28155557,0 -55.34693898,-10.28157357,0 -55.34688597000001,-10.28159157,0 -55.346805,-10.28160957,0 -55.34670103000001,-10.28163457,0 -55.34663103,-10.28165557,0 -55.34640095,-10.28170957,0 -55.34625698,-10.28174657,0 -55.34609,-10.28179257,0 -55.34582201999999,-10.28186757,0 -55.3456349,-10.28191757,0 -55.34539295,-10.28200757,0 -55.34532193,-10.28203257,0 -55.34517401000001,-10.28208657,0 -55.34504299,-10.28213057,0 -55.3448379,-10.28220757,0 -55.344521,-10.28233557,0 -55.34441503,-10.28238957,0 -55.34433192,-10.28243357,0 -55.34423997,-10.28247857,0 -55.34399396,-10.28260857,0 -55.34384098999999,-10.28270257,0 -55.34364297,-10.28284557,0 -55.34351896,-10.28293957,0 -55.34343889000001,-10.28300257,0 -55.34335196,-10.28307057,0 -55.34324695,-10.28315757,0 -55.34316301,-10.28322557,0 -55.34309297,-10.28328057,0 -55.34301291,-10.28334357,0 -55.34296697,-10.28337257,0 -55.34290999,-10.28341257,0 -55.34285001000001,-10.28345457,0 -55.34278891,-10.28349157,0 -55.34268998999999,-10.28355957,0 -55.34254301,-10.28365257,0 -55.34245097,-10.28371557,0 -55.34240801,-10.28374657,0 -55.34237501,-10.28378357,0 -55.34232578,-10.28381611,0 -55.3422594,-10.28379854,0 -55.34233664,-10.28372944,0 -55.34251203000001,-10.28357734,0 -55.34263825,-10.28349785,0 -55.34275402,-10.28342523,0 -55.34282427,-10.28338372,0 -55.34292639,-10.28330402,0 -55.34307441999999,-10.28319999,0 -55.34314858,-10.28314793,0 -55.34321227,-10.28310631,0 -55.3433041,-10.28303006,0 -55.34337817,-10.28296772,0 -55.34344177,-10.28291582,0 -55.34351586,-10.28285017,0 -55.34359688,-10.28279496,0 -55.3436462,-10.28274669,0 -55.34371299,-10.28271222,0 -55.3437586,-10.28269155,0 -55.34381122,-10.28266745,0 -55.343892,-10.28260206,0 -55.34399102,-10.28254186,0 -55.34405026,-10.28250743,0 -55.34412008,-10.28246609,0 -55.34417947,-10.28242818,0 -55.34429469000001,-10.28237995,0 -55.34435419,-10.28234891,0 -55.34443808,-10.28231787,0 -55.34447654,-10.28230061,0 -55.3445184,-10.2822868,0 -55.34460097,-10.28223659,0 -55.34464629,-10.28221592,0 -55.34469877,-10.28219179,0 -55.34478245999999,-10.28217119,0 -55.34484891,-10.28214705,0 -55.34490551999999,-10.28212276,0 -55.34495851,-10.28210887,0 -55.34499384999999,-10.28208808,0 -55.34507117,-10.28206041,0 -55.3451445,-10.28202937,0 -55.34520369999999,-10.2820018,0 -55.34527339,-10.28198459,0 -55.34536085,-10.2819535,0 -55.34543449,-10.28191888,0 -55.34553963,-10.28188772,0 -55.34560996,-10.28185998,0 -55.34564854,-10.2818461,0 -55.3457154,-10.28182527,0 -55.34582832000001,-10.28178012,0 -55.34591899,-10.28176259,0 -55.34620008,-10.28169011,0 -55.34638975,-10.28164187,0 -55.34645678,-10.28161753,0 -55.34656632,-10.28158976,0 -55.34676773,-10.28153416,0 -55.34681728,-10.28152374,0 -55.34688794,-10.28151335,0 -55.34694459,-10.28148198,0 -55.34700137,-10.28142619,0 -55.34702965,-10.28139134,0 -55.34704051000001,-10.28133208,0 -55.34704761,-10.28128329,0 -55.34704427,-10.28121363,0 -55.34701988,-10.28115795,0 -55.34698823000001,-10.28109885,0 -55.34685902,-10.28109657,0 -55.34679699,-10.28109257,0 -55.34674091000001,-10.28109657,0 -55.34667293,-10.28111257,0 -55.34661996,-10.28112257,0 -55.34656595,-10.28114057,0 -55.34650894,-10.28116057,0 -55.34645593,-10.28117757,0 -55.34638593,-10.28119857,0 -55.34628893,-10.28122657,0 -55.346232,-10.28125657,0 -55.34612601,-10.28131457,0 -55.34606202,-10.28133157,0 -55.3459989,-10.28134457,0 -55.34594591,-10.28135857,0 -55.34580189,-10.28140457,0 -55.34570489999999,-10.28143257,0 -55.34550995,-10.28147857,0 -55.34544594999999,-10.28149857,0 -55.34537791,-10.28152557,0 -55.34530602000001,-10.28155257,0 -55.3452439,-10.28156657,0 -55.34517889,-10.28158857,0 -55.34512202,-10.28160757,0 -55.34502797999999,-10.28164357,0 -55.34495696,-10.28166857,0 -55.3448839,-10.28170057,0 -55.34480796,-10.28173857,0 -55.34472792,-10.28177057,0 -55.34467591,-10.28178757,0 -55.34463103,-10.28180557,0 -55.34455799,-10.28183457,0 -55.34450096,-10.28185657,0 -55.3444119,-10.28189457,0 -55.34432195,-10.28193857,0 -55.34425900999999,-10.28197257,0 -55.34418093,-10.28201157,0 -55.34410702,-10.28204257,0 -55.34405795,-10.28207057,0 -55.34398599,-10.28211157,0 -55.34388001000001,-10.28216657,0 -55.34377703,-10.28222057,0 -55.34366897,-10.28229157,0 -55.3436,-10.28233357,0 -55.34352898000001,-10.28238557,0 -55.34344895,-10.28244157,0 -55.34336695,-10.28249357,0 -55.343272,-10.28256657,0 -55.34320092,-10.28262957,0 -55.34308801,-10.28272657,0 -55.34303101,-10.28277157,0 -55.34296192,-10.28283557,0 -55.34290401,-10.28289057,0 -55.34285189,-10.28292857,0 -55.34279293000001,-10.28296557,0 -55.34272497,-10.28300557,0 -55.34265695,-10.28305757,0 -55.34258503,-10.28311757,0 -55.34251796,-10.28317857,0 -55.34245689,-10.28323657,0 -55.34239294,-10.28330057,0 -55.34232096,-10.28337257,0 -55.3422689,-10.28342657,0 -55.34221289999999,-10.28349657,0 -55.34215790999999,-10.28356657,0 -55.34211294,-10.28362757,0 -55.34203790000001,-10.28376657,0 -55.34204101,-10.2838276,0 -55.34204697,-10.2838876,0 -55.34207794,-10.2839116,0 -55.34210096000001,-10.2839006,0 -55.34214696999999,-10.2839406,0 -55.34210697,-10.2839806,0 -55.34214499,-10.2840466,0 -55.34218792,-10.2841016,0 -55.34224098,-10.2841306,0 -55.34229301,-10.2841366,0 -55.34234196000001,-10.2841326,0 -55.34238997,-10.2841156,0 -55.34243791,-10.2840866,0 -55.34248701999999,-10.2840496,0 -55.34258497,-10.2839776,0 -55.34262693,-10.2839446,0 -55.34267789,-10.2839096,0 -55.34274389000001,-10.2838626,0 -55.34279800000001,-10.28382557,0 -55.342853,-10.28378357,0 -55.342916,-10.28373757,0 -55.34315095,-10.28359657,0 -55.34336993000001,-10.28342557,0 -55.34350502,-10.28331457,0 -55.34356791,-10.28326257,0 -55.34362879,-10.28332247,0 -55.34361491,-10.28333057,0 -55.34355099,-10.28338857,0 -55.34342495,-10.28348857,0 -55.34332397,-10.28356857,0 -55.34320793,-10.28366557,0 -55.34312189,-10.28372457,0 -55.34305991,-10.28376657,0 -55.34295794,-10.28384557,0 -55.34285801999999,-10.2839146,0 -55.34270595,-10.2840266,0 -55.34263992,-10.2840796,0 -55.34257588999999,-10.2841316,0 -55.34249989,-10.2841806,0 -55.34244293,-10.2842166,0 -55.34240294,-10.2843356,0 -55.34241499,-10.2843786,0 -55.342443,-10.2844226,0 -55.34246102,-10.2844676,0 -55.34247801,-10.2845196,0 -55.34250196,-10.2845776,0 -55.34252391,-10.2846346,0 -55.34256899999999,-10.2846876,0 -55.34262001,-10.2847516,0 -55.34267,-10.2847666,0 -55.34275999,-10.2847686,0 -55.34283401,-10.2847706,0 -55.34289395,-10.2847656,0 -55.34301893,-10.2847596,0 -55.34308190000001,-10.2847466,0 -55.34315901,-10.2847316,0 -55.34323996999999,-10.2847156,0 -55.34330695,-10.2846996,0 -55.34339695000001,-10.2846736,0 -55.34345696999999,-10.2846526,0 -55.34354997999999,-10.2846226,0 -55.34359397,-10.2846106,0 -55.34364795,-10.2845996,0 -55.34370996000001,-10.2845786,0 -55.34376096,-10.2845656,0 -55.34383096000001,-10.2845436,0 -55.34392295,-10.2845186,0 -55.34401894,-10.2844926,0 -55.34408091,-10.2844816,0 -55.34416496,-10.2844746,0 -55.34428393999999,-10.2844706,0 -55.34440289,-10.2844726,0 -55.34448190999999,-10.2844736,0 -55.34455591999999,-10.2844776,0 -55.34464801,-10.2844876,0 -55.34474996,-10.2844946,0 -55.34484494000001,-10.2844986,0 -55.34496891,-10.2844946,0 -55.34506194000001,-10.2844886,0 -55.34518695,-10.2844786,0 -55.34525190000001,-10.2844696,0 -55.34531899,-10.2844596,0 -55.34538094,-10.2844516,0 -55.34545801,-10.2844416,0 -55.34554591,-10.2844346,0 -55.34562199,-10.2844246,0 -55.34574702,-10.2844106,0 -55.34581095,-10.2844046,0 -55.345902,-10.2843956,0 -55.34599891000001,-10.2843846,0 -55.34606298,-10.2843806,0 -55.34614990999999,-10.2843686,0 -55.34630001999999,-10.2843576,0 -55.34648297,-10.2843406,0 -55.346587,-10.2843326,0 -55.34665191,-10.2843316,0 -55.34676892,-10.2843216,0 -55.34685296000001,-10.2843166,0 -55.34686291,-10.2843506,0 -55.34681795,-10.2843566,0 -55.34671492,-10.2843646,0 -55.34664599999999,-10.2843706,0 -55.34655693,-10.2843816,0 -55.346491,-10.2843886,0 -55.34641892,-10.2843966,0 -55.3463249,-10.2844016,0 -55.34620601999999,-10.2844126,0 -55.34612994999999,-10.2844206,0 -55.34604590000001,-10.2844276,0 -55.34595998,-10.2844376,0 -55.34586793,-10.2844476,0 -55.34570294,-10.2844656,0 -55.34562602,-10.2844736,0 -55.34545192,-10.2844886,0 -55.34533101000001,-10.2845066,0 -55.34524895,-10.2845146,0 -55.34512094,-10.2845266,0 -55.34503702,-10.2845356,0 -55.34496696,-10.2845406,0 -55.34487894,-10.2845436,0 -55.34476598,-10.2845406,0 -55.34470294,-10.2845386,0 -55.34462293,-10.2845366,0 -55.34451599,-10.2845306,0 -55.34439593,-10.2845216,0 -55.34434203,-10.2845186,0 -55.34427998,-10.2845186,0 -55.34422392,-10.2845196,0 -55.34416098,-10.2845256,0 -55.34399197,-10.2845496,0 -55.34392499,-10.2845656,0 -55.34386,-10.2845836,0 -55.34380898000001,-10.2846016,0 -55.34376095,-10.2846206,0 -55.34370198,-10.2846336,0 -55.34363698,-10.2846526,0 -55.34357498999999,-10.2846676,0 -55.343521,-10.2846826,0 -55.34347298,-10.2846996,0 -55.34331001,-10.2847426,0 -55.34324602,-10.2847576,0 -55.34317991,-10.2847716,0 -55.34312593,-10.2847836,0 -55.34295303,-10.2848156,0 -55.34288697,-10.2848186,0 -55.34279493999999,-10.2848226,0 -55.34271592,-10.2848226,0 -55.34264499,-10.2848306,0 -55.34256094,-10.2848366,0 -55.34254998,-10.2848876,0 -55.34251597,-10.2849546,0 -55.34249596000001,-10.2850166,0 -55.34247398000001,-10.2851006,0 -55.34246098,-10.2851586,0 -55.34243793,-10.2852306,0 -55.34242701000001,-10.2852726,0 -55.34242191000001,-10.2853486,0 -55.34242190000001,-10.2854046,0 -55.34240699,-10.2854746,0 -55.34239690999999,-10.2855476,0 -55.34238796999999,-10.2856206,0 -55.34241492,-10.2856766,0 -55.34244597999999,-10.2857096,0 -55.34249892,-10.2857346,0 -55.34257493,-10.2857366,0 -55.34264896,-10.2857376,0 -55.34272399000001,-10.2857376,0 -55.34279301,-10.2857396,0 -55.34286791,-10.2857386,0 -55.34293596,-10.2857356,0 -55.34303798,-10.2857296,0 -55.34317101999999,-10.2857106,0 -55.34325202,-10.2856876,0 -55.34332402,-10.2856656,0 -55.34340603,-10.2856406,0 -55.343472,-10.2856256,0 -55.34355399,-10.2856036,0 -55.34365698,-10.2855756,0 -55.34373698,-10.2855526,0 -55.34381197,-10.2855326,0 -55.34389400000001,-10.2855036,0 -55.34398194999999,-10.2854866,0 -55.34403794,-10.2854736,0 -55.3441049,-10.2854616,0 -55.34416396000001,-10.2854586,0 -55.34427003,-10.2854426,0 -55.34433695,-10.2854376,0 -55.34440701999999,-10.2854326,0 -55.34446295000001,-10.2854286,0 -55.34457795,-10.2854226,0 -55.34463601,-10.2854216,0 -55.34470602999999,-10.2854256,0 -55.3447719,-10.2854296,0 -55.34484191999999,-10.2854336,0 -55.34490796000001,-10.2854346,0 -55.34507396,-10.2854406,0 -55.34516997,-10.2854386,0 -55.34530898,-10.2854236,0 -55.34543999,-10.2854106,0 -55.34553593,-10.2853926,0 -55.34561601999999,-10.2853796,0 -55.34575203,-10.2853666,0 -55.34592696000001,-10.2853546,0 -55.34627101,-10.2853276,0 -55.3463879,-10.2853156,0 -55.34647598999999,-10.2852986,0 -55.34655890999999,-10.2852896,0 -55.34665093,-10.2852866,0 -55.34668602,-10.2852866,0 -55.3466399,-10.2853236,0 -55.34659989,-10.2853366,0 -55.34652897000001,-10.2853426,0 -55.34648201000001,-10.2853486,0 -55.34641193,-10.2853576,0 -55.34636697,-10.2853616,0 -55.34631302,-10.2853686,0 -55.34623495,-10.2853766,0 -55.34616902,-10.2853826,0 -55.34610595000001,-10.2853876,0 -55.34590002,-10.2854076,0 -55.34583894999999,-10.2854096,0 -55.34574591000001,-10.2854176,0 -55.34568297,-10.2854246,0 -55.34563288999999,-10.2854266,0 -55.34553895,-10.2854436,0 -55.34546601,-10.2854536,0 -55.34540391,-10.2854626,0 -55.34532998,-10.2854716,0 -55.34526689,-10.2854786,0 -55.34519498,-10.2854826,0 -55.34512193999999,-10.2854856,0 -55.34496789,-10.2854846,0 -55.34488789,-10.2854806,0 -55.34483699,-10.2854766,0 -55.34478093,-10.2854766,0 -55.34468695,-10.2854726,0 -55.34462803,-10.2854756,0 -55.34450092,-10.2854776,0 -55.34444101,-10.2854786,0 -55.34436496,-10.2854826,0 -55.34429091,-10.2854876,0 -55.344193,-10.2854986,0 -55.34413492,-10.2855026,0 -55.34407295,-10.2855146,0 -55.34401099,-10.2855266,0 -55.34394197,-10.2855496,0 -55.34387101,-10.2855636,0 -55.34377802,-10.2855876,0 -55.34370503,-10.2856076,0 -55.34360891000001,-10.2856316,0 -55.34351393,-10.2856556,0 -55.34345191999999,-10.2856746,0 -55.34334394,-10.2857026,0 -55.34328195,-10.2857196,0 -55.34324695,-10.2857286,0 -55.34315798000001,-10.2857496,0 -55.34308502,-10.2857636,0 -55.34301493,-10.2857726,0 -55.34291491,-10.2857796,0 -55.34283898,-10.2857866,0 -55.34279,-10.2857986,0 -55.34269695,-10.2858076,0 -55.3426319,-10.2858086,0 -55.342578,-10.2858056,0 -55.34250097,-10.2858056,0 -55.34245089,-10.2858086,0 -55.34238492,-10.2858226,0 -55.34233591,-10.2858386,0 -55.34228595,-10.2858716,0 -55.34224898,-10.2859056,0 -55.34220895,-10.2859496,0 -55.3421879,-10.2859916,0 -55.34216797,-10.2860386,0 -55.34213802999999,-10.2861196,0 -55.34209692,-10.2862066,0 -55.34206901999999,-10.2862766,0 -55.34204899,-10.2863166,0 -55.34202792,-10.2863626,0 -55.34200293,-10.2864516,0 -55.34199994,-10.2865036,0 -55.34200397999999,-10.2865506,0 -55.34206368,-10.28664505,0 -55.34212627,-10.28665041,0 -55.34224583,-10.28664509,0 -55.34229761,-10.28664513,0 -55.34235212,-10.28663983,0 -55.34239292,-10.28663986,0 -55.34243644,-10.28663723,0 -55.34250165000001,-10.28663197,0 -55.34256142,-10.28663202,0 -55.34263093,-10.2866236,0 -55.34269199,-10.2866216,0 -55.34275192,-10.2866166,0 -55.34281799,-10.2866126,0 -55.34289791,-10.2866046,0 -55.342962,-10.2865946,0 -55.34302895,-10.2865856,0 -55.34309391,-10.2865746,0 -55.34314599999999,-10.2865686,0 -55.34319997,-10.2865596,0 -55.34328092,-10.2865456,0 -55.34335002000001,-10.2865326,0 -55.34341999,-10.2865186,0 -55.34349196,-10.2865036,0 -55.3435929,-10.2864866,0 -55.34372192,-10.2864726,0 -55.34379497,-10.2864676,0 -55.34388702,-10.2864586,0 -55.34397597,-10.2864426,0 -55.34417796,-10.2864136,0 -55.34425001,-10.2864096,0 -55.3443469,-10.2864036,0 -55.34444303000001,-10.2864046,0 -55.34455896000001,-10.2864116,0 -55.34466090999999,-10.2864186,0 -55.34471698,-10.2864166,0 -55.34480101,-10.2864146,0 -55.34492401000001,-10.2864056,0 -55.3450669,-10.2863856,0 -55.34537102,-10.2863556,0 -55.34542595,-10.2863526,0 -55.34552998,-10.2863446,0 -55.34561003,-10.2863396,0 -55.34566896,-10.2863346,0 -55.34575002999999,-10.2863256,0 -55.34596397,-10.2863026,0 -55.34606203,-10.2862896,0 -55.346115,-10.2862796,0 -55.34617096,-10.2862716,0 -55.34609189999999,-10.2863326,0 -55.34603295,-10.2863406,0 -55.34597302,-10.2863436,0 -55.34590494,-10.2863516,0 -55.34584499000001,-10.2863606,0 -55.34575192,-10.2863726,0 -55.34568998,-10.2863796,0 -55.34561092999999,-10.2863846,0 -55.345543,-10.2863906,0 -55.34545398,-10.2863946,0 -55.34538192,-10.2863996,0 -55.34531599,-10.2864036,0 -55.34521792999999,-10.2864166,0 -55.34515297,-10.2864286,0 -55.34510002,-10.2864336,0 -55.34503595,-10.2864396,0 -55.34490993,-10.2864526,0 -55.34480991000001,-10.2864586,0 -55.34475897,-10.2864606,0 -55.34468893,-10.2864616,0 -55.3446199,-10.2864606,0 -55.34455101,-10.2864586,0 -55.34449697,-10.2864546,0 -55.34439999,-10.2864516,0 -55.34434694,-10.2864506,0 -55.34428902000001,-10.2864516,0 -55.34423894,-10.2864546,0 -55.34418598,-10.2864616,0 -55.3441289,-10.2864656,0 -55.34407295,-10.2864736,0 -55.34399999,-10.2864876,0 -55.3439349,-10.2864946,0 -55.34386495,-10.2865056,0 -55.34380900000001,-10.2865126,0 -55.34370498,-10.2865206,0 -55.34364503,-10.2865276,0 -55.34358494,-10.2865346,0 -55.34352399,-10.2865426,0 -55.34346502,-10.2865546,0 -55.3434099,-10.2865656,0 -55.34334793000001,-10.2865786,0 -55.34328395999999,-10.2865916,0 -55.34319502,-10.2866066,0 -55.34313391,-10.2866176,0 -55.34307196,-10.2866256,0 -55.343011,-10.2866366,0 -55.34288797,-10.2866506,0 -55.34277294,-10.2866626,0 -55.34271301,-10.2866666,0 -55.34264796,-10.2866676,0 -55.34258102,-10.2866746,0 -55.34251397,-10.2866776,0 -55.34246302,-10.2866826,0 -55.34241694,-10.2866836,0 -55.3422569,-10.2866826,0 -55.34218497999999,-10.2866886,0 -55.34212291000001,-10.2866936,0 -55.34206498000001,-10.2866966,0 -55.34199492,-10.2867016,0 -55.34194193,-10.2867136,0 -55.34187099,-10.2867236,0 -55.34179896,-10.2867496,0 -55.34173601,-10.2867586,0 -55.34169898,-10.2867746,0 -55.34166191,-10.2867996,0 -55.34162398,-10.2868236,0 -55.34157297000001,-10.2868416,0 -55.34154297,-10.2868766,0 -55.34151799,-10.2869076,0 -55.34148498,-10.2869466,0 -55.341458,-10.2869776,0 -55.34143195,-10.2870236,0 -55.34141597999999,-10.2870496,0 -55.34140901,-10.2870726,0 -55.34140497999999,-10.2871066,0 -55.34140802000001,-10.2871526,0 -55.34141798,-10.2871846,0 -55.34144688999999,-10.2872476,0 -55.34146495,-10.2873136,0 -55.34148693,-10.2873666,0 -55.34151894,-10.2874086,0 -55.341544,-10.2874446,0 -55.34156794,-10.2874766,0 -55.34159989,-10.2875046,0 -55.34162998999999,-10.2875306,0 -55.34169901,-10.2875626,0 -55.34176699999999,-10.2875716,0 -55.34182090000001,-10.2875746,0 -55.34190192,-10.2875746,0 -55.34196498,-10.2875716,0 -55.34206098,-10.2875726,0 -55.34213502,-10.2875696,0 -55.34223801,-10.2875686,0 -55.34236702,-10.2875576,0 -55.34243791,-10.2875576,0 -55.34254996,-10.2875436,0 -55.34263701,-10.2875356,0 -55.34272403,-10.2875346,0 -55.34281094,-10.2875266,0 -55.34287803,-10.2875166,0 -55.34293597,-10.2875116,0 -55.34299390000001,-10.2875076,0 -55.343055,-10.2874976,0 -55.34311296,-10.2874896,0 -55.34315892,-10.2874836,0 -55.34321401,-10.2874766,0 -55.34327295999999,-10.2874706,0 -55.34333192,-10.2874606,0 -55.34339091,-10.2874456,0 -55.34345001,-10.2874366,0 -55.34350397000001,-10.2874276,0 -55.343622,-10.2874156,0 -55.34380102,-10.2873866,0 -55.34387699999999,-10.2873696,0 -55.343909,-10.2873596,0 -55.344054,-10.2873456,0 -55.34409393,-10.2873456,0 -55.34414001,-10.2873446,0 -55.34418495999999,-10.2873416,0 -55.34423491,-10.2873366,0 -55.34428700000001,-10.2873326,0 -55.34434193999999,-10.2873276,0 -55.34440902,-10.2873196,0 -55.34448191999999,-10.2873186,0 -55.34455298,-10.2873126,0 -55.34464299,-10.2873116,0 -55.34472190000001,-10.2873066,0 -55.34480891999999,-10.2873056,0 -55.34487499000001,-10.2872996,0 -55.34493191,-10.2872986,0 -55.34499096,-10.2872996,0 -55.34503790000001,-10.2872976,0 -55.34508695000001,-10.2872996,0 -55.34517299,-10.2872946,0 -55.34523990999999,-10.2872906,0 -55.34534093,-10.2872846,0 -55.34544994,-10.2872796,0 -55.34552099,-10.2872756,0 -55.34559792,-10.2872676,0 -55.34564790000001,-10.2872566,0 -55.34568997,-10.2872586,0 -55.34572392,-10.2872846,0 -55.34571602,-10.2873236,0 -55.34569389999999,-10.2873516,0 -55.345662,-10.2873696,0 -55.34559991999999,-10.2873766,0 -55.34553400000001,-10.2873806,0 -55.34542099999999,-10.2873856,0 -55.34535993,-10.2873896,0 -55.34522899,-10.2873886,0 -55.34515191,-10.2873976,0 -55.34506801,-10.2874036,0 -55.34497998,-10.2874076,0 -55.34488895,-10.2874126,0 -55.3448079,-10.2874176,0 -55.34474699,-10.2874196,0 -55.34468992,-10.2874216,0 -55.34459989,-10.2874256,0 -55.344519,-10.2874276,0 -55.34444392,-10.2874376,0 -55.34435993,-10.2874336,0 -55.3442689,-10.2874386,0 -55.34421094000001,-10.2874466,0 -55.344125,-10.2874606,0 -55.34404996,-10.2874636,0 -55.34398698,-10.2874766,0 -55.34392503,-10.2874866,0 -55.34388392000001,-10.2874916,0 -55.34383297,-10.2874966,0 -55.34377289,-10.2875016,0 -55.34371793999999,-10.2875086,0 -55.34366396,-10.2875206,0 -55.34360300000001,-10.2875296,0 -55.34354091,-10.2875386,0 -55.34350793,-10.2875436,0 -55.34348493,-10.2875506,0 -55.34334591,-10.2875686,0 -55.34327699,-10.2875726,0 -55.34323089,-10.2875776,0 -55.34318193,-10.2875846,0 -55.34312598,-10.2875916,0 -55.34308102,-10.2875956,0 -55.34302494,-10.2876006,0 -55.342972,-10.2876046,0 -55.34290992,-10.2876096,0 -55.342848,-10.2876136,0 -55.34278592,-10.2876196,0 -55.34270999,-10.2876276,0 -55.34265391,-10.2876316,0 -55.34258899,-10.2876356,0 -55.34252889999999,-10.2876426,0 -55.34244998,-10.2876496,0 -55.34237394,-10.2876536,0 -55.34225198,-10.2876526,0 -55.34217894,-10.2876546,0 -55.34210590999999,-10.2876546,0 -55.34202800999999,-10.2876576,0 -55.34197594,-10.2876586,0 -55.34189190999999,-10.2876616,0 -55.341835,-10.2876606,0 -55.34180391,-10.2876596,0 -55.34173201000001,-10.2876616,0 -55.34165199,-10.2876606,0 -55.3415761,-10.28766245,0 -55.34150163,-10.28761006,0 -55.34139295,-10.28747061,0 -55.341364,-10.28738873,0 -55.34132402,-10.28734113,0 -55.34127053999999,-10.28728552,0 -55.3412036,-10.28723778,0 -55.34112008,-10.28722453,0 -55.34105596999999,-10.2872366,0 -55.34101093,-10.2872316,0 -55.34096200999999,-10.2872296,0 -55.3409209,-10.2872346,0 -55.34085498999999,-10.2872366,0 -55.3407949,-10.2872446,0 -55.34072897,-10.2872506,0 -55.34067591,-10.2872496,0 -55.34059293,-10.2872426,0 -55.34052591999999,-10.2872366,0 -55.340473,-10.2872366,0 -55.34038795,-10.2872176,0 -55.34034397,-10.2871986,0 -55.34029691,-10.2871696,0 -55.34023497,-10.2871216,0 -55.34018992,-10.2870886,0 -55.34015298,-10.2870606,0 -55.34011790000001,-10.2870326,0 -55.34007498999999,-10.2869996,0 -55.34003489000001,-10.2869756,0 -55.33999691000001,-10.2869556,0 -55.3399419,-10.2869186,0 -55.33990098,-10.2868876,0 -55.33985299,-10.2868466,0 -55.33982391,-10.2868156,0 -55.33980738,-10.286785,0 -55.339775,-10.28675843,0 -55.33974796999999,-10.28671586,0 -55.33971573,-10.28668931,0 -55.33965913999999,-10.28662821,0 -55.33960803999999,-10.28658044,0 -55.339575,-10.2865976,0 -55.33952997,-10.2866436,0 -55.33958899,-10.2867306,0 -55.33962497,-10.2867786,0 -55.33967899999999,-10.2868406,0 -55.33972495,-10.2868916,0 -55.33976603,-10.2869456,0 -55.33981792000001,-10.2870066,0 -55.33985801999999,-10.2870566,0 -55.33990793,-10.2871136,0 -55.33993796999999,-10.2871526,0 -55.33997595,-10.2871996,0 -55.34001394,-10.2872446,0 -55.34005390999999,-10.2872936,0 -55.34008394000001,-10.2873346,0 -55.34011696,-10.2873746,0 -55.34016189,-10.2874296,0 -55.34020101,-10.2874786,0 -55.34023797,-10.2875286,0 -55.34027297999999,-10.2875726,0 -55.34032403,-10.2876296,0 -55.34037693,-10.2876886,0 -55.34041789,-10.2877376,0 -55.34045191999999,-10.2877766,0 -55.34049601000001,-10.2878286,0 -55.34052389999999,-10.2878686,0 -55.34056899,-10.2879216,0 -55.34060401,-10.2879616,0 -55.34064693999999,-10.2880176,0 -55.34069498,-10.2880766,0 -55.34073496000001,-10.2881236,0 -55.34078202,-10.2881806,0 -55.34082298,-10.2882306,0 -55.340875,-10.2882946,0 -55.34083795,-10.2883146,0 -55.34076996,-10.2882226,0 -55.34073001,-10.2881716,0 -55.34066890999999,-10.2880986,0 -55.34062994,-10.2880496,0 -55.34058601,-10.2879946,0 -55.34053397,-10.2879346,0 -55.34048295,-10.2878726,0 -55.34040794999999,-10.2877836,0 -55.34036103,-10.2877286,0 -55.34032302,-10.2876866,0 -55.34027793,-10.2876356,0 -55.34023398,-10.2875836,0 -55.3401909,-10.2875296,0 -55.34014796,-10.2874756,0 -55.34010091,-10.2874166,0 -55.34005996,-10.2873656,0 -55.34001898,-10.2873186,0 -55.33997003,-10.2872686,0 -55.33988693,-10.2871746,0 -55.33983492,-10.2871106,0 -55.33978094,-10.2870406,0 -55.33972398,-10.2869676,0 -55.339673,-10.2868966,0 -55.33962096,-10.2868366,0 -55.33957093,-10.2867756,0 -55.33953694,-10.2867286,0 -55.33950902999999,-10.2866926,0 -55.3394519,-10.2867066,0 -55.33940292,-10.2867436,0 -55.33935695,-10.2867796,0 -55.33933603000001,-10.2867976,0 -55.33930193,-10.2868256,0 -55.33925197,-10.2868606,0 -55.33921803,-10.2868866,0 -55.33918095,-10.2869126,0 -55.33916397,-10.2869406,0 -55.339216,-10.2870026,0 -55.33925393999999,-10.2870576,0 -55.33929592,-10.2871026,0 -55.33933192,-10.2871476,0 -55.33936988999999,-10.2871956,0 -55.33939596,-10.2872306,0 -55.33942303,-10.2872636,0 -55.33948394,-10.2873446,0 -55.33950889,-10.2873736,0 -55.33953897,-10.2874056,0 -55.33957594,-10.2874536,0 -55.33960003000001,-10.2874856,0 -55.33962894,-10.2875216,0 -55.33964790000001,-10.2875506,0 -55.33963801,-10.2875866,0 -55.33958096999999,-10.2875296,0 -55.33954994,-10.2874886,0 -55.33951693,-10.2874456,0 -55.33947897,-10.2873956,0 -55.33944099000001,-10.2873476,0 -55.33941591,-10.2873146,0 -55.33938203,-10.2872756,0 -55.33932689,-10.2872086,0 -55.33929898,-10.2871716,0 -55.33927195,-10.2871316,0 -55.33924390000001,-10.2870946,0 -55.33921202999999,-10.2870526,0 -55.3391899,-10.2870276,0 -55.3391539,-10.2869836,0 -55.33912599,-10.2869486,0 -55.33911997,-10.2868986,0 -55.33914691999999,-10.2868726,0 -55.33917899,-10.2868506,0 -55.33921194,-10.2868236,0 -55.33924402,-10.2867986,0 -55.33928397,-10.2867696,0 -55.33931891,-10.2867436,0 -55.33935099,-10.2867196,0 -55.33938194,-10.2866926,0 -55.33941402,-10.2866676,0 -55.33944694000001,-10.2866456,0 -55.33947702,-10.2866216,0 -55.33950795,-10.2865986,0 -55.3395389,-10.2865716,0 -55.33957892000001,-10.2865296,0 -55.33957602,-10.2865116,0 -55.33955499,-10.2864956,0 -55.33953396999999,-10.2864786,0 -55.33946194,-10.2864496,0 -55.33938898000001,-10.2864906,0 -55.33933096000001,-10.2865116,0 -55.33925997000001,-10.2865586,0 -55.33918693,-10.2866136,0 -55.3390549,-10.2867126,0 -55.33874802,-10.2869436,0 -55.33859593,-10.2870586,0 -55.33839501,-10.2872106,0 -55.33821101,-10.2873466,0 -55.33806094,-10.2874576,0 -55.33795496,-10.2875386,0 -55.33775992,-10.2876856,0 -55.33761298,-10.2877986,0 -55.33745503,-10.2879166,0 -55.33733803,-10.2880046,0 -55.33719195,-10.2881166,0 -55.33702598999999,-10.2882386,0 -55.33688092000001,-10.2883486,0 -55.33671997,-10.2884676,0 -55.33649701,-10.2886326,0 -55.33633596,-10.2887706,0 -55.33628898,-10.2888886,0 -55.33629993,-10.2889776,0 -55.33636992,-10.2890416,0 -55.33641691,-10.2890566,0 -55.33645897,-10.2890866,0 -55.33648299,-10.2891316,0 -55.336497,-10.2891786,0 -55.33651092,-10.2892176,0 -55.33653791,-10.2892666,0 -55.33656902,-10.2893176,0 -55.33659296,-10.2893776,0 -55.33662091,-10.2894336,0 -55.33665794,-10.2894986,0 -55.33670788999999,-10.2895746,0 -55.33676195,-10.2896576,0 -55.33681895,-10.2897486,0 -55.33688093000001,-10.2898436,0 -55.33695494000001,-10.2899576,0 -55.33699498,-10.2900206,0 -55.33705298,-10.2901126,0 -55.3370899,-10.2901716,0 -55.33712691,-10.2902406,0 -55.33719397000001,-10.2903466,0 -55.33723189,-10.2903776,0 -55.33730103,-10.2904126,0 -55.33738689,-10.2904416,0 -55.33741601000001,-10.2904376,0 -55.33760902,-10.2903806,0 -55.33776601,-10.2903366,0 -55.33782588999999,-10.2903146,0 -55.33797801,-10.2902756,0 -55.33806397,-10.2902316,0 -55.33815693,-10.2901576,0 -55.33822895,-10.2901066,0 -55.33828391,-10.2900706,0 -55.33833297999999,-10.2900706,0 -55.33840294000001,-10.2901126,0 -55.33851898,-10.2901526,0 -55.33861291,-10.2901926,0 -55.33876996,-10.2902476,0 -55.33885264999999,-10.29030953,0 -55.33887002,-10.29031695,0 -55.338942,-10.29040895,0 -55.33898094,-10.29051695,0 -55.33900896,-10.29064195,0 -55.339072,-10.29075295,0 -55.33914662,-10.29083044,0 -55.33924503,-10.29091495,0 -55.33943696,-10.29109195,0 -55.33961803,-10.29124495,0 -55.33981204,-10.29140595,0 -55.33995493,-10.29152095,0 -55.34009795000001,-10.29163995,0 -55.34027592,-10.29178595,0 -55.34048701,-10.29195295,0 -55.34063090999999,-10.29206795,0 -55.34074296999999,-10.29216095,0 -55.34089196,-10.29228395,0 -55.34103596,-10.29240595,0 -55.34116891,-10.29251295,0 -55.34131692999999,-10.29263195,0 -55.34148995,-10.29276795,0 -55.34168501000001,-10.29291995,0 -55.34182904,-10.29303695,0 -55.34221802,-10.29333895,0 -55.34241092000001,-10.29349395,0 -55.34258693,-10.29363195,0 -55.34285497999999,-10.29384695,0 -55.34306403000001,-10.29402395,0 -55.34326196999999,-10.29419595,0 -55.34348292,-10.29438895,0 -55.34364192,-10.29453495,0 -55.34384392,-10.29472395,0 -55.34402392,-10.29489095,0 -55.34429496999999,-10.29515895,0 -55.34444698,-10.29530495,0 -55.34457298000001,-10.29543195,0 -55.34466704,-10.29553195,0 -55.34484196,-10.29571495,0 -55.34494101,-10.29581395,0 -55.3450509,-10.29594095,0 -55.34500404,-10.29595495,0 -55.34481695,-10.29572395,0 -55.34458698,-10.29548395,0 -55.34443203000001,-10.29532595,0 -55.34428103,-10.29517895,0 -55.34414591,-10.29504795,0 -55.34401096,-10.29491395,0 -55.34382404,-10.29473295,0 -55.34359003,-10.29452795,0 -55.34344892,-10.29439895,0 -55.34329202000001,-10.29425995,0 -55.34314192000001,-10.29413095,0 -55.34285697,-10.29390195,0 -55.34268695,-10.29376295,0 -55.34245796,-10.29358195,0 -55.34225696000001,-10.29342095,0 -55.34197696,-10.29320095,0 -55.34172794,-10.29300295,0 -55.34126497,-10.29263795,0 -55.34104196999999,-10.29245695,0 -55.34080791,-10.29226195,0 -55.34051602,-10.29202595,0 -55.34028592,-10.29183695,0 -55.3400659,-10.29165795,0 -55.33987791999999,-10.29162795,0 -55.33973793000001,-10.29169295,0 -55.3396329,-10.29172895,0 -55.33952798,-10.29177195,0 -55.33942491000001,-10.29181395,0 -55.33935003,-10.29181295,0 -55.33929201999999,-10.29174895,0 -55.33922,-10.29163795,0 -55.33913097,-10.29155895,0 -55.33903117,-10.29149509,0 -55.33784123,-10.29158209,0 -55.33766802,-10.29128895,0 -55.33760295,-10.29118495,0 -55.33752000999999,-10.29106195,0 -55.33741704,-10.29092295,0 -55.3373519,-10.29083095,0 -55.33727496,-10.29070495,0 -55.33722403,-10.29059795,0 -55.33712593,-10.29042795,0 -55.33707094,-10.29033295,0 -55.33700901,-10.29022795,0 -55.33693801,-10.29011295,0 -55.33687791999999,-10.29000995,0 -55.33672696000001,-10.28977495,0 -55.33612701999999,-10.28933695,0 -55.33576995,-10.28958995,0 -55.33563591,-10.28969095,0 -55.33544501,-10.28983495,0 -55.33540402,-10.28987295,0 -55.33534991,-10.28990795,0 -55.33529702,-10.28995695,0 -55.33521597000001,-10.29001695,0 -55.335163,-10.29005495,0 -55.3351179,-10.29008595,0 -55.33506595,-10.29011895,0 -55.33501094,-10.29016295,0 -55.33493103,-10.29022395,0 -55.33485499,-10.29028095,0 -55.33481503,-10.29031195,0 -55.33474094,-10.29037695,0 -55.33457504,-10.29051495,0 -55.33452002999999,-10.29056095,0 -55.33446504,-10.29060195,0 -55.33441204,-10.29064395,0 -55.33437399,-10.29069095,0 -55.33434792999999,-10.29073795,0 -55.33434303,-10.29077495,0 -55.334335,-10.29083595,0 -55.33433697,-10.29086795,0 -55.33434895,-10.29092295,0 -55.33436898,-10.29096595,0 -55.33438691000001,-10.29100195,0 -55.33441502,-10.29105395,0 -55.33448896,-10.29115395,0 -55.33455601999999,-10.29123195,0 -55.33462001,-10.29129595,0 -55.33469397,-10.29136395,0 -55.33477099000001,-10.29142095,0 -55.33496797,-10.29158495,0 -55.33503601,-10.29166695,0 -55.33509201,-10.29178695,0 -55.33512200000001,-10.29186095,0 -55.33517194,-10.29193995,0 -55.33521992,-10.29198395,0 -55.33531101999999,-10.29204895,0 -55.33537702,-10.29205695,0 -55.33544690999999,-10.29205695,0 -55.33557099,-10.29203295,0 -55.33563196,-10.29199495,0 -55.33569102,-10.29193995,0 -55.33575302,-10.29192095,0 -55.33584899,-10.29203595,0 -55.33590695,-10.29213495,0 
				</coordinates>
			</LineString>
		</Placemark>
		<Placemark>
			<name>T03 - Sede Velha 90</name>
			<Style>
				<LineStyle>
					<color>ff000000</color>
					<width>2</width>
				</LineStyle>
			</Style>
			<LineString>
				<coordinates>
					-55.35108995,-10.28318593,0 -55.35119994,-10.28318393,0 -55.351428,-10.28318793,0 -55.35169403,-10.28318593,0 -55.35185893,-10.28318393,0 -55.35204794000001,-10.28318193,0 -55.35225091,-10.28318193,0 -55.35255203999999,-10.28317893,0 -55.35287398999999,-10.28317593,0 -55.35313702,-10.28317693,0 -55.35337894,-10.28317493,0 -55.35360192,-10.28316893,0 -55.35386301,-10.28315793,0 -55.35405792,-10.28314393,0 -55.35424502000001,-10.28312493,0 -55.35432797,-10.28311093,0 -55.35441892000001,-10.28309393,0 -55.35452195,-10.28308493,0 -55.35459099000001,-10.28308393,0 -55.35466590999999,-10.28307893,0 -55.35473395,-10.28307693,0 -55.35480997,-10.28307893,0 -55.354898,-10.28307493,0 -55.35499893,-10.28305893,0 -55.35509092,-10.28306093,0 -55.35518101,-10.28307193,0 -55.35515496000001,-10.28317293,0 -55.35510898,-10.28337593,0 -55.35511291,-10.28341493,0 -55.3551339,-10.28346493,0 -55.35517003999999,-10.28351093,0 -55.35522391000001,-10.28354793,0 -55.35528894,-10.28357693,0 -55.35534401,-10.28360393,0 -55.35542199,-10.28363893,0 -55.35550903,-10.28368893,0 -55.35557293,-10.28371693,0 -55.35564001,-10.28373593,0 -55.355712,-10.28374593,0 -55.35578503,-10.28374493,0 -55.35587193000001,-10.28373893,0 -55.35595996,-10.28373493,0 -55.35605493,-10.28371293,0 -55.35613295000001,-10.28368593,0 -55.35622296,-10.28365793,0 -55.35630091000001,-10.28361593,0 -55.356387,-10.28357393,0 -55.35647602000001,-10.28354393,0 -55.35655693,-10.28351093,0 -55.35663303,-10.28346893,0 -55.35668093,-10.28341893,0 -55.35670501,-10.28336793,0 -55.35672499999999,-10.28330893,0 -55.35675094,-10.28325793,0 -55.35678594,-10.28321993,0 -55.35684902000001,-10.28318693,0 -55.35646798,-10.28319493,0 -55.35635301,-10.28319693,0 -55.35618599,-10.28319493,0 -55.35606503,-10.28319493,0 -55.35594191,-10.28319793,0 -55.355799,-10.28319493,0 -55.35566593000001,-10.28319293,0 -55.35553402,-10.28318793,0 -55.35534392999999,-10.28317793,0 -55.35523997,-10.28317393,0 -55.35525703,-10.28310093,0 -55.35534697000001,-10.28311493,0 -55.35542393999999,-10.28312493,0 -55.35576893,-10.28313493,0 -55.35601798,-10.28313593,0 -55.35629896,-10.28313993,0 -55.35653203,-10.28313893,0 -55.35676399,-10.28313493,0 -55.35698795,-10.28313193,0 -55.35723101000001,-10.28313093,0 -55.35744896,-10.28313093,0 -55.35766394,-10.28312793,0 -55.35786893,-10.28312493,0 -55.35810202,-10.28311993,0 -55.35832799,-10.28311593,0 -55.35855095,-10.28311193,0 -55.35881101,-10.28310793,0 -55.35907391,-10.28310493,0 -55.35933395,-10.28310293,0 -55.35971894,-10.28310193,0 -55.35991692,-10.28310193,0 -55.35999993,-10.28310293,0 -55.36020395000001,-10.28309493,0 -55.36041892,-10.28309193,0 -55.360568,-10.28308793,0 -55.36074091,-10.28308293,0 -55.36094304,-10.28308093,0 -55.36107998000001,-10.28308093,0 -55.36122902,-10.28308293,0 -55.36138901,-10.28306693,0 -55.36153892999999,-10.28300993,0 -55.36165291,-10.28292393,0 -55.36178892,-10.28279993,0 -55.36193699,-10.28265893,0 -55.36210801,-10.28249493,0 -55.36228590999999,-10.28232293,0 -55.36247797999999,-10.28214193,0 -55.36262603999999,-10.28200393,0 -55.36277698,-10.28185993,0 -55.36294698,-10.28169793,0 -55.36324099,-10.28141593,0 -55.36343192,-10.28123393,0 -55.36357796,-10.28109893,0 -55.36378695,-10.28090093,0 -55.36400698,-10.28069193,0 -55.36417394000001,-10.28053893,0 -55.36426191,-10.28043493,0 -55.36426592,-10.28032093,0 -55.36425999,-10.28022593,0 -55.36427200000001,-10.28013793,0 -55.36426594,-10.28006893,0 -55.36424301,-10.28000593,0 -55.36420303000001,-10.27993093,0 -55.36417993,-10.27984693,0 -55.36413899,-10.27979093,0 -55.36407190999999,-10.27974293,0 -55.364014,-10.27968793,0 -55.36398604000001,-10.27963293,0 -55.36394496999999,-10.27960293,0 -55.3638669,-10.27958493,0 -55.36378696,-10.27956893,0 -55.363741,-10.27957493,0 -55.36367694,-10.27960493,0 -55.36363103,-10.27965693,0 -55.36358996,-10.27976693,0 -55.36363092,-10.27984493,0 -55.36368790000001,-10.27991493,0 -55.36374095,-10.27997193,0 -55.36380102,-10.28002393,0 -55.36384096,-10.28007993,0 -55.3638669,-10.28013893,0 -55.36386394,-10.28018793,0 -55.36382396999999,-10.28024993,0 -55.36376702,-10.28031093,0 -55.3637029,-10.28038093,0 -55.36362990000001,-10.28045793,0 -55.36354995000001,-10.28055593,0 -55.36347495,-10.28063393,0 -55.36341601,-10.28069493,0 -55.36336193,-10.28075493,0 -55.36327702999999,-10.28084293,0 -55.36321695,-10.28090393,0 -55.36313495,-10.28098393,0 -55.36307403000001,-10.28104093,0 -55.36301197,-10.28109893,0 -55.36293802,-10.28116693,0 -55.36287596,-10.28122393,0 -55.36279498,-10.28130093,0 -55.36272704,-10.28136393,0 -55.3626429,-10.28144393,0 -55.36258097,-10.28150393,0 -55.36241498,-10.28166193,0 -55.36236196,-10.28170993,0 -55.36227699,-10.28178293,0 -55.36222999,-10.28182493,0 -55.36218400999999,-10.28186293,0 -55.36213102,-10.28190493,0 -55.36205603,-10.28195293,0 -55.36199490999999,-10.28196493,0 -55.36193903,-10.28195893,0 -55.36187491,-10.28194593,0 -55.36179402,-10.28191993,0 -55.36173704,-10.28187893,0 -55.36168694999999,-10.28182693,0 -55.36161896000001,-10.28173493,0 -55.36157291,-10.28167593,0 -55.36152901,-10.28161293,0 -55.36148996,-10.28155193,0 -55.36144494,-10.28148593,0 -55.36139199,-10.28140893,0 -55.36133495,-10.28132293,0 -55.36141352000001,-10.28127168,0 -55.36144994,-10.28131793,0 -55.36152698,-10.28142693,0 -55.36159,-10.28151493,0 -55.36164693,-10.28159393,0 -55.36170298999999,-10.28167593,0 -55.36178002,-10.28175993,0 -55.36184794,-10.28180993,0 -55.36191404,-10.28182593,0 -55.36198898999999,-10.28181393,0 -55.36207002,-10.28178393,0 -55.3621359,-10.28173193,0 -55.362208,-10.28166293,0 -55.36229001,-10.28158193,0 -55.36236698,-10.28150993,0 -55.36244796,-10.28143493,0 -55.36252903,-10.28136893,0 -55.362607,-10.28129593,0 -55.36268796,-10.28122493,0 -55.36280591000001,-10.28111593,0 -55.36286798999999,-10.28105493,0 -55.36293498,-10.28098193,0 -55.36299998,-10.28090793,0 -55.36307896,-10.28083193,0 -55.36315194000001,-10.28075893,0 -55.36323490000001,-10.28068693,0 -55.36331592,-10.28060293,0 -55.36337502,-10.28053793,0 -55.36342899000001,-10.28047393,0 -55.36350200999999,-10.28039193,0 -55.36355694,-10.28033493,0 -55.36367599,-10.28020593,0 -55.363707,-10.28013893,0 -55.36365395999999,-10.28005293,0 -55.36361691,-10.27998893,0 -55.36357201,-10.27992893,0 -55.363523,-10.27986193,0 -55.36349103999999,-10.27977993,0 -55.36349701,-10.27970093,0 -55.3634969,-10.27961093,0 -55.36348593,-10.27952593,0 -55.36342896000001,-10.27942693,0 -55.36336796999999,-10.27935893,0 -55.36331795,-10.27932293,0 -55.36324593,-10.27929293,0 -55.36315893,-10.27926293,0 -55.36306501,-10.27924693,0 -55.36298102,-10.27921493,0 -55.36290700000001,-10.27918693,0 -55.36276,-10.27903493,0 -55.36272596,-10.27897093,0 -55.36267702,-10.27889093,0 -55.36264103,-10.27881693,0 -55.36257293,-10.27863393,0 -55.36254199,-10.27854893,0 -55.36248804,-10.27849993,0 -55.3624329,-10.27848793,0 -55.36233804,-10.27848993,0 -55.362236,-10.27852793,0 -55.36212600999999,-10.27858593,0 -55.36203904,-10.27863393,0 -55.36196499,-10.27866493,0 -55.36191003,-10.27867393,0 -55.36188595,-10.27872393,0 -55.361892,-10.27876793,0 -55.36191298,-10.27882193,0 -55.36193798,-10.27886893,0 -55.36195294,-10.27892793,0 -55.361972,-10.27899293,0 -55.36197797999999,-10.27905093,0 -55.36197298,-10.27913593,0 -55.36188392,-10.27911893,0 -55.36185099,-10.27903193,0 -55.36181896999999,-10.27898893,0 -55.36177793,-10.27892693,0 -55.36172602,-10.27884193,0 -55.36169203999999,-10.27879193,0 -55.36164897,-10.27873493,0 -55.36158999,-10.27869393,0 -55.361438,-10.27868093,0 -55.36133903,-10.27867793,0 -55.36130695,-10.27867593,0 -55.36120593,-10.27862593,0 -55.36116599,-10.27857193,0 -55.36118203,-10.27852993,0 -55.36123600999999,-10.27851793,0 -55.36136295999999,-10.27851893,0 -55.36144091,-10.27853293,0 -55.36151799,-10.27854893,0 -55.36162,-10.27857193,0 -55.36169491,-10.27859593,0 -55.36177394,-10.27862093,0 -55.36184393999999,-10.27862693,0 -55.36192199,-10.27859593,0 -55.36199092,-10.27855993,0 -55.36211194,-10.27849193,0 -55.36217292,-10.27844993,0 -55.362236,-10.27838893,0 -55.36227001,-10.27832093,0 -55.36227901,-10.27823493,0 -55.36226193000001,-10.27817393,0 -55.36221296,-10.27809793,0 -55.362156,-10.27802593,0 -55.36209896999999,-10.27796493,0 -55.36204295,-10.27790293,0 -55.3619799,-10.27781993,0 -55.36192093,-10.27774793,0 -55.36185193,-10.27768693,0 -55.36178892,-10.27762393,0 -55.36171896,-10.27755393,0 -55.3616569,-10.27750093,0 -55.36155102,-10.27742693,0 -55.36148403,-10.27736093,0 -55.36142799,-10.27730193,0 -55.36136594000001,-10.27722093,0 -55.36131794,-10.27715193,0 -55.36126393,-10.27708693,0 -55.36112699000001,-10.27694993,0 -55.36105504,-10.27687893,0 -55.36097301000001,-10.27679893,0 -55.36087698000001,-10.27669393,0 -55.36080694,-10.27661193,0 -55.36072602,-10.27653793,0 -55.36064195,-10.27646693,0 -55.36055797,-10.27640393,0 -55.36047394,-10.27635293,0 -55.36036397,-10.27629693,0 -55.36016602,-10.27620693,0 -55.36007699,-10.27615793,0 -55.35997001,-10.27610293,0 -55.35987993000001,-10.27606093,0 -55.35980296,-10.27602393,0 -55.35969701,-10.27598993,0 -55.35958292,-10.27595893,0 -55.35950793,-10.27595193,0 -55.35942300999999,-10.27596193,0 -55.3593439,-10.27597893,0 -55.35926299,-10.27601393,0 -55.35919995,-10.27606693,0 -55.35910498,-10.27614593,0 -55.35902598,-10.27622493,0 -55.35896001,-10.27629293,0 -55.35887301999999,-10.27637393,0 -55.35877695,-10.27644393,0 -55.35869496,-10.27649293,0 -55.35856497,-10.27661293,0 -55.35849599,-10.27668493,0 -55.35837799,-10.27680293,0 -55.35828204,-10.27690493,0 -55.35817201,-10.27702693,0 -55.35809094999999,-10.27714493,0 -55.35804999,-10.27723193,0 -55.35806401,-10.27730693,0 -55.35811898,-10.27735293,0 -55.35818496000001,-10.27741893,0 -55.35826401000001,-10.27749693,0 -55.35833698,-10.27756293,0 -55.35846795,-10.27766893,0 -55.35856804,-10.27775993,0 -55.35893399999999,-10.27801693,0 -55.35902289999999,-10.27809293,0 -55.35909893,-10.27814693,0 -55.35923593,-10.27824493,0 -55.35934793,-10.27832193,0 -55.35941493,-10.27838493,0 -55.35953694,-10.27848493,0 -55.35965997,-10.27857993,0 -55.35973401,-10.27866193,0 -55.35980803000001,-10.27877293,0 -55.35987896,-10.27887693,0 -55.36002902,-10.27909693,0 -55.36015291,-10.27930293,0 -55.36023100000001,-10.27942893,0 -55.36032994999999,-10.27957393,0 -55.36044796,-10.27975793,0 -55.360533,-10.27989193,0 -55.36062202,-10.28002793,0 -55.36065697999999,-10.28010693,0 -55.36060095,-10.28015693,0 -55.36055899,-10.28007893,0 -55.36051190000001,-10.27999993,0 -55.36045701,-10.27991193,0 -55.36040991,-10.27983393,0 -55.36036193,-10.27976293,0 -55.36031294,-10.27969093,0 -55.36027003,-10.27963093,0 -55.36022901,-10.27956393,0 -55.36017993,-10.27948393,0 -55.36012202,-10.27940193,0 -55.36007201000001,-10.27933493,0 -55.36001091,-10.27923493,0 -55.35996194999999,-10.27915893,0 -55.35992091999999,-10.27909293,0 -55.35988201000001,-10.27903293,0 -55.35983701,-10.27896193,0 -55.35978495,-10.27887993,0 -55.35965791000001,-10.27870293,0 -55.35961596000001,-10.27865093,0 -55.35954201,-10.27858093,0 -55.35944398,-10.27850493,0 -55.35934698,-10.27842393,0 -55.35926803,-10.27835393,0 -55.35917396000001,-10.27828493,0 -55.35910094,-10.27822693,0 -55.35902493999999,-10.27816793,0 -55.35891197,-10.27808493,0 -55.35883696,-10.27802693,0 -55.35873391999999,-10.27795393,0 -55.35864595,-10.27789193,0 -55.35854296,-10.27780993,0 -55.35843599,-10.27772593,0 -55.35834292,-10.27765493,0 -55.35826593,-10.27759493,0 -55.35817090999999,-10.27751493,0 -55.35807491999999,-10.27743293,0 -55.35798794,-10.27739893,0 -55.35787999,-10.27739393,0 -55.35777792999999,-10.27740793,0 -55.35769894,-10.27745793,0 -55.35760601,-10.27755493,0 -55.35753199,-10.27763493,0 -55.35745299,-10.27771493,0 -55.35734103000001,-10.27782193,0 -55.35724196,-10.27792093,0 -55.35716201,-10.27799093,0 -55.35708491,-10.27805993,0 -55.3570149,-10.27810993,0 -55.35697495,-10.27811193,0 -55.35709992,-10.27827493,0 -55.35721297,-10.27842393,0 -55.35727996,-10.27851693,0 -55.35746891,-10.27877493,0 -55.35755499,-10.27889893,0 -55.35762593,-10.27899893,0 -55.35768595,-10.27908793,0 -55.35788796000001,-10.27938493,0 -55.35806195,-10.27963993,0 -55.35817293,-10.27980393,0 -55.35829791,-10.27999193,0 -55.35839798,-10.28014093,0 -55.35849196,-10.28028293,0 -55.35861794,-10.28047093,0 -55.35872292999999,-10.28063593,0 -55.35883192,-10.28079893,0 -55.35893198000001,-10.28094993,0 -55.35904197000001,-10.28111393,0 -55.35916892000001,-10.28130593,0 -55.35928993,-10.28148893,0 -55.35937598,-10.28161993,0 -55.35946401,-10.28175493,0 -55.35965096999999,-10.28203793,0 -55.35978901,-10.28223893,0 -55.35991797000001,-10.28242993,0 -55.360054,-10.28263193,0 -55.36014996,-10.28280593,0 -55.36019095,-10.28290493,0 -55.3602727,-10.28301322,0 -55.36030950000001,-10.283068,0 -55.36027869,-10.28306792,0 -55.36017604,-10.28292093,0 -55.36013294,-10.28281393,0 -55.36008802000001,-10.28272893,0 -55.360016,-10.28261593,0 -55.35993703,-10.28249493,0 -55.35977196999999,-10.28225193,0 -55.359625,-10.28203993,0 -55.35942302999999,-10.28173493,0 -55.359304,-10.28155493,0 -55.35912804,-10.28129493,0 -55.35902698999999,-10.28114193,0 -55.35892196,-10.28098493,0 -55.35880395,-10.28080093,0 -55.35865292,-10.28057393,0 -55.35853603,-10.28039493,0 -55.35841899,-10.28021693,0 -55.35826202,-10.27998193,0 -55.35811493,-10.27976493,0 -55.35794491,-10.27951693,0 -55.35780094,-10.27930393,0 -55.35762992999999,-10.27905393,0 -55.35751397999999,-10.27888493,0 -55.35732902,-10.27862893,0 -55.35724304,-10.27851293,0 -55.35710891,-10.27832893,0 -55.35696694,-10.27817193,0 -55.35677896,-10.27794893,0 -55.35670100000001,-10.27782493,0 -55.35657302,-10.27763993,0 -55.35648396999999,-10.27751093,0 -55.35638297,-10.27734693,0 -55.35626694999999,-10.27716393,0 -55.35616496,-10.27699993,0 -55.35607893,-10.27686593,0 -55.355952,-10.27666993,0 -55.35584792,-10.27654993,0 -55.35573093,-10.27649993,0 -55.35562790000001,-10.27650993,0 -55.35553098,-10.27654993,0 -55.35539899,-10.27661593,0 -55.3552949,-10.27666393,0 -55.35509602999999,-10.27675293,0 -55.35497191,-10.27678693,0 -55.35484295,-10.27678993,0 -55.35473104,-10.27677893,0 -55.35460491,-10.27675793,0 -55.35448895,-10.27672993,0 -55.35436889999999,-10.27669193,0 -55.35424903,-10.27664793,0 -55.35411691000001,-10.27659993,0 -55.35400691,-10.27657893,0 -55.35386295,-10.27658493,0 -55.35373603,-10.27660893,0 -55.353599,-10.27665493,0 -55.35344003000001,-10.27669693,0 -55.35332891,-10.27672493,0 -55.35320704,-10.27676493,0 -55.35307993,-10.27685093,0 -55.35299791,-10.27693393,0 -55.35289702,-10.27705393,0 -55.35281003,-10.27715893,0 -55.35266794999999,-10.27730093,0 -55.35258898000001,-10.27734593,0 -55.35251198000001,-10.27736793,0 -55.35239198,-10.27737693,0 -55.35226998,-10.27735793,0 -55.35214791,-10.27732493,0 -55.35202592,-10.27724893,0 -55.351956,-10.27717293,0 -55.35188397,-10.27706193,0 -55.35181297,-10.27694593,0 -55.35173897,-10.27680293,0 -55.35170293,-10.27673893,0 -55.351654,-10.27668393,0 -55.35155602,-10.27665493,0 -55.35144997,-10.27666893,0 -55.351329,-10.27672593,0 -55.35117401000001,-10.27682593,0 -55.35101392,-10.27694493,0 -55.35088092000001,-10.27703893,0 -55.35071402,-10.27715293,0 -55.35048101,-10.27730593,0 -55.35031495,-10.27742193,0 -55.35015803,-10.27753593,0 -55.34997795,-10.27766093,0 -55.34982301,-10.27777693,0 -55.34967401000001,-10.27787693,0 -55.34954695,-10.27797993,0 -55.34941502,-10.27808793,0 -55.34929398,-10.27818693,0 -55.34917602,-10.27826993,0 -55.34904603,-10.27836193,0 -55.34892498,-10.27846093,0 -55.34880494,-10.27855993,0 -55.34865703000001,-10.27866893,0 -55.34854193999999,-10.27874793,0 -55.34830697,-10.27892093,0 -55.34809697999999,-10.27906493,0 -55.34800403,-10.27913693,0 -55.34791392000001,-10.27921293,0 -55.34782500000001,-10.27927793,0 -55.34771391,-10.27935493,0 -55.34758904,-10.27944993,0 -55.34746602,-10.27954493,0 -55.34741097,-10.27959793,0 -55.34737391,-10.27964793,0 -55.34734704000001,-10.27968693,0 -55.34734193000001,-10.27973693,0 -55.34735192,-10.27978993,0 -55.34738702,-10.27986993,0 -55.34741703,-10.27991493,0 -55.34746104,-10.27995493,0 -55.34749296,-10.27998693,0 -55.34754201,-10.28001793,0 -55.347603,-10.28002893,0 -55.34764597,-10.28002293,0 -55.34770501,-10.27999793,0 -55.34777391,-10.27996893,0 -55.34784694999999,-10.27993993,0 -55.34792204,-10.27990093,0 -55.34799199999999,-10.27985893,0 -55.34805601000001,-10.27981093,0 -55.34811803,-10.27976093,0 -55.34822701,-10.27970593,0 -55.34831004,-10.27964893,0 -55.34842792,-10.27955493,0 -55.34851097,-10.27949293,0 -55.34860502000001,-10.27945493,0 -55.34865503,-10.27943893,0 -55.34874702,-10.27938593,0 -55.34889803,-10.27928393,0 -55.34909392,-10.27913793,0 -55.34917394999999,-10.27907993,0 -55.34930593999999,-10.27898793,0 -55.34940403,-10.27891393,0 -55.34949792999999,-10.27884993,0 -55.34959299,-10.27878393,0 -55.34969692,-10.27871193,0 -55.34978194,-10.27865493,0 -55.34989794,-10.27856493,0 -55.35000201,-10.27849293,0 -55.35007791,-10.27843593,0 -55.35019894000001,-10.27833793,0 -55.35029304,-10.27826393,0 -55.35035995,-10.27820693,0 -55.35039505999999,-10.27817496,0 -55.35043791,-10.27818993,0 -55.35043,-10.27825793,0 -55.35028895,-10.27836493,0 -55.35018103,-10.27843593,0 -55.35010502000001,-10.27848793,0 -55.35002102,-10.27854093,0 -55.34991996,-10.27860893,0 -55.34979901,-10.27869193,0 -55.349593,-10.27883693,0 -55.34930590999999,-10.27904893,0 -55.34915498000001,-10.27916293,0 -55.3490499,-10.27923593,0 -55.34888502,-10.27934393,0 -55.34880798999999,-10.27939993,0 -55.348741,-10.27944593,0 -55.34867898,-10.27949493,0 -55.34858391,-10.27956393,0 -55.34848698,-10.27963493,0 -55.34839192,-10.27970293,0 -55.34832497999999,-10.27976593,0 -55.34831895,-10.27982793,0 -55.3483269,-10.27988993,0 -55.3483469,-10.27996593,0 -55.34838196,-10.27999993,0 -55.34842595,-10.28001593,0 -55.34849997,-10.28004393,0 -55.34852991,-10.28004793,0 -55.34865499,-10.28004993,0 -55.34873893,-10.28006493,0 -55.34880999,-10.28005993,0 -55.34886891,-10.28005693,0 -55.34889703,-10.28005393,0 -55.34908896,-10.27998293,0 -55.34914592,-10.27994493,0 -55.34919297,-10.27989393,0 -55.34922698,-10.27982893,0 -55.34925000999999,-10.27976093,0 -55.34927500999999,-10.27964293,0 -55.34929999999999,-10.27955593,0 -55.34934893,-10.27947093,0 -55.34940701999999,-10.27943793,0 -55.34948502,-10.27941393,0 -55.34957698,-10.27939393,0 -55.34967992000001,-10.27937493,0 -55.34984299,-10.27934093,0 -55.35000003,-10.27931493,0 -55.35011697,-10.27929193,0 -55.35024599,-10.27927693,0 -55.35042499,-10.27925093,0 -55.35062401,-10.27921693,0 -55.35072997,-10.27919193,0 -55.35083693,-10.27913993,0 -55.350917,-10.27907693,0 -55.35099898,-10.27900093,0 -55.35107994,-10.27892893,0 -55.35122994,-10.27880193,0 -55.35133498,-10.27870893,0 -55.35149195999999,-10.27863793,0 -55.35160496,-10.27865893,0 -55.35163903,-10.27871793,0 -55.35166597,-10.27883293,0 -55.35168192999999,-10.27894493,0 -55.35169702,-10.27906093,0 -55.35173194000001,-10.27936893,0 -55.35176099,-10.27962493,0 -55.35181795,-10.28005593,0 -55.3518709,-10.28046293,0 -55.35193298,-10.28100793,0 -55.35195096,-10.28117093,0 -55.35197495,-10.28135793,0 -55.35200203,-10.28158293,0 -55.35200897999999,-10.28178193,0 -55.35190436000001,-10.28176789,0 -55.35188998999999,-10.28167893,0 -55.35186190000001,-10.28156593,0 -55.35182093,-10.28143593,0 -55.35181197,-10.28140193,0 -55.35178803,-10.28128893,0 -55.35177001000001,-10.28121393,0 -55.35172604000001,-10.28102993,0 -55.35171203000001,-10.28095293,0 -55.35168295,-10.28083893,0 -55.35166091000001,-10.28074293,0 -55.35161394000001,-10.28047593,0 -55.35157798000001,-10.28028593,0 -55.35154592,-10.28000593,0 -55.35154002,-10.27979493,0 -55.35153104,-10.27965693,0 -55.35147195,-10.27930593,0 -55.35147194,-10.27919793,0 -55.35143992,-10.27915593,0 -55.35118994999999,-10.27916893,0 -55.351112,-10.27921093,0 -55.35104802,-10.27930793,0 -55.35105896000001,-10.27939993,0 -55.35107398,-10.27947293,0 -55.35109291,-10.27959193,0 -55.35110304,-10.27967393,0 -55.35111495,-10.27982393,0 -55.35111792,-10.27991293,0 -55.35111403,-10.28000293,0 -55.35110694,-10.28007593,0 -55.35111398,-10.28017593,0 -55.35113197,-10.28028293,0 -55.35115793000001,-10.28039393,0 -55.35118399,-10.28051093,0 -55.35120598999999,-10.28061493,0 -55.35125792,-10.28083393,0 -55.35132095,-10.28108393,0 -55.35134904,-10.28119593,0 -55.35137298,-10.28130993,0 -55.35141603,-10.28147993,0 -55.35144196,-10.28159593,0 -55.35136582,-10.28161749,0 -55.3513239,-10.28155993,0 -55.35129103999999,-10.28143293,0 -55.35124293000001,-10.28124893,0 -55.35121993,-10.28114493,0 -55.35119003,-10.28102493,0 -55.35114797,-10.28085593,0 -55.35110698,-10.28070093,0 -55.35107392,-10.28058493,0 -55.35104299,-10.28047093,0 -55.35101196999999,-10.28031893,0 -55.35098694999999,-10.28022093,0 -55.3509559,-10.28012793,0 -55.35092092,-10.28005293,0 -55.35089302999999,-10.28001293,0 -55.35081802,-10.27998093,0 -55.35075102,-10.27997393,0 -55.35066304,-10.27996893,0 -55.35061203,-10.27995793,0 -55.35055290999999,-10.27997193,0 -55.35048891,-10.27999093,0 -55.3504169,-10.28001293,0 -55.35035102,-10.28003793,0 -55.35029499000001,-10.28005893,0 -55.35019192,-10.28013193,0 -55.350167,-10.28023293,0 -55.35015796,-10.28029793,0 -55.35017997,-10.28037293,0 -55.35021193,-10.28045393,0 -55.35024799000001,-10.28051393,0 -55.35031390999999,-10.28064693,0 -55.35036195,-10.28073493,0 -55.35042294,-10.28082893,0 -55.35049491,-10.28092193,0 -55.35059296,-10.28102093,0 -55.35066192,-10.28106393,0 -55.35073291,-10.28107293,0 -55.35082200999999,-10.28110893,0 -55.35086093,-10.28116893,0 -55.35094600000001,-10.28132293,0 -55.35098699,-10.28150393,0 -55.35102294999999,-10.28163993,0 -55.3510659,-10.28182793,0 -55.35110196,-10.28199793,0 -55.35114793,-10.28218293,0 -55.35120599999999,-10.28245493,0 -55.35123698,-10.28261493,0 -55.35126698999999,-10.28276893,0 -55.35129092,-10.28291293,0 -55.35128197,-10.28296093,0 -55.35119758,-10.2829777,0 -55.35118593,-10.28288793,0 -55.35114862999999,-10.28279031,0 -55.35106194000001,-10.28256493,0 -55.35102294999999,-10.28240793,0 -55.35098004,-10.28223993,0 -55.35094596,-10.28209993,0 -55.35089699,-10.28188893,0 -55.35086692000001,-10.28174593,0 -55.35079891,-10.28157493,0 -55.35072404,-10.28151793,0 -55.35060399,-10.28150793,0 -55.35053896,-10.28153293,0 -55.35046503000001,-10.28159593,0 -55.35040500000001,-10.28167493,0 -55.35041392,-10.28174193,0 -55.35047703,-10.28200493,0 -55.35053394000001,-10.28227993,0 -55.35058491,-10.28246293,0 -55.35061295,-10.28255793,0 -55.35068,-10.28277493,0 -55.35078297,-10.28310793,0 -55.35082501000001,-10.28317043,0 -55.35088602,-10.28326093,0 -55.35095097999999,-10.28338693,0 -55.35100703,-10.28347093,0 -55.35106097999999,-10.28354593,0 -55.3511239,-10.28362593,0 -55.351183,-10.28369993,0 -55.35125398000001,-10.28379193,0 -55.35132002,-10.28387493,0 -55.35137503,-10.28393993,0 -55.3514289,-10.28400293,0 -55.35150195,-10.28408293,0 -55.35155598000001,-10.28411593,0 -55.35161304,-10.28414293,0 -55.35167895,-10.28419593,0 -55.35172198,-10.28423293,0 -55.35179801,-10.28431393,0 -55.35184294,-10.28434193,0 -55.35190195000001,-10.28437693,0 -55.351966,-10.28440393,0 -55.35201798,-10.28444693,0 -55.35206997000001,-10.28448993,0 -55.35211801999999,-10.28451993,0 -55.35217904,-10.28455395,0 -55.35224495,-10.28455295,0 -55.35231396,-10.28455695,0 -55.35238701,-10.28455395,0 -55.35244199,-10.28454193,0 -55.35248702,-10.28452193,0 -55.35260704,-10.28448393,0 -55.35269804000001,-10.28448493,0 -55.35275192,-10.28449093,0 -55.35280499,-10.28448993,0 -55.35285794999999,-10.28448293,0 -55.35290991,-10.28444793,0 -55.35296595,-10.28439493,0 -55.35301498,-10.28437593,0 -55.35308891,-10.28436693,0 -55.35315399,-10.28433293,0 -55.35321198,-10.28428993,0 -55.35327597,-10.28424493,0 -55.35334392,-10.28420793,0 -55.35346904,-10.28409393,0 -55.3535979,-10.28402693,0 -55.3537529,-10.28398193,0 -55.35386097,-10.28393693,0 -55.35395702000001,-10.28387193,0 -55.35405097,-10.28376993,0 -55.35411690000001,-10.28368193,0 -55.35413702,-10.28359893,0 -55.35416093,-10.28349893,0 -55.35418603,-10.28336193,0 -55.35417993000001,-10.28324393,0 -55.354116,-10.28319493,0 -55.35401701000001,-10.28319493,0 -55.35381798,-10.28320393,0 -55.35367101,-10.28321293,0 -55.35349098,-10.28321793,0 -55.35327999,-10.28322193,0 -55.35308201,-10.28322193,0 -55.35282495000001,-10.28322593,0 -55.35265791,-10.28322793,0 -55.35219301000001,-10.28323593,0 -55.35204396,-10.28323393,0 -55.351724,-10.28323793,0 -55.351557,-10.28323093,0 -55.35142391,-10.28323293,0 -55.351155,-10.28324093,0 -55.35103998,-10.28324993,0 -55.35095901,-10.28323993,0 -55.35089603999999,-10.28325393,0 -55.35093993,-10.28317993,0 -55.35108995,-10.28318593,0 
				</coordinates>
			</LineString>
		</Placemark>
		<Placemark>
			<name>T04 - Sede Velha 60</name>
			<Style>
				<LineStyle>
					<color>ff000000</color>
					<width>2</width>
				</LineStyle>
			</Style>
			<LineString>
				<coordinates>
					-55.35717593,-10.28319093,0 -55.35713494,-10.28319993,0 -55.35714895,-10.28333293,0 -55.35715798,-10.28343393,0 -55.35716791,-10.28349993,0 -55.35717691000001,-10.28355193,0 -55.35718493,-10.28360093,0 -55.35719003,-10.28368993,0 -55.35719393,-10.28376393,0 -55.35719802000001,-10.28382893,0 -55.35720594,-10.28392493,0 -55.35721293000001,-10.28400693,0 -55.35722495,-10.28408193,0 -55.35723596,-10.28413293,0 -55.35726302,-10.28419493,0 -55.35731103,-10.28428893,0 -55.35734394999999,-10.28437793,0 -55.35735896,-10.28442693,0 -55.35739099,-10.28449493,0 -55.35742094,-10.28455093,0 -55.35745792,-10.28462693,0 -55.35748689999999,-10.28467693,0 -55.35752791,-10.28474593,0 -55.35758201,-10.28479393,0 -55.35763099,-10.28483793,0 -55.357693,-10.28487393,0 -55.35778397,-10.28490793,0 -55.35790498,-10.28492593,0 -55.35798493,-10.28493893,0 -55.35809192000001,-10.28496595,0 -55.35818297,-10.28498295,0 -55.35827303,-10.28500095,0 -55.35836394,-10.28501895,0 -55.35845,-10.28503695,0 -55.35864796,-10.28509695,0 -55.35880294,-10.28513895,0 -55.35892504,-10.28516695,0 -55.35903703,-10.28519195,0 -55.359128,-10.28522495,0 -55.35920297,-10.28526495,0 -55.35929197000001,-10.28532095,0 -55.35935202000001,-10.28534995,0 -55.35940599,-10.28539395,0 -55.35959992000001,-10.28557195,0 -55.359637,-10.28562795,0 -55.35963797000001,-10.28566195,0 -55.35961396,-10.28569895,0 -55.35957998000001,-10.28573295,0 -55.35951295,-10.28578595,0 -55.35946504,-10.28583795,0 -55.35942391,-10.28587495,0 -55.35936193,-10.28588795,0 -55.35932693,-10.28587095,0 -55.35931092999999,-10.28582095,0 -55.35935303,-10.28576095,0 -55.35936394,-10.28571995,0 -55.35936899,-10.28565395,0 -55.35936701,-10.28559495,0 -55.35934802,-10.28554395,0 -55.35930697,-10.28548295,0 -55.35925992,-10.28544995,0 -55.35914491,-10.28540295,0 -55.35909001,-10.28539995,0 -55.35896294,-10.28539495,0 -55.35886592999999,-10.28539795,0 -55.35877903,-10.28540495,0 -55.35870997,-10.28540895,0 -55.35860595,-10.28541495,0 -55.35854097,-10.28543195,0 -55.35848699000001,-10.28544195,0 -55.35843901,-10.28545395,0 -55.35838391,-10.28546195,0 -55.35832792000001,-10.28547495,0 -55.35825196,-10.28548995,0 -55.35820096,-10.28550595,0 -55.35815095,-10.28552095,0 -55.35810394,-10.28553695,0 -55.35805794,-10.28555095,0 -55.35800995,-10.28556295,0 -55.3579459,-10.28559095,0 -55.35788598,-10.28562095,0 -55.35784100000001,-10.28565795,0 -55.35780799,-10.28569695,0 -55.35777194,-10.28574495,0 -55.35775303,-10.28578795,0 -55.3577339,-10.28584595,0 -55.35773690999999,-10.28589795,0 -55.35775795,-10.28594095,0 -55.35784191,-10.28606195,0 -55.35786499,-10.28609395,0 -55.35790603,-10.28612895,0 -55.35794098,-10.28615595,0 -55.35799290000001,-10.28618395,0 -55.35803994,-10.28621895,0 -55.3580939,-10.28626495,0 -55.35814103,-10.28630995,0 -55.35818101,-10.28632995,0 -55.35822398,-10.28635095,0 -55.35826597,-10.28639395,0 -55.35831793,-10.28644195,0 -55.35836993,-10.28648295,0 -55.35841591000001,-10.28652795,0 -55.35844994,-10.28656695,0 -55.35848103000001,-10.28659595,0 -55.35851895,-10.28662895,0 -55.35856398,-10.28666495,0 -55.3585959,-10.28669795,0 -55.35861993,-10.28674095,0 -55.35864695,-10.28678495,0 -55.35866595000001,-10.28683395,0 -55.35868296,-10.28688195,0 -55.35869092,-10.28696995,0 -55.35868992999999,-10.28702295,0 -55.35869202999999,-10.28708595,0 -55.35869096,-10.28715595,0 -55.3587,-10.28720095,0 -55.35870400000001,-10.28725495,0 -55.35869696,-10.28731995,0 -55.35868294,-10.28738295,0 -55.35866494999999,-10.28744095,0 -55.35864791,-10.28748195,0 -55.35861599,-10.28752995,0 -55.35851891,-10.28762895,0 -55.35848101000001,-10.28767595,0 -55.35843597,-10.28772595,0 -55.35837593,-10.28777895,0 -55.35832502,-10.28782995,0 -55.358287,-10.28787295,0 -55.35823698000001,-10.28791895,0 -55.35821093,-10.28796495,0 -55.35807094,-10.28811395,0 -55.35802696,-10.28814995,0 -55.35798096999999,-10.28818895,0 -55.35794502,-10.28821695,0 -55.357893,-10.28826395,0 -55.35784601,-10.28821995,0 -55.35791091,-10.28813895,0 -55.35794195,-10.28809395,0 -55.35797801,-10.28804395,0 -55.35802792999999,-10.28798895,0 -55.35808591999999,-10.28794795,0 -55.35812994,-10.28790295,0 -55.35815702000001,-10.28785295,0 -55.35815195000001,-10.28778395,0 -55.35811901000001,-10.28772695,0 -55.35807603,-10.28767995,0 -55.35802897,-10.28762395,0 -55.35798894,-10.28758495,0 -55.35792993,-10.28757595,0 -55.35784799,-10.28758895,0 -55.35779293,-10.28761695,0 -55.35769203,-10.28768195,0 -55.35765791000001,-10.28771595,0 -55.35762801,-10.28775995,0 -55.35758695,-10.28783795,0 -55.35755494,-10.28787795,0 -55.35750999,-10.28793595,0 -55.35746490999999,-10.28799195,0 -55.35744103,-10.28803095,0 -55.35739293,-10.28798095,0 -55.35744497,-10.28787695,0 -55.35749497,-10.28777795,0 -55.35751592,-10.28772795,0 -55.35754502,-10.28767095,0 -55.35756298999999,-10.28761695,0 -55.35756801,-10.28755695,0 -55.35754295,-10.28749195,0 -55.35751999,-10.28743695,0 -55.35748999,-10.28739095,0 -55.35744799,-10.28734795,0 -55.35735894,-10.28727295,0 -55.35730603,-10.28724295,0 -55.35723497,-10.28722095,0 -55.35716496999999,-10.28721395,0 -55.35710099,-10.28722795,0 -55.35704391,-10.28725995,0 -55.35699704,-10.28730395,0 -55.35696302,-10.28734495,0 -55.35694194,-10.28739395,0 -55.35691592000001,-10.28745995,0 -55.35688894,-10.28751995,0 -55.35679404,-10.28766695,0 -55.35677091,-10.28769895,0 -55.35673797,-10.28772395,0 -55.35668798,-10.28768095,0 -55.35674902,-10.28754595,0 -55.35677803,-10.28747995,0 -55.35680098,-10.28742695,0 -55.35684298,-10.28733295,0 -55.35686592999999,-10.28727995,0 -55.356888,-10.28723295,0 -55.35691796,-10.28717595,0 -55.35694092,-10.28712195,0 -55.35696104,-10.28706595,0 -55.35699098,-10.28698595,0 -55.3570139,-10.28693995,0 -55.35703696,-10.28689295,0 -55.35708697,-10.28676695,0 -55.35710393,-10.28671495,0 -55.35711199,-10.28664595,0 -55.35712691999999,-10.28659895,0 -55.35715498,-10.28652495,0 -55.35718001,-10.28648295,0 -55.35721093,-10.28643495,0 -55.35723099000001,-10.28639095,0 -55.35726198,-10.28632795,0 -55.35728402,-10.28628695,0 -55.3573019,-10.28624795,0 -55.35732391,-10.28621195,0 -55.35735201000001,-10.28615695,0 -55.35738299,-10.28609795,0 -55.35742195,-10.28601095,0 -55.35746097,-10.28596795,0 -55.35748292,-10.28591595,0 -55.35752895,-10.28581395,0 -55.35755501000001,-10.28576695,0 -55.35758195,-10.28571595,0 -55.35762600999999,-10.28560895,0 -55.35764801999999,-10.28554495,0 -55.35765393,-10.28547795,0 -55.35764301,-10.28535595,0 -55.35762190000001,-10.28529895,0 -55.35759896999999,-10.28523795,0 -55.35755091,-10.28515295,0 -55.35752202,-10.28508595,0 -55.35748393,-10.28500395,0 -55.35744197,-10.28492495,0 -55.35741704,-10.28486393,0 -55.35737392,-10.28478893,0 -55.35734499,-10.28472893,0 -55.35731501,-10.28465193,0 -55.35729100999999,-10.28460293,0 -55.35725102,-10.28452993,0 -55.35721091,-10.28445293,0 -55.35717994000001,-10.28437393,0 -55.35715192999999,-10.28432893,0 -55.35713204,-10.28428593,0 -55.35710498,-10.28422193,0 -55.35708492,-10.28418493,0 -55.35706298,-10.28412493,0 -55.35702702999999,-10.28406893,0 -55.35698793,-10.28401793,0 -55.35692091,-10.28395893,0 -55.35686803999999,-10.28394993,0 -55.35681802,-10.28393993,0 -55.35674795000001,-10.28394593,0 -55.35670294,-10.28396193,0 -55.35664998,-10.28399693,0 -55.35661201,-10.28402993,0 -55.35658404,-10.28406093,0 -55.35654991,-10.28409593,0 -55.3565159,-10.28413393,0 -55.35649403,-10.28419793,0 -55.35647897,-10.28424293,0 -55.35648391,-10.28427993,0 -55.35650089999999,-10.28433193,0 -55.35652502000001,-10.28446693,0 -55.35654903999999,-10.28451193,0 -55.35657192,-10.28455493,0 -55.35660294000001,-10.28459793,0 -55.35663096,-10.28464093,0 -55.35665402999999,-10.28470293,0 -55.35666793,-10.28474593,0 -55.35669091,-10.28479893,0 -55.35672090000001,-10.28484593,0 -55.35675895000001,-10.28488195,0 -55.35682100999999,-10.28496095,0 -55.35685094,-10.28502095,0 -55.35687596,-10.28506595,0 -55.35691004,-10.28515095,0 -55.35693403000001,-10.28519995,0 -55.35696700999999,-10.28524995,0 -55.35701994999999,-10.28532795,0 -55.35704799,-10.28539595,0 -55.35708198,-10.28547095,0 -55.357126,-10.28556295,0 -55.35717898999999,-10.28566095,0 -55.35720298999999,-10.28570795,0 -55.35720998,-10.28576395,0 -55.357224,-10.28580995,0 -55.35724002,-10.28585695,0 -55.35721697999999,-10.28592795,0 -55.35719103,-10.28598095,0 -55.35713994,-10.28606795,0 -55.35711096,-10.28610095,0 -55.35708893,-10.28613995,0 -55.35706601,-10.28618695,0 -55.35702903,-10.28624895,0 -55.35701097999999,-10.28628995,0 -55.35699999999999,-10.28634495,0 -55.35698293,-10.28639195,0 -55.35695192,-10.28642995,0 -55.35691297,-10.28645895,0 -55.35686795,-10.28647695,0 -55.35677302,-10.28651795,0 -55.356732,-10.28647795,0 -55.35676296,-10.28642295,0 -55.35678397000001,-10.28638595,0 -55.35681504,-10.28633695,0 -55.35685394,-10.28628995,0 -55.35689699,-10.28623995,0 -55.35693791000001,-10.28618795,0 -55.35696197999999,-10.28613995,0 -55.35699794999999,-10.28607895,0 -55.35701391,-10.28602695,0 -55.357029,-10.28597795,0 -55.35704404000001,-10.28591095,0 -55.35704398,-10.28586795,0 -55.35703097,-10.28581795,0 -55.35701797,-10.28576695,0 -55.35698493000001,-10.28570095,0 -55.35695898,-10.28564395,0 -55.35691801000001,-10.28556695,0 -55.356884,-10.28549695,0 -55.35684697000001,-10.28542995,0 -55.35681691000001,-10.28536895,0 -55.35678300999999,-10.28530295,0 -55.356722,-10.28521295,0 -55.35669096,-10.28514695,0 -55.35664693,-10.28508395,0 -55.35661197,-10.28502995,0 -55.35658203999999,-10.28497095,0 -55.35651799,-10.28488795,0 -55.35646198000001,-10.28476993,0 -55.35643492000001,-10.28470693,0 -55.35641394,-10.28465393,0 -55.35639403,-10.28461393,0 -55.35633992,-10.28454193,0 -55.3562989,-10.28450193,0 -55.35626301,-10.28446293,0 -55.35622797,-10.28442593,0 -55.35609897999999,-10.28443493,0 -55.35604603,-10.28444093,0 -55.35597501,-10.28446493,0 -55.35591495,-10.28449393,0 -55.35586199,-10.28452993,0 -55.35582192999999,-10.28455293,0 -55.35578395,-10.28458893,0 -55.35575399,-10.28464493,0 -55.35572994,-10.28468893,0 -55.35571392,-10.28475293,0 -55.35570699000001,-10.28479495,0 -55.35570599999999,-10.28484995,0 -55.35570989999999,-10.28489495,0 -55.35572496,-10.28493495,0 -55.35575092000001,-10.28498995,0 -55.35577693,-10.28503595,0 -55.35581897,-10.28506995,0 -55.35586903,-10.28509895,0 -55.35591092,-10.28513595,0 -55.35595399,-10.28516495,0 -55.35600991,-10.28519195,0 -55.35607593,-10.28522295,0 -55.35614595999999,-10.28525195,0 -55.35620197,-10.28528895,0 -55.35625295999999,-10.28532995,0 -55.35629999,-10.28536695,0 -55.35637498,-10.28542895,0 -55.35641593,-10.28545395,0 -55.35648197,-10.28550995,0 -55.35653997,-10.28554895,0 -55.35659002,-10.28557995,0 -55.3566659,-10.28566195,0 -55.35670403000001,-10.28570895,0 -55.35674101,-10.28575795,0 -55.35677296000001,-10.28581195,0 -55.35678898,-10.28585895,0 -55.35680102,-10.28590395,0 -55.35679202,-10.28596095,0 -55.35677397,-10.28600395,0 -55.3567409,-10.28605395,0 -55.35670897999999,-10.28610295,0 -55.35666903,-10.28615995,0 -55.35663095,-10.28621395,0 -55.35659901,-10.28626695,0 -55.35655302,-10.28633395,0 -55.35649599,-10.28638395,0 -55.35641803000001,-10.28637095,0 -55.35637491000001,-10.28632495,0 -55.35636191,-10.28627395,0 -55.35634796,-10.28624095,0 -55.35632293,-10.28619895,0 -55.35628702,-10.28616395,0 -55.35625396,-10.28612995,0 -55.3562089,-10.28609895,0 -55.35617803,-10.28608395,0 -55.35612592,-10.28606495,0 -55.35605202999999,-10.28603695,0 -55.356,-10.28603095,0 -55.35595799,-10.28604495,0 -55.35592096000001,-10.28606195,0 -55.35587796,-10.28607395,0 -55.35583701,-10.28607795,0 -55.35580004,-10.28608295,0 -55.35573003,-10.28607595,0 -55.35569795,-10.28604595,0 -55.35566596000001,-10.28599895,0 -55.35560999999999,-10.28595295,0 -55.35555297000001,-10.28591995,0 -55.35551498,-10.28590195,0 -55.355475,-10.28588195,0 -55.35544201999999,-10.28585895,0 -55.35539995,-10.28585895,0 -55.35534696000001,-10.28587195,0 -55.35530198,-10.28588095,0 -55.35525196,-10.28589895,0 -55.35520695,-10.28591395,0 -55.355162,-10.28594495,0 -55.35510901,-10.28601495,0 -55.35506302,-10.28607995,0 -55.35502391,-10.28611395,0 -55.35498503,-10.28615595,0 -55.35494198,-10.28617995,0 -55.35489401,-10.28618795,0 -55.35485792999999,-10.28618495,0 -55.35479893,-10.28617495,0 -55.35474396,-10.28615895,0 -55.35467995,-10.28615095,0 -55.35463301,-10.28615295,0 -55.35458497,-10.28614795,0 -55.35447696,-10.28618195,0 -55.354432,-10.28621495,0 -55.35440296,-10.28625695,0 -55.35438392,-10.28629795,0 -55.35436997,-10.28634795,0 -55.35434104000001,-10.28642595,0 -55.3543299,-10.28648295,0 -55.35431098999999,-10.28652595,0 -55.35428501,-10.28658495,0 -55.35423395,-10.28666695,0 -55.3542049,-10.28673995,0 -55.35418398,-10.28678595,0 -55.35415290000001,-10.28683795,0 -55.35411592999999,-10.28689795,0 -55.35407896,-10.28695895,0 -55.35405001000001,-10.28701295,0 -55.35402597000001,-10.28708195,0 -55.35398201,-10.28716995,0 -55.35393003,-10.28726395,0 -55.35389704,-10.28732695,0 -55.35379293,-10.28751595,0 -55.35375792,-10.28758295,0 -55.35371801,-10.28765895,0 -55.35367299,-10.28773195,0 -55.35363699,-10.28779595,0 -55.353625,-10.28785295,0 -55.35361902,-10.28790595,0 -55.35362101,-10.28796295,0 -55.35363298,-10.28802095,0 -55.35366198,-10.28806695,0 -55.35371997,-10.28810695,0 -55.35378,-10.28813795,0 -55.35386197,-10.28814795,0 -55.35392301,-10.28814995,0 -55.35399595,-10.28813995,0 -55.35407496000001,-10.28808895,0 -55.35412099999999,-10.28803995,0 -55.35416901,-10.28796795,0 -55.35419794,-10.28791795,0 -55.35422692000001,-10.28785795,0 -55.35425798,-10.28778395,0 -55.35430199,-10.28771295,0 -55.35432991,-10.28766495,0 -55.35436502999999,-10.28760395,0 -55.35443192,-10.28746795,0 -55.3544619,-10.28740795,0 -55.35453401,-10.28731095,0 -55.35455491,-10.28726895,0 -55.35458896000001,-10.28722195,0 -55.35461803,-10.28717295,0 -55.35464692000001,-10.28712995,0 -55.35467695,-10.28708795,0 -55.35470997000001,-10.28701995,0 -55.35476104000001,-10.28696395,0 -55.35482489999999,-10.28688995,0 -55.35490294,-10.28683195,0 -55.35494898000001,-10.28683895,0 -55.35497595,-10.28686295,0 -55.35494193,-10.28698695,0 -55.354924,-10.28703495,0 -55.35490003,-10.28709095,0 -55.35485591,-10.28715495,0 -55.35480701,-10.28723095,0 -55.35476196,-10.28730995,0 -55.35468902,-10.28742895,0 -55.35463991,-10.28752095,0 -55.35460899,-10.28759695,0 -55.35456693,-10.28767595,0 -55.35453196,-10.28773495,0 -55.35446794000001,-10.28781295,0 -55.35442195,-10.28790595,0 -55.35438598,-10.28796595,0 -55.354335,-10.28805895,0 -55.35432001,-10.28811795,0 -55.35432901,-10.28816895,0 -55.35436302000001,-10.28821295,0 -55.35439498,-10.28826595,0 -55.3544319,-10.28832595,0 -55.35448393,-10.28835995,0 -55.35456298,-10.28838195,0 -55.35465596,-10.28838695,0 -55.35471799,-10.28838995,0 -55.35477396,-10.28838095,0 -55.35482091,-10.28834795,0 -55.35485991,-10.28830895,0 -55.35489101000001,-10.28825395,0 -55.35491596,-10.28820195,0 -55.354956,-10.28812595,0 -55.35499199,-10.28806295,0 -55.35503601000001,-10.28799095,0 -55.35507497,-10.28793195,0 -55.35511198,-10.28786495,0 -55.35514799,-10.28779795,0 -55.35518694,-10.28774095,0 -55.35524192,-10.28767295,0 -55.35527898,-10.28762295,0 -55.35531093,-10.28756895,0 -55.35534303,-10.28751295,0 -55.35539602000001,-10.28744295,0 -55.35546098,-10.28737695,0 -55.35550199,-10.28733595,0 -55.35553701,-10.28729495,0 -55.35556794,-10.28727195,0 -55.35560902,-10.28740995,0 -55.35557299,-10.28748095,0 -55.35553402,-10.28754195,0 -55.35549202000001,-10.28760895,0 -55.35545091,-10.28766995,0 -55.35540398999999,-10.28775095,0 -55.35535892,-10.28783295,0 -55.35530402,-10.28793795,0 -55.35523493000001,-10.28805895,0 -55.35518901,-10.28813995,0 -55.35514199,-10.28821195,0 -55.35510198999999,-10.28827895,0 -55.35500191,-10.28843295,0 -55.35497694,-10.28848995,0 -55.35498493,-10.28854495,0 -55.35499893,-10.28859595,0 -55.35505693,-10.28868995,0 -55.35509794,-10.28873095,0 -55.35516691,-10.28877195,0 -55.35527,-10.28883395,0 -55.35533202,-10.28886795,0 -55.3553909,-10.28889995,0 -55.35544798,-10.28892395,0 -55.35550897,-10.28893495,0 -55.35556595,-10.28895095,0 -55.35564395000001,-10.28895595,0 -55.35571104,-10.28894595,0 -55.35575897,-10.28891895,0 -55.35580201999999,-10.28886795,0 -55.35583697,-10.28881295,0 -55.355901,-10.28870495,0 -55.355941,-10.28866595,0 -55.35600198,-10.28862495,0 -55.35607692,-10.28858695,0 -55.356247,-10.28849495,0 -55.35628601000001,-10.28845395,0 -55.35633797999999,-10.28838995,0 -55.35637190999999,-10.28833895,0 -55.35640893,-10.28826795,0 -55.35643491,-10.28820995,0 -55.35646292,-10.28814495,0 -55.35649492,-10.28807895,0 -55.35656692000001,-10.28794795,0 -55.35660792,-10.28785495,0 -55.35662291,-10.28779595,0 -55.35665095,-10.28775195,0 -55.35667501,-10.28773495,0 -55.35675196,-10.28777595,0 -55.35672293999999,-10.28784495,0 -55.35670198,-10.28789795,0 -55.35668291000001,-10.28794495,0 -55.35665995999999,-10.28799695,0 -55.35663000000001,-10.28805195,0 -55.35660993,-10.28809995,0 -55.35657998999999,-10.28815195,0 -55.35655202,-10.28820895,0 -55.35649299,-10.28831595,0 -55.35646504,-10.28839695,0 -55.35643704,-10.28843295,0 -55.35641798,-10.28847695,0 -55.35638698,-10.28854095,0 -55.356362,-10.28859895,0 -55.35635101,-10.28862895,0 -55.35633892000001,-10.28873195,0 -55.35635491,-10.28881195,0 -55.35637996,-10.28887795,0 -55.35639504,-10.28894095,0 -55.35640598,-10.28897695,0 -55.35645993000001,-10.28902595,0 -55.35650696,-10.28906095,0 -55.35654797,-10.28907495,0 -55.35659400000001,-10.28908395,0 -55.35663904,-10.28908995,0 -55.35669099,-10.28908495,0 -55.35673990999999,-10.28905895,0 -55.35678702,-10.28902395,0 -55.35682292,-10.28897695,0 -55.35684989999999,-10.28891695,0 -55.35689901,-10.28885395,0 -55.35695696,-10.28876495,0 -55.35698,-10.28872295,0 -55.357001,-10.28866195,0 -55.35702896,-10.28860695,0 -55.35706799,-10.28856095,0 -55.35709491,-10.28851295,0 -55.35713091,-10.28844795,0 -55.35717292,-10.28837795,0 -55.35719397,-10.28833595,0 -55.35722393000001,-10.28827995,0 -55.35725603000001,-10.28822295,0 -55.35728599999999,-10.28816395,0 -55.35731902000001,-10.28809595,0 -55.35735901,-10.28805895,0 -55.35736999,-10.28816995,0 -55.35735591000001,-10.28821695,0 -55.35732991,-10.28827895,0 -55.35730894000001,-10.28833495,0 -55.35724304,-10.28844595,0 -55.35720992,-10.28850595,0 -55.35717295,-10.28856695,0 -55.35712295,-10.28866395,0 -55.35709299,-10.28871995,0 -55.35706095,-10.28879095,0 -55.35702797,-10.28885195,0 -55.35698900999999,-10.28893795,0 -55.35694903,-10.28902895,0 -55.35691997,-10.28907695,0 -55.35688703,-10.28912995,0 -55.35686296,-10.28917895,0 -55.35685004,-10.28922195,0 -55.35683901,-10.28925795,0 -55.35683704,-10.28930795,0 -55.35684292,-10.28935695,0 -55.35685602,-10.28938995,0 -55.35689104,-10.28942995,0 -55.35692098,-10.28945995,0 -55.35696492,-10.28948695,0 -55.35702293000001,-10.28949595,0 -55.35706393,-10.28951095,0 -55.35711697,-10.28948795,0 -55.35714996,-10.28945395,0 -55.35717496,-10.28941895,0 -55.35718798,-10.28938395,0 -55.35721190999999,-10.28933395,0 -55.35723898999999,-10.28928295,0 -55.35727693,-10.28922995,0 -55.35730398,-10.28918495,0 -55.35732303,-10.28914195,0 -55.35736701,-10.28907795,0 -55.35738793,-10.28903095,0 -55.35742695,-10.28895995,0 -55.35746693,-10.28889795,0 -55.35749292,-10.28883795,0 -55.35754596,-10.28875795,0 -55.35757292000001,-10.28870295,0 -55.35762295,-10.28860095,0 -55.35764695000001,-10.28853895,0 -55.35768497000001,-10.28846895,0 -55.35772598,-10.28839895,0 -55.35776602,-10.28832395,0 -55.3578,-10.28829195,0 -55.35785298,-10.28833395,0 -55.35781996,-10.28845795,0 -55.35778495,-10.28852595,0 -55.35774894,-10.28859395,0 -55.35772495,-10.28865395,0 -55.35763903,-10.28880195,0 -55.35760191,-10.28886195,0 -55.35755590999999,-10.28893195,0 -55.35752492999999,-10.28899095,0 -55.35748401000001,-10.28906995,0 -55.35745095999999,-10.28914495,0 -55.35740495000001,-10.28924395,0 -55.35737302999999,-10.28929295,0 -55.35733894,-10.28934695,0 -55.35731098999999,-10.28939995,0 -55.35726395999999,-10.28947495,0 -55.35722904,-10.28952595,0 -55.35722493,-10.28957495,0 -55.35724592,-10.28962595,0 -55.35727296000001,-10.28966595,0 -55.35732994,-10.28970795,0 -55.35741097,-10.28973295,0 -55.35745492,-10.28972995,0 -55.357486,-10.28970595,0 -55.35752103,-10.28966195,0 -55.35755202999999,-10.28962595,0 -55.35758397,-10.28957295,0 -55.35761792,-10.28951895,0 -55.35764798999999,-10.28946895,0 -55.35769091000001,-10.28938895,0 -55.35773404,-10.28932295,0 -55.35777797999999,-10.28926695,0 -55.35783598,-10.28916795,0 -55.35788198,-10.28909795,0 -55.35791392,-10.28904495,0 -55.35795591,-10.28898095,0 -55.35798199,-10.28895695,0 -55.35804396999999,-10.28902495,0 -55.35801490000001,-10.28907495,0 -55.3579779,-10.28914095,0 -55.35794091,-10.28920495,0 -55.35788002,-10.28928495,0 -55.35784504,-10.28934695,0 -55.35781593,-10.28940295,0 -55.35780096,-10.28945795,0 -55.35777893000001,-10.28952395,0 -55.35778899,-10.28959295,0 -55.35781896,-10.28964495,0 -55.35786502999999,-10.28967295,0 -55.35791703,-10.28968595,0 -55.35798702000001,-10.28969595,0 -55.35801203,-10.28968595,0 -55.35806299,-10.28962295,0 -55.35811896,-10.28952995,0 -55.35817303,-10.28944495,0 -55.35825895000001,-10.28929895,0 -55.35830095,-10.28923195,0 -55.35833699,-10.28915795,0 -55.35838992,-10.28907295,0 -55.35841797,-10.28902795,0 -55.35844497,-10.28899295,0 -55.35846597,-10.28895895,0 -55.35848395999999,-10.28892795,0 -55.35850093000001,-10.28890095,0 -55.35850598,-10.28888995,0 -55.35854098,-10.28893395,0 -55.358538,-10.28901395,0 -55.35851893,-10.28906095,0 -55.35848602999999,-10.28910695,0 -55.35845897999999,-10.28915195,0 -55.35841599,-10.28924495,0 -55.35836195,-10.28932295,0 -55.35831794,-10.28939395,0 -55.35825096,-10.28951895,0 -55.35820595,-10.28964495,0 -55.35817197,-10.28970595,0 -55.35815201,-10.28975895,0 -55.35814703,-10.28981295,0 -55.35815802,-10.28986695,0 -55.35819002000001,-10.28991095,0 -55.35822695,-10.28994295,0 -55.35826698,-10.28998095,0 -55.35830691,-10.29000895,0 -55.35835500000001,-10.29003395,0 -55.35841792,-10.29005895,0 -55.3584729,-10.29007395,0 -55.35852803000001,-10.29008695,0 -55.358594,-10.29010295,0 -55.35864302,-10.29011195,0 -55.35869504000001,-10.29012095,0 -55.35876001,-10.29013495,0 -55.35882400999999,-10.29014395,0 -55.35887001,-10.29015795,0 -55.35891794999999,-10.29018295,0 -55.35896504,-10.29020795,0 -55.35901792,-10.29024295,0 -55.359084,-10.29026395,0 -55.35912697000001,-10.29028495,0 -55.35916893000001,-10.29030795,0 -55.35920802,-10.29033395,0 -55.35924799,-10.29035595,0 -55.35929097999999,-10.29034495,0 -55.35935897,-10.29032795,0 -55.35941995,-10.29031395,0 -55.35947892999999,-10.29029995,0 -55.35953994,-10.29028095,0 -55.35963193,-10.29025695,0 -55.35968698999999,-10.29022795,0 -55.35972692,-10.29020295,0 -55.35976202,-10.29017295,0 -55.35979901999999,-10.29013495,0 -55.3598439,-10.29011695,0 -55.35989094000001,-10.29009595,0 -55.35992090999999,-10.29006595,0 -55.35989291,-10.29001895,0 -55.35986494,-10.28988295,0 -55.35986093,-10.28980295,0 -55.35986290999999,-10.28972295,0 -55.35986703,-10.28964395,0 -55.359883,-10.28956295,0 -55.35993292,-10.28950695,0 -55.35994793999999,-10.28949995,0 -55.36006895999999,-10.28946095,0 -55.36013092,-10.28944995,0 -55.36018498,-10.28944995,0 -55.36022001000001,-10.28946195,0 -55.3602719,-10.28946795,0 -55.36032396,-10.28946895,0 -55.36038092,-10.28948895,0 -55.36042594999999,-10.28949695,0 -55.36047597,-10.28950595,0 -55.36052599,-10.28951595,0 -55.36057702000001,-10.28952195,0 -55.3606429,-10.28952595,0 -55.36069393,-10.28953295,0 -55.36074097,-10.28953995,0 -55.36080702,-10.28953795,0 -55.36085791999999,-10.28954295,0 -55.36091096,-10.28954795,0 -55.36096504,-10.28957195,0 -55.36100897000001,-10.28959995,0 -55.36105202,-10.28963395,0 -55.36108295,-10.28966495,0 -55.36111194,-10.28971495,0 -55.36114799,-10.28977695,0 -55.36117493,-10.28983495,0 -55.36120501,-10.28989495,0 -55.361245,-10.28996795,0 -55.36127793999999,-10.29002495,0 -55.36130899,-10.29008995,0 -55.36133303,-10.29015695,0 -55.36136293999999,-10.29022095,0 -55.36140902,-10.29027595,0 -55.36145001,-10.29032095,0 -55.36149296,-10.29037395,0 -55.36152894,-10.29042195,0 -55.36158598,-10.29048095,0 -55.36163095,-10.29050095,0 -55.36169691,-10.29051795,0 -55.36173591,-10.29050595,0 -55.36178089999999,-10.29046695,0 -55.36181294,-10.29042295,0 -55.36182802,-10.29037495,0 -55.36183099,-10.29032495,0 -55.36182698,-10.29027295,0 -55.3618129,-10.29023695,0 -55.36178991,-10.29018695,0 -55.36176304,-10.29014195,0 -55.36170595,-10.29003695,0 -55.36167993,-10.28999395,0 -55.36165893,-10.28994495,0 -55.3616469,-10.28989795,0 -55.36163498000001,-10.28985795,0 -55.36163704000001,-10.28981895,0 -55.36165504,-10.28978595,0 -55.3616969,-10.28977195,0 -55.3617309,-10.28978995,0 -55.36176404,-10.28983795,0 -55.36179204,-10.28988495,0 -55.361823,-10.28993895,0 -55.36185699999999,-10.28998395,0 -55.36190492000001,-10.29001195,0 -55.36195895,-10.29001995,0 -55.36201,-10.29002195,0 -55.36205402,-10.29000595,0 -55.36208798000001,-10.28997495,0 -55.36211899,-10.28993695,0 -55.36214701,-10.28989795,0 -55.36218292,-10.28984895,0 -55.36221596,-10.28980395,0 -55.36224399,-10.28976195,0 -55.36227499,-10.28972495,0 -55.3623099,-10.28967695,0 -55.36233992,-10.28963795,0 -55.36239797999999,-10.28955295,0 -55.36243596,-10.28951795,0 -55.36251099,-10.28946395,0 -55.36256499,-10.28942095,0 -55.36262896,-10.28937995,0 -55.36268293,-10.28934295,0 -55.36272703,-10.28930995,0 -55.36277203000001,-10.28926895,0 -55.36279497000001,-10.28921895,0 -55.36280195,-10.28916595,0 -55.36279498,-10.28910595,0 -55.36278299999999,-10.28904995,0 -55.362757,-10.28897595,0 -55.362735,-10.28892595,0 -55.36270196,-10.28886095,0 -55.36267196,-10.28878695,0 -55.36264393,-10.28871795,0 -55.36260899,-10.28863295,0 -55.36256901000001,-10.28855695,0 -55.36251294,-10.28844995,0 -55.36247403,-10.28838795,0 -55.36236594,-10.28818695,0 -55.36232198,-10.28810995,0 -55.36229491,-10.28804895,0 -55.36226597,-10.28798895,0 -55.36224391,-10.28792495,0 -55.36221403,-10.28785495,0 -55.36218398999999,-10.28778895,0 -55.36215903999999,-10.28773095,0 -55.36212501,-10.28766295,0 -55.36209600999999,-10.28758795,0 -55.36206703,-10.28750995,0 -55.36203893,-10.28745495,0 -55.36199695,-10.28737995,0 -55.36197497,-10.28732795,0 -55.361952,-10.28727395,0 -55.36192999,-10.28722595,0 -55.36190297,-10.28718195,0 -55.36187798,-10.28713195,0 -55.36185897,-10.28708495,0 -55.36192198,-10.28709195,0 -55.36195593,-10.28714795,0 -55.36201399999999,-10.28725495,0 -55.36204891,-10.28731695,0 -55.36208195,-10.28738295,0 -55.36212492,-10.28745895,0 -55.36216904,-10.28753395,0 -55.36221498,-10.28758695,0 -55.36226095,-10.28763495,0 -55.36229690999999,-10.28768795,0 -55.36231303,-10.28774295,0 -55.36233402,-10.28779495,0 -55.36236793,-10.28785695,0 -55.36240298,-10.28791995,0 -55.36245094,-10.28799595,0 -55.36247692,-10.28804895,0 -55.36249202,-10.28810695,0 -55.36260601,-10.28832495,0 -55.36262900000001,-10.28837495,0 -55.36265401000001,-10.28842195,0 -55.36275290999999,-10.28860695,0 -55.36279295,-10.28866895,0 -55.36281792,-10.28872295,0 -55.36284402,-10.28877995,0 -55.36287592,-10.28881795,0 -55.36291997,-10.28887895,0 -55.36295999,-10.28891695,0 -55.36300892000001,-10.28894495,0 -55.36306393,-10.28895395,0 -55.36312091,-10.28894095,0 -55.36316002,-10.28890895,0 -55.36319504000001,-10.28886795,0 -55.36321901,-10.28881095,0 -55.36324092,-10.28876595,0 -55.363259,-10.28871795,0 -55.36327097,-10.28866595,0 -55.36327596,-10.28860995,0 -55.363273,-10.28854795,0 -55.36326201,-10.28849395,0 -55.36324291,-10.28843595,0 -55.36322792,-10.28838295,0 -55.36322802000001,-10.28833495,0 -55.36323195,-10.28829195,0 -55.36322394,-10.28824195,0 -55.36322291999999,-10.28819095,0 -55.36323499,-10.28814495,0 -55.36323994,-10.28809795,0 -55.3632439,-10.28804995,0 -55.36323992,-10.28799195,0 -55.36322594000001,-10.28793595,0 -55.36321103,-10.28786795,0 -55.363188,-10.28782595,0 -55.36314304,-10.28780395,0 -55.36309992,-10.28778395,0 -55.36304497,-10.28776295,0 -55.36294702,-10.28775395,0 -55.36290795,-10.28777895,0 -55.36284702,-10.28778295,0 -55.36280492,-10.28775895,0 -55.36277500000001,-10.28772395,0 -55.36275993,-10.28768695,0 -55.3627559,-10.28761095,0 -55.36278397,-10.28758995,0 -55.36283901,-10.28756495,0 -55.36289498,-10.28752795,0 -55.36295093,-10.28746595,0 -55.3629719,-10.28740895,0 -55.36295596,-10.28734795,0 -55.36293591,-10.28730695,0 -55.36293592,-10.28725095,0 -55.36292291,-10.28719995,0 -55.362889,-10.28713795,0 -55.36285698,-10.28706795,0 -55.36280194,-10.28698195,0 -55.36276004,-10.28691895,0 -55.36273492,-10.28686695,0 -55.36269094,-10.28681895,0 -55.36265195,-10.28677395,0 -55.36258802,-10.28666895,0 -55.36254901,-10.28659895,0 -55.36250598000001,-10.28653395,0 -55.36246494,-10.28647095,0 -55.36242703,-10.28640995,0 -55.36238792,-10.28633195,0 -55.36240002,-10.28627995,0 -55.36241896,-10.28623195,0 -55.36245494,-10.28619695,0 -55.36252093,-10.28615295,0 -55.36258397,-10.28612595,0 -55.36262395999999,-10.28608895,0 -55.36268101,-10.28603495,0 -55.362726,-10.28599595,0 -55.36278304,-10.28594295,0 -55.36282592,-10.28589895,0 -55.36286804,-10.28583595,0 -55.36289896,-10.28578695,0 -55.36294391,-10.28572795,0 -55.36298798,-10.28567395,0 -55.36305202,-10.28561895,0 -55.36311191,-10.28556795,0 -55.36316396,-10.28551395,0 -55.36321691,-10.28545395,0 -55.36326791,-10.28541095,0 -55.36331604000001,-10.28537195,0 -55.36336902,-10.28533295,0 -55.36341602,-10.28528993,0 -55.36346292000001,-10.28524193,0 -55.36349693,-10.28520093,0 -55.36353393000001,-10.28513593,0 -55.36354195,-10.28507293,0 -55.36353996,-10.28501593,0 -55.36352496999999,-10.28496393,0 -55.36349703,-10.28484893,0 -55.36348301,-10.28477393,0 -55.36346091,-10.28468993,0 -55.36345204,-10.28458493,0 -55.36344403,-10.28453193,0 -55.36343100999999,-10.28448493,0 -55.36342593999999,-10.28444393,0 -55.36342304000001,-10.28439893,0 -55.36340795,-10.28422593,0 -55.36340994,-10.28411793,0 -55.36341491,-10.28403793,0 -55.36341797000001,-10.28396993,0 -55.36342296,-10.28386093,0 -55.36341798000001,-10.28366493,0 -55.36342298,-10.28357893,0 -55.36341401,-10.28349393,0 -55.36339002,-10.28341493,0 -55.36337093,-10.28332793,0 -55.36337204,-10.28325093,0 -55.36336896000001,-10.28318293,0 -55.36337491,-10.28310793,0 -55.36337594,-10.28301993,0 -55.36336591999999,-10.28294393,0 -55.36336603,-10.28286593,0 -55.36336399,-10.28279193,0 -55.36335895,-10.28271693,0 -55.3633579,-10.28264393,0 -55.36335290000001,-10.28256293,0 -55.36334891,-10.28247893,0 -55.36334701,-10.28240593,0 -55.36334600999999,-10.28232193,0 -55.36333695,-10.28219893,0 -55.36333504,-10.28209893,0 -55.36333104,-10.28201693,0 -55.36332991999999,-10.28192993,0 -55.36331396,-10.28184293,0 -55.36327396,-10.28171593,0 -55.36322392000001,-10.28165493,0 -55.36317291,-10.28164493,0 -55.36308799,-10.28171093,0 -55.36304095,-10.28175893,0 -55.36298195,-10.28180393,0 -55.362905,-10.28184493,0 -55.36284796,-10.28186893,0 -55.36275193,-10.28193193,0 -55.3626099,-10.28206193,0 -55.36250498999999,-10.28215993,0 -55.36231693,-10.28233793,0 -55.362129,-10.28251793,0 -55.36202492,-10.28261993,0 -55.36193100999999,-10.28271293,0 -55.36183395,-10.28280893,0 -55.36172098,-10.28291893,0 -55.36161290999999,-10.28301993,0 -55.36149399,-10.28309493,0 -55.36140201,-10.28311693,0 -55.3612659,-10.28312293,0 -55.36106893,-10.28311993,0 -55.36089093,-10.28311693,0 -55.36072903,-10.28311793,0 -55.360535,-10.28312593,0 -55.36037503,-10.28313993,0 -55.36034902000001,-10.28317793,0 -55.36037403000001,-10.28327793,0 -55.36042794,-10.28341893,0 -55.36048002,-10.28355293,0 -55.36053102,-10.28367593,0 -55.36058201,-10.28380193,0 -55.360632,-10.28392793,0 -55.36068394,-10.28406193,0 -55.36075292,-10.28423893,0 -55.36081600999999,-10.28439593,0 -55.36087092,-10.28453593,0 -55.36093303,-10.28468893,0 -55.36097993,-10.28480693,0 -55.36112299,-10.28516795,0 -55.361189,-10.28533995,0 -55.36124291000001,-10.28547895,0 -55.36129599,-10.28561495,0 -55.36135203,-10.28575595,0 -55.36140102,-10.28588195,0 -55.36146892,-10.28604695,0 -55.36156699,-10.28628095,0 -55.36162503,-10.28642295,0 -55.36170496,-10.28660595,0 -55.36175696,-10.28672895,0 -55.36180992,-10.28686095,0 -55.36182902,-10.28700195,0 -55.36180895,-10.28710295,0 -55.36175702,-10.28721495,0 -55.36167195,-10.28733795,0 -55.36158202999999,-10.28745895,0 -55.36148998,-10.28757895,0 -55.36138602,-10.28771095,0 -55.361278,-10.28785795,0 -55.36118304,-10.28798795,0 -55.36109699,-10.28810595,0 -55.36097102,-10.28827495,0 -55.3608449,-10.28844495,0 -55.36074091,-10.28858495,0 -55.36066794999999,-10.28867995,0 -55.36057201,-10.28880795,0 -55.36048195,-10.28892895,0 -55.36038597,-10.28906295,0 -55.3602779,-10.28921795,0 -55.36020091,-10.28932095,0 -55.36013696,-10.28938495,0 -55.36005594000001,-10.28941395,0 -55.35998896,-10.28942895,0 -55.35996895,-10.28943595,0 -55.36005193,-10.28936095,0 -55.36026596,-10.28918195,0 -55.36036801,-10.28903295,0 -55.36045194,-10.28891195,0 -55.36054298,-10.28879395,0 -55.36061596,-10.28869395,0 -55.36073199,-10.28854295,0 -55.36084791,-10.28838795,0 -55.36100504,-10.28817795,0 -55.36117597000001,-10.28794895,0 -55.36129299,-10.28779895,0 -55.36141693,-10.28763595,0 -55.36152791999999,-10.28749495,0 -55.36165097999999,-10.28733795,0 -55.36173604,-10.28721895,0 -55.36178898000001,-10.28710295,0 -55.36180093,-10.28699995,0 -55.36178794,-10.28689095,0 -55.36173703,-10.28674895,0 -55.361652,-10.28653195,0 -55.36156903,-10.28632795,0 -55.36149497,-10.28614095,0 -55.36141395,-10.28594595,0 -55.36134495,-10.28577395,0 -55.36126400000001,-10.28556695,0 -55.36119404,-10.28538595,0 -55.36111502999999,-10.28518995,0 -55.36102291,-10.28496293,0 -55.36094402,-10.28477093,0 -55.36085491,-10.28454193,0 -55.36073397000001,-10.28423393,0 -55.36066399,-10.28405693,0 -55.36054103999999,-10.28375293,0 -55.36046199,-10.28356393,0 -55.36037098999999,-10.28331493,0 -55.36030991,-10.28318193,0 -55.36022995,-10.28314293,0 -55.35978592,-10.28314193,0 -55.35962101000001,-10.28314393,0 -55.35937297,-10.28314293,0 -55.35914402,-10.28314493,0 -55.35888697,-10.28314793,0 -55.35863391,-10.28315193,0 -55.35843804,-10.28315593,0 -55.35823191000001,-10.28315993,0 -55.35806701,-10.28316093,0 -55.35783390000001,-10.28316793,0 -55.35758096,-10.28317493,0 -55.35737196000001,-10.28318093,0 -55.357243,-10.28318493,0 -55.35717593,-10.28319093,0 
				</coordinates>
			</LineString>
		</Placemark>
		<Placemark>
			<name>T04 - Sede Velha 60</name>
			<Style>
				<LineStyle>
					<color>ff000000</color>
					<width>2</width>
				</LineStyle>
			</Style>
			<LineString>
				<coordinates>
					-55.36167197,-10.29183928,0 -55.36171801,-10.29184729,0 -55.36178989,-10.29187722,0 -55.36185596,-10.29190024,0 -55.36191992,-10.29191621,0 -55.36197397,-10.29194722,0 -55.362037,-10.29197728,0 -55.36211102,-10.29200722,0 -55.36217093,-10.29200725,0 -55.36227505,-10.29203825,0 -55.3623369,-10.29207626,0 -55.36238596,-10.29210625,0 -55.36243896,-10.29214621,0 -55.3625419,-10.29221029,0 -55.362589,-10.29226125,0 -55.36262303,-10.29229921,0 -55.36268191999999,-10.29235927,0 -55.362735,-10.29241125,0 -55.362778,-10.29245423,0 -55.36282894,-10.29247926,0 -55.36288108999999,-10.29249128,0 -55.36292900000001,-10.29249423,0 -55.36297606,-10.29249728,0 -55.36302200999999,-10.29249326,0 -55.36307599,-10.29248223,0 -55.363122,-10.29246628,0 -55.36318791000001,-10.29243624,0 -55.36324098,-10.29240821,0 -55.36328594,-10.29237525,0 -55.36339499,-10.29233422,0 -55.36343504,-10.29231326,0 -55.36349895,-10.2922842,0 -55.36357103,-10.29224723,0 -55.36362993000001,-10.29222122,0 -55.36367497,-10.29220128,0 -55.36372802,-10.29217624,0 -55.36376994,-10.29215122,0 -55.3638189,-10.2921182,0 -55.36388398,-10.29208426,0 -55.36394604,-10.29205429,0 -55.36404,-10.29200721,0 -55.36411206,-10.29197421,0 -55.36418298,-10.29194121,0 -55.36425904,-10.29190724,0 -55.36433198,-10.29187126,0 -55.36439803,-10.29184221,0 -55.36446594,-10.29181128,0 -55.36456101,-10.29177026,0 -55.36465895,-10.29172627,0 -55.364732,-10.29169626,0 -55.36479998000001,-10.29167925,0 -55.36485095,-10.29167028,0 -55.36492302000001,-10.29166423,0 -55.36498288,-10.29167321,0 -55.365033,-10.29169227,0 -55.36508595000001,-10.29171423,0 -55.365143,-10.29174327,0 -55.36518397,-10.29176527,0 -55.36522501,-10.29180028,0 -55.36527001,-10.29184327,0 -55.36531797,-10.29189125,0 -55.365359,-10.29195728,0 -55.36539095,-10.29201422,0 -55.36543203,-10.29206921,0 -55.36549292,-10.29212729,0 -55.36556994,-10.29218527,0 -55.36562497,-10.29221927,0 -55.36571100999999,-10.29224222,0 -55.36576094,-10.2922412,0 -55.36582802,-10.29223322,0 -55.36586692,-10.29221425,0 -55.36592797,-10.29218626,0 -55.36598897,-10.29214028,0 -55.36604599999999,-10.29209021,0 -55.36607801,-10.29205222,0 -55.36610793,-10.29200427,0 -55.36613002,-10.29195122,0 -55.36613796000001,-10.29190624,0 -55.36612705,-10.29183621,0 -55.36611000000001,-10.29176822,0 -55.36607100999999,-10.29169425,0 -55.36603095000001,-10.29163321,0 -55.36597303,-10.29155127,0 -55.36591897,-10.29146927,0 -55.36585006,-10.29136025,0 -55.36575297,-10.29121221,0 -55.36565806,-10.29111129,0 -55.36560996999999,-10.29100328,0 -55.36555599,-10.29093321,0 -55.36552402,-10.29088124,0 -55.36546099,-10.29079323,0 -55.36539892,-10.29071525,0 -55.36533305,-10.29065227,0 -55.36522305,-10.29060226,0 -55.36513703000001,-10.29060327,0 -55.36508502,-10.29062027,0 -55.36503695,-10.29064725,0 -55.36496094,-10.29069921,0 -55.36492398,-10.29072922,0 -55.36487693999999,-10.29077825,0 -55.36481994,-10.29082227,0 -55.36477202,-10.29084924,0 -55.36471199000001,-10.29087326,0 -55.36466192999999,-10.29089823,0 -55.36459794,-10.29091626,0 -55.36454299,-10.29092122,0 -55.36446400999999,-10.29094026,0 -55.36437702,-10.29096423,0 -55.36432499,-10.29098522,0 -55.36423902000001,-10.29100323,0 -55.36416699,-10.29103026,0 -55.364086,-10.29105227,0 -55.36401603,-10.29106629,0 -55.36395192,-10.29107826,0 -55.36390292,-10.29109221,0 -55.36384793,-10.29110621,0 -55.36380207,-10.29112126,0 -55.36374701,-10.29114928,0 -55.36362904000001,-10.29117626,0 -55.36355691,-10.29119524,0 -55.36346905999999,-10.2912202,0 -55.36343191,-10.29123123,0 -55.36337993000001,-10.29124326,0 -55.36331498,-10.29122422,0 -55.36328304,-10.29119422,0 -55.36328795,-10.29115528,0 -55.36333004,-10.2911252,0 -55.36336792,-10.29111021,0 -55.36343805,-10.29109221,0 -55.36348301,-10.29108728,0 -55.36353702,-10.29106821,0 -55.36361405,-10.29104021,0 -55.36370801999999,-10.29101926,0 -55.36382903999999,-10.29098027,0 -55.36389793,-10.29095422,0 -55.36398991000001,-10.29093226,0 -55.36407593,-10.29090223,0 -55.36417694,-10.29087128,0 -55.36427294,-10.29081525,0 -55.36430003,-10.29076323,0 -55.36429105,-10.29070523,0 -55.36425802999999,-10.29066329,0 -55.36421501,-10.29065322,0 -55.36408193,-10.29059622,0 -55.36403097000001,-10.29060428,0 -55.36398801,-10.29063625,0 -55.36389098,-10.29067021,0 -55.36374797,-10.29068522,0 -55.36371105000001,-10.29070826,0 -55.36357195000001,-10.29074128,0 -55.36348805,-10.29077323,0 -55.36342991,-10.29078921,0 -55.36337503,-10.29081026,0 -55.36330995,-10.29084321,0 -55.3632629,-10.29086729,0 -55.36319504000001,-10.29088729,0 -55.3631169,-10.29091022,0 -55.36307394,-10.29091425,0 -55.36303097,-10.29092127,0 -55.36296401999999,-10.29093024,0 -55.36291792,-10.29093625,0 -55.36286995,-10.29094423,0 -55.36281097,-10.29095822,0 -55.36276398,-10.29096928,0 -55.36270904,-10.29097325,0 -55.36264696,-10.29097927,0 -55.36258503000001,-10.29101023,0 -55.36253903,-10.29102429,0 -55.36248603000001,-10.2910402,0 -55.36242794,-10.29107426,0 -55.36236996,-10.29108726,0 -55.36231994,-10.29110626,0 -55.36226401,-10.29113627,0 -55.36221307,-10.2911672,0 -55.36215802,-10.29119224,0 -55.36210503,-10.29120625,0 -55.36205599,-10.29122725,0 -55.36198298,-10.29122327,0 -55.36193295,-10.29121524,0 -55.36189396000001,-10.29119723,0 -55.36194308,-10.29110526,0 -55.36197998,-10.29108529,0 -55.36201498,-10.29104722,0 -55.36205395,-10.29101424,0 -55.36211296,-10.29096725,0 -55.36215796,-10.29092725,0 -55.36221298,-10.29087925,0 -55.36225705,-10.29085425,0 -55.36229296,-10.29083327,0 -55.36234606000001,-10.29079828,0 -55.36239001000001,-10.29076722,0 -55.36244294999999,-10.29073621,0 -55.36246901,-10.29068924,0 -55.362512,-10.29062228,0 -55.36252596,-10.29057226,0 -55.36252894,-10.29051921,0 -55.36252798,-10.29045628,0 -55.36251599,-10.29040224,0 -55.36248096999999,-10.29036229,0 -55.36243002,-10.29031122,0 -55.36240999000001,-10.29026727,0 -55.36240191,-10.29020322,0 -55.36242098000001,-10.29015522,0 -55.36247200999999,-10.29007926,0 -55.36252699,-10.29004021,0 -55.36257602,-10.28999227,0 -55.362622,-10.28995525,0 -55.36267998,-10.28991423,0 -55.36273092999999,-10.28988122,0 -55.36277807,-10.28984122,0 -55.36282592,-10.28980123,0 -55.36287797,-10.28974824,0 -55.36292092999999,-10.28968825,0 -55.36297994,-10.28961324,0 -55.36304401,-10.28955425,0 -55.36309997,-10.28951828,0 -55.36315202,-10.28949323,0 -55.36320201,-10.28945226,0 -55.36324097,-10.28942027,0 -55.36329900999999,-10.28936921,0 -55.36335297,-10.28933223,0 -55.36341098,-10.28928723,0 -55.36345396000001,-10.28925029,0 -55.36351401000001,-10.28919626,0 -55.36357195000001,-10.28913525,0 -55.36364289,-10.28907124,0 -55.36370703,-10.28902527,0 -55.36380194,-10.28895822,0 -55.36387096999999,-10.28890622,0 -55.36391296,-10.28886728,0 -55.36395593999999,-10.28883125,0 -55.36398994000001,-10.28879426,0 -55.36400606,-10.2887372,0 -55.36400600000001,-10.28869326,0 -55.36399602,-10.28863824,0 -55.36397796999999,-10.28859828,0 -55.36393896,-10.28855623,0 -55.36389199,-10.28853528,0 -55.36382996,-10.28853226,0 -55.36378597,-10.28854325,0 -55.363741,-10.28855025,0 -55.363701,-10.28856226,0 -55.36366291,-10.28858928,0 -55.36361895000001,-10.28862323,0 -55.36357098,-10.28865924,0 -55.36352001,-10.28872326,0 -55.36347494,-10.28877728,0 -55.36344302,-10.28882621,0 -55.36339794,-10.28888222,0 -55.36335304,-10.28893127,0 -55.36330398,-10.28898626,0 -55.36324302,-10.28905023,0 -55.36318292,-10.2891152,0 -55.36312497,-10.28917829,0 -55.36307696999999,-10.28921927,0 -55.36300891,-10.28927923,0 -55.36291794,-10.28935526,0 -55.36281806,-10.28941524,0 -55.36276497,-10.28944923,0 -55.36270701,-10.28948628,0 -55.36265591,-10.28952029,0 -55.36257601,-10.28957829,0 -55.36247295,-10.28967523,0 -55.36241598,-10.28974121,0 -55.36237103,-10.28980029,0 -55.36232695,-10.28985621,0 -55.36229987,-10.28990824,0 -55.36226403,-10.28996926,0 -55.362214,-10.29004523,0 -55.36219093,-10.29009321,0 -55.36217401,-10.29013824,0 -55.36215694999999,-10.29018326,0 -55.36212998,-10.29023927,0 -55.36211293,-10.29028222,0 -55.362087,-10.29035921,0 -55.36206405,-10.29041126,0 -55.36204098,-10.29046023,0 -55.36202098,-10.29052026,0 -55.36197597000001,-10.29061921,0 -55.36195699,-10.29067625,0 -55.36193399,-10.29073725,0 -55.36190197,-10.29080526,0 -55.36185789,-10.29089029,0 -55.36183891,-10.29094625,0 -55.36181597,-10.29099622,0 -55.36179301,-10.29105125,0 -55.36178701,-10.29110727,0 -55.36178298999999,-10.29116828,0 -55.361784,-10.29122127,0 -55.36180199,-10.29127325,0 -55.36181694,-10.29133426,0 -55.36184597999999,-10.29140122,0 -55.3618869,-10.2914592,0 -55.36188392,-10.29151226,0 -55.36186893000001,-10.29157022,0 -55.3618349,-10.29161327,0 -55.36178308,-10.29164826,0 -55.36171596,-10.29169123,0 -55.36164103,-10.2917262,0 -55.36163392,-10.29175021,0 -55.36167197,-10.29183928,0 
				</coordinates>
			</LineString>
		</Placemark>
		<Placemark>
			<name>T05 - Sede Velha 16</name>
			<Style>
				<LineStyle>
					<color>ff000000</color>
					<width>2</width>
				</LineStyle>
			</Style>
			<LineString>
				<coordinates>
					-55.35486602000001,-10.29566423,0 -55.35489397,-10.29580424,0 -55.35490698,-10.29590828,0 -55.35493998,-10.29598222,0 -55.35500391999999,-10.29608525,0 -55.35505405,-10.29615629,0 -55.35510401,-10.29623222,0 -55.35514901,-10.29630025,0 -55.355196,-10.29637128,0 -55.35523798,-10.29641824,0 -55.35538704,-10.29669528,0 -55.35544003,-10.29676526,0 -55.35551194000001,-10.29687222,0 -55.35560204000001,-10.29701923,0 -55.35567406,-10.29713224,0 -55.35574494,-10.29732725,0 -55.35577399,-10.29739322,0 -55.35582698999999,-10.29746021,0 -55.355856,-10.29750421,0 -55.35590994,-10.29758323,0 -55.35594096,-10.29762624,0 -55.35606803999999,-10.29779423,0 -55.35609993000001,-10.29783426,0 -55.35613604,-10.29788625,0 -55.35617296,-10.29794629,0 -55.35620088,-10.29798025,0 -55.35624503,-10.29802124,0 -55.35628389999999,-10.29806321,0 -55.35632693,-10.29809923,0 -55.35636695,-10.29811227,0 -55.35641593,-10.29812925,0 -55.35647906,-10.29814123,0 -55.35652305,-10.29815827,0 -55.35657694999999,-10.29816225,0 -55.35666291,-10.29814623,0 -55.35671094,-10.29812722,0 -55.35676194000001,-10.29811229,0 -55.35685197999999,-10.29807921,0 -55.356909,-10.29805924,0 -55.35697901,-10.29803727,0 -55.35702592,-10.29801228,0 -55.35712996000001,-10.29797529,0 -55.35718499,-10.29795523,0 -55.35723,-10.29794027,0 -55.35728593999999,-10.29790828,0 -55.35733299,-10.29788428,0 -55.35738604,-10.29786023,0 -55.35743999,-10.29782724,0 -55.35747396,-10.29779423,0 -55.357521,-10.29774628,0 -55.35756699,-10.29770827,0 -55.35765488999999,-10.29761822,0 -55.35771692,-10.29754123,0 -55.35778893999999,-10.29746023,0 -55.35782296,-10.29742026,0 -55.35786494,-10.29738323,0 -55.35791498,-10.29733421,0 -55.35794997,-10.29729822,0 -55.35799603,-10.29724728,0 -55.35806398,-10.29718127,0 -55.3581009,-10.29713227,0 -55.35814407,-10.29708629,0 -55.35820502,-10.29702422,0 -55.35824503,-10.29698329,0 -55.35830796999999,-10.29692023,0 -55.35836904,-10.29686322,0 -55.35845396000001,-10.29677125,0 -55.35849097,-10.29673121,0 -55.35854605,-10.29667227,0 -55.35860599,-10.29661127,0 -55.35865201,-10.29656621,0 -55.35868603,-10.29652525,0 -55.35872892,-10.29648026,0 -55.35877507,-10.29643728,0 -55.35880494,-10.29639928,0 -55.358823,-10.29635525,0 -55.3589339,-10.29625926,0 -55.3589729,-10.29622022,0 -55.35902092,-10.29617526,0 -55.35907604,-10.2961372,0 -55.35912802,-10.29609823,0 -55.35919501999999,-10.29605128,0 -55.35924799,-10.29601322,0 -55.35931696,-10.29597325,0 -55.3593669,-10.29594122,0 -55.35940490999999,-10.29590127,0 -55.35946191,-10.29585826,0 -55.35954303,-10.29578327,0 -55.35956295,-10.29573726,0 -55.35956308000001,-10.29568527,0 -55.35953903,-10.29561825,0 -55.359501,-10.29558126,0 -55.35945002999999,-10.2955612,0 -55.35939798,-10.29555922,0 -55.35934598,-10.29557324,0 -55.35929087,-10.29558327,0 -55.35925900000001,-10.29559522,0 -55.35920805,-10.29562824,0 -55.35917099000001,-10.29565029,0 -55.35912803,-10.29568226,0 -55.35908591,-10.29571622,0 -55.35904207,-10.29575324,0 -55.35899193,-10.29579521,0 -55.3589399,-10.29584323,0 -55.35889001,-10.29589224,0 -55.35879197,-10.29598324,0 -55.35866493999999,-10.29610827,0 -55.35858492,-10.29618923,0 -55.35849501,-10.29625323,0 -55.35845094999999,-10.29630427,0 -55.35842196,-10.29633821,0 -55.35838500000001,-10.29639625,0 -55.35832790000001,-10.29643221,0 -55.35828897,-10.2964302,0 -55.35826501,-10.29640124,0 -55.35825794,-10.29633421,0 -55.35828596,-10.29629521,0 -55.35833399,-10.29624726,0 -55.35836897000001,-10.29621426,0 -55.35840798,-10.29617323,0 -55.3584559,-10.29612022,0 -55.35849202000001,-10.29608723,0 -55.35855999999999,-10.29601624,0 -55.35868592,-10.29588425,0 -55.35874391,-10.29584223,0 -55.35877595000001,-10.29579827,0 -55.35891198,-10.29567022,0 -55.35895598999999,-10.29562922,0 -55.3590189,-10.29557222,0 -55.35906899,-10.29554029,0 -55.35910598,-10.29550422,0 -55.35914298,-10.29546625,0 -55.35920992,-10.29540421,0 -55.35925090999999,-10.29536627,0 -55.35928695,-10.29532025,0 -55.35931496,-10.29528224,0 -55.35933503,-10.29523623,0 -55.35933791,-10.29517522,0 -55.35935391,-10.29508824,0 -55.35935398,-10.29501926,0 -55.35934403,-10.29495827,0 -55.35931998,-10.29491927,0 -55.35929406000001,-10.29488325,0 -55.3592669,-10.29483926,0 -55.35922391,-10.29476626,0 -55.35917391,-10.29472623,0 -55.35912697000001,-10.29470023,0 -55.35908302,-10.29467523,0 -55.35903604,-10.29465827,0 -55.35898896999999,-10.29465821,0 -55.35892198,-10.29467523,0 -55.35888392,-10.29469628,0 -55.3588329,-10.29471627,0 -55.358784,-10.29473827,0 -55.35872496,-10.29476229,0 -55.35865796,-10.29478229,0 -55.35860301,-10.29478725,0 -55.35854105000001,-10.29474327,0 -55.35849302,-10.29467929,0 -55.35845701,-10.29463625,0 -55.3584539,-10.29457621,0 -55.35847398,-10.29452722,0 -55.35850796,-10.29446627,0 -55.35854799,-10.29442127,0 -55.35858499999999,-10.29438222,0 -55.358634,-10.29431123,0 -55.35867696,-10.29425223,0 -55.35871502,-10.29420125,0 -55.35874804,-10.29416028,0 -55.35879399,-10.29407526,0 -55.35880808,-10.29402524,0 -55.35880695,-10.29396927,0 -55.35880596,-10.29391222,0 -55.35880596,-10.29385725,0 -55.35878889,-10.29379225,0 -55.35876195000001,-10.29373326,0 -55.35873093,-10.29369124,0 -55.35866796000001,-10.29362022,0 -55.35862096,-10.29357821,0 -55.35857291,-10.29354723,0 -55.35849493999999,-10.29350923,0 -55.35840409,-10.29345027,0 -55.35836094,-10.29343622,0 -55.35829689,-10.29341022,0 -55.35823695000001,-10.29338722,0 -55.35815792,-10.29336123,0 -55.35811596000001,-10.29333824,0 -55.35806794,-10.29332823,0 -55.35800297999999,-10.29331127,0 -55.35793102,-10.29329725,0 -55.35787592,-10.29327726,0 -55.35782499,-10.29330521,0 -55.35778797,-10.29340221,0 -55.35776402,-10.29348228,0 -55.35772495,-10.29356327,0 -55.35770202,-10.29361125,0 -55.35765197,-10.29366226,0 -55.35757494000001,-10.29371829,0 -55.35749303,-10.29375223,0 -55.35745293,-10.29378222,0 -55.35735097,-10.29385927,0 -55.35720495,-10.29396124,0 -55.35710202000001,-10.29403223,0 -55.35705399,-10.29407827,0 -55.35696695,-10.29413922,0 -55.35686998,-10.29418827,0 -55.35681295,-10.29423825,0 -55.35667599999999,-10.29429623,0 -55.35661906,-10.29432822,0 -55.35656895999999,-10.29436223,0 -55.35649793,-10.29441521,0 -55.35643706,-10.29446327,0 -55.35639199,-10.29448926,0 -55.35632504,-10.29452626,0 -55.35628008,-10.2945602,0 -55.35623397000001,-10.29459324,0 -55.35618301,-10.29462824,0 -55.35611993,-10.29466128,0 -55.35605802000001,-10.29468926,0 -55.35601097,-10.29471325,0 -55.35595895,-10.29473125,0 -55.35588792,-10.29475829,0 -55.35581199,-10.29476522,0 -55.35575495,-10.29476222,0 -55.35567705,-10.29473823,0 -55.35563693,-10.29471723,0 -55.35557597,-10.29470029,0 -55.35552702999999,-10.29470329,0 -55.35544796,-10.29471121,0 -55.35538001,-10.29472026,0 -55.35532501,-10.29473626,0 -55.35526991999999,-10.29477024,0 -55.35521397,-10.29480323,0 -55.35518594,-10.29484522,0 -55.35515096,-10.29490724,0 -55.35512003,-10.29495726,0 -55.35510097,-10.29502823,0 -55.355074,-10.29511425,0 -55.35504594,-10.29518725,0 -55.35499797000001,-10.29530526,0 -55.35495798,-10.29539827,0 -55.35487899999999,-10.29549921,0 -55.35483094,-10.29552428,0 -55.35486602000001,-10.29566423,0 
				</coordinates>
			</LineString>
		</Placemark>
		<Placemark>
			<name>T06 - Talhão 6</name>
			<Style>
				<LineStyle>
					<color>ff000000</color>
					<width>2</width>
				</LineStyle>
			</Style>
			<LineString>
				<coordinates>
					-55.3602951046326,-10.2957585795078,0 -55.3602514035058,-10.2957149743872,0 -55.3601817641836,-10.2957441108421,0 -55.3600812852586,-10.2957149868808,0 -55.359898738999,-10.2957689231145,0 -55.35973090421849,-10.295885985827,0 -55.35934247111659,-10.2961296153454,0 -55.3589852054912,-10.2964271699443,0 -55.3586000581106,-10.2968430245023,0 -55.358294066571,-10.2971629040158,0 -55.3579004718099,-10.2975849338295,0 -55.3575657743109,-10.2978717789175,0 -55.3572652989715,-10.2980188406976,0 -55.35672725789119,-10.2982166257032,0 -55.3565665121906,-10.2982212424915,0 -55.3563099350345,-10.2981580543876,0 -55.3560958720152,-10.2979300562033,0 -55.355696089604,-10.2973641863251,0 -55.3556001324278,-10.2971230359462,0 -55.3553589750283,-10.2967642542796,0 -55.3550837083062,-10.2962884058201,0 -55.354856473931,-10.2959228186384,0 -55.3547545012915,-10.2955028595954,0 -55.35417605984509,-10.2946595341862,0 -55.3539882151086,-10.2942969227255,0 -55.3539292840902,-10.2943838029132,0 -55.35379674175051,-10.2945003955179,0 -55.35384397771081,-10.2945374021069,0 -55.3538317239471,-10.2945823733708,0 -55.35379333352021,-10.2946267209079,0 -55.3537559669319,-10.2946595798218,0 -55.35371389704879,-10.2947162705746,0 -55.3536410278562,-10.2947296201969,0 -55.3535910841573,-10.2947269564644,0 -55.35352713608089,-10.2947693266012,0 -55.35353988733699,-10.2948292334032,0 -55.3535004235662,-10.2948498012219,0 -55.3534588895836,-10.2948498022363,0 -55.35346812554911,-10.2948905251831,0 -55.3534247231727,-10.2949106852912,0 -55.3533464476692,-10.2949411558251,0 -55.3532836703468,-10.2949917608862,0 -55.3532510283287,-10.2950561117918,0 -55.35321982984869,-10.2951559301894,0 -55.3532406607483,-10.2952445487045,0 -55.3532547794504,-10.295351933551,0 -55.3532787731766,-10.2954480649271,0 -55.3532922065175,-10.2955063368397,0 -55.3532556228312,-10.2955635101169,0 -55.3531952536931,-10.2956075079916,0 -55.353139855713,-10.2956364835954,0 -55.3531005213305,-10.2956292676062,0 -55.3530722904808,-10.2956220337049,0 -55.3530406544517,-10.2956770536696,0 -55.3529925228429,-10.2957123913197,0 -55.35295522146969,-10.2957030108126,0 -55.3529094703735,-10.2956959560944,0 -55.3528481057368,-10.295688884743,0 -55.35283259392781,-10.2957264114864,0 -55.3528017856556,-10.2957264122499,0 -55.3527768334028,-10.2957053634657,0 -55.3527439438995,-10.2957385149512,0 -55.35269060643031,-10.2957460778874,0 -55.3526522337089,-10.2957404104016,0 -55.35263824714781,-10.295761129361,0 -55.352613567502,-10.2957964901042,0 -55.352600343285,-10.2958203781736,0 -55.3525795506517,-10.2958530515981,0 -55.3525477749626,-10.2958656343123,0 -55.35251407617,-10.2959135259206,0 -55.3524861852159,-10.2959483604621,0 -55.3524688022468,-10.2959928521472,0 -55.3524492893412,-10.2960314827589,0 -55.35242629706019,-10.2960563179016,0 -55.3524645360948,-10.2960645328534,0 -55.3524650756087,-10.2961003214348,0 -55.3524455487651,-10.296133942611,0 -55.35242187452761,-10.2961795254472,0 -55.3523667971203,-10.2961916421249,0 -55.3523303294462,-10.296250057568,0 -55.35229037556289,-10.2963245155986,0 -55.3522349583301,-10.2963291354598,0 -55.352127589096,-10.2963291381717,0 -55.35187975515039,-10.2962734505802,0 -55.3516236683614,-10.2961697842426,0 -55.3515562096386,-10.2961792950179,0 -55.3514645452902,-10.2961267799112,0 -55.35134084743001,-10.2961123678562,0 -55.3512693168554,-10.2961625816607,0 -55.3512419883562,-10.2962715222273,0 -55.3514445448209,-10.2964555406312,0 -55.3516195867693,-10.29666957537,0 -55.3517331027318,-10.2968807919529,0 -55.351683411422,-10.2972543810414,0 -55.35144348659101,-10.2979957736941,0 -55.3513095301466,-10.2983870267591,0 -55.3512316189331,-10.2986823004504,0 -55.35110506954261,-10.2989842022664,0 -55.3509854273218,-10.2992930152614,0 -55.3508730139485,-10.2995468565286,0 -55.35069149011879,-10.2997384608301,0 -55.3506172653757,-10.2999298079031,0 -55.3507315822148,-10.2999750743278,0 -55.3509076547125,-10.2998943718056,0 -55.3511105814026,-10.2997625901632,0 -55.3515107623067,-10.2995498579036,0 -55.3517255932367,-10.2994224885015,0 -55.3518546225534,-10.2993193043824,0 -55.3520096521747,-10.2990739111766,0 -55.35204343378259,-10.298881318705,0 -55.3521610851107,-10.298787499149,0 -55.35229512193551,-10.298620831416,0 -55.3523698836046,-10.2983589003478,0 -55.3523919376924,-10.2980961434898,0 -55.3524709268471,-10.297914445891,0 -55.3525529807078,-10.2978683765378,0 -55.3527148053167,-10.2978374368919,0 -55.3528174310914,-10.2978241106221,0 -55.3529849365199,-10.2977614084641,0 -55.353080332966,-10.29765188053,0 -55.3531317105272,-10.2974969123577,0 -55.3531799670897,-10.29737109906,0 -55.3531933368269,-10.2973069185416,0 -55.353271857075,-10.2973118829337,0 -55.3533696292166,-10.2973759922538,0 -55.3535372085252,-10.2973217908271,0 -55.3536506489505,-10.2972619550457,0 -55.3537585255249,-10.2973168223489,0 -55.35380592244831,-10.2974052729617,0 -55.3538404276056,-10.2975016519305,0 -55.3538201208606,-10.2975206942494,0 -55.3537094941501,-10.2974873268281,0 -55.3536373595315,-10.2974247159873,0 -55.3535970513915,-10.2973710803408,0 -55.35354025212341,-10.2973316899124,0 -55.3533616735746,-10.2973857800376,0 -55.3534688592804,-10.2975112006091,0 -55.3536416629681,-10.2976379800983,0 -55.3537086096741,-10.29777488524,0 -55.35378336908609,-10.2978462529795,0 -55.3538208805472,-10.2978595087542,0 -55.35398992787201,-10.2976610655159,0 -55.3540638754615,-10.2975349110383,0 -55.3541216418593,-10.2974585087028,0 -55.35419167047879,-10.2975111625055,0 -55.3542359080731,-10.2975575682422,0 -55.3542661214339,-10.2976230744752,0 -55.3541740572947,-10.2976610551168,0 -55.35412381050381,-10.2977114809994,0 -55.3539846384521,-10.2976748724995,0 -55.3538204132916,-10.2978639193757,0 -55.3539351017264,-10.2979382387961,0 -55.35404967824029,-10.2980241197544,0 -55.354377180588,-10.2974295202117,0 -55.3543090774979,-10.2973167906122,0 -55.3542416749737,-10.2972114878195,0 -55.3541949395085,-10.2971656454124,0 -55.3542608309902,-10.2971038333894,0 -55.3543460428249,-10.2970464751503,0 -55.3544739694261,-10.2970882441829,0 -55.35458081338,-10.297134813999,0 -55.3546600983082,-10.297221589087,0 -55.354763242408,-10.2973117973933,0 -55.35483106389881,-10.2974003376863,0 -55.35488866762349,-10.297477675149,0 -55.35488952778459,-10.2975584790517,0 -55.35484765079179,-10.2976007006737,0 -55.3547807542889,-10.2975726022748,0 -55.3547263045664,-10.2975348692822,0 -55.3546585617375,-10.2975063699737,0 -55.3545362961115,-10.2974920608033,0 -55.3544365515481,-10.2974729092822,0 -55.354377294258,-10.2974371498411,0 -55.3540546317768,-10.2980232347222,0 -55.3540990676892,-10.2981167062207,0 -55.35411759453281,-10.2981787315519,0 -55.35407495588741,-10.2982398878152,0 -55.354030415901,-10.2983675201652,0 -55.3539930236255,-10.2984723117138,0 -55.3540318793466,-10.2986446976147,0 -55.3541152133913,-10.2988010217452,0 -55.3541524729162,-10.2988289127516,0 -55.3541852114157,-10.298847833361,0 -55.3542097737725,-10.2988697712312,0 -55.3542047287351,-10.2989070426296,0 -55.35424251500001,-10.2989193706766,0 -55.3542754936809,-10.298925516612,0 -55.3542494484048,-10.2989651945168,0 -55.3543114339212,-10.2990784417824,0 -55.3544233298108,-10.2992327081381,0 -55.35455144904001,-10.2994166212094,0 -55.3546432433416,-10.2995197903185,0 -55.3547324411901,-10.2995600704553,0 -55.3548739725079,-10.2995475338672,0 -55.3550297481479,-10.2994737902418,0 -55.3550760785423,-10.2994815021364,0 -55.35512653878071,-10.2995374642583,0 -55.3551755526504,-10.2996944367673,0 -55.3552384852403,-10.2998523036216,0 -55.35527349586581,-10.2999477206829,0 -55.3553345819022,-10.3001466074186,0 -55.3553520093849,-10.3002360606736,0 -55.3554014254705,-10.3003495968279,0 -55.3554784079233,-10.30040684802,0 -55.3555466586938,-10.3004307130999,0 -55.3556083528466,-10.3004457911336,0 -55.35569160553699,-10.3004543675361,0 -55.3558138329669,-10.300432860577,0 -55.3559465780792,-10.300384946541,0 -55.3560916961318,-10.3003428817526,0 -55.35627009882,-10.3002865434806,0 -55.3563841787951,-10.3002220733522,0 -55.35647083230531,-10.3001703671037,0 -55.3565410543292,-10.3001273542673,0 -55.3565661312611,-10.3000640730566,0 -55.356591475572,-10.300021938695,0 -55.35665766350469,-10.2999806132857,0 -55.3567231687819,-10.2999552753464,0 -55.3567819241352,-10.2999413569867,0 -55.35685558758781,-10.2999436774128,0 -55.3569259986453,-10.2999297010982,0 -55.3569927621217,-10.2998849912684,0 -55.357031396339,-10.2998826167857,0 -55.3570632795703,-10.2998802406637,0 -55.3570656301661,-10.2998347475099,0 -55.3570356221027,-10.2997909775827,0 -55.3570621070317,-10.2997786992638,0 -55.35706887947779,-10.2997340687487,0 -55.3571226261683,-10.2997089743523,0 -55.3571767829131,-10.2997039273688,0 -55.35721956714891,-10.2996785743842,0 -55.3572262211319,-10.2995484779139,0 -55.3571995413413,-10.2995110214488,0 -55.3572429581337,-10.2994125343648,0 -55.3572861389629,-10.2992848522936,0 -55.3572684251284,-10.2992056837864,0 -55.3572079366658,-10.2991366635413,0 -55.3571196765167,-10.2990193043902,0 -55.3570384782569,-10.2989008629571,0 -55.3569466736387,-10.2987713131794,0 -55.3568828590779,-10.2986612113283,0 -55.3568816596953,-10.298620734533,0 -55.3568797071085,-10.2985700018332,0 -55.3569883417949,-10.2985458548623,0 -55.35714023398121,-10.2985133609087,0 -55.3572547343048,-10.2984777722732,0 -55.35737462403659,-10.2984306123898,0 -55.35751932481651,-10.2984250095542,0 -55.35758910271429,-10.2984898519312,0 -55.357680712912,-10.2986054274018,0 -55.3577861698719,-10.2987004485289,0 -55.35789113541879,-10.2987738927123,0 -55.35799499606739,-10.298797986682,0 -55.3581860845058,-10.2985911816539,0 -55.3584704504684,-10.298267592479,0 -55.3586367622714,-10.298086427732,0 -55.35869229619149,-10.2978775287422,0 -55.3587455846095,-10.2976554594578,0 -55.3587542544125,-10.2975872309279,0 -55.3588312434875,-10.2975757295251,0 -55.35881465173169,-10.2976965282452,0 -55.3587590593232,-10.2979404816861,0 -55.3586876354502,-10.2981326315909,0 -55.358565517734,-10.2983113849725,0 -55.3584244708119,-10.2984780171278,0 -55.3581062683119,-10.2988006468889,0 -55.3580623119619,-10.2989310550056,0 -55.35808234453409,-10.2990141204983,0 -55.35811273187709,-10.2990609085703,0 -55.3581709567108,-10.2990949105928,0 -55.3582507133009,-10.2991380517457,0 -55.3583077834722,-10.2991664591094,0 -55.358455280402,-10.2990437380811,0 -55.3585585557171,-10.2989412205517,0 -55.3589406238796,-10.2985854309101,0 -55.3589295709075,-10.2985480911562,0 -55.3589904436826,-10.2985044514635,0 -55.3589703061525,-10.2984750288512,0 -55.35893874076659,-10.2984063211107,0 -55.35900253419419,-10.2983668291552,0 -55.3590466004725,-10.2983668261961,0 -55.3591011916184,-10.2982988954105,0 -55.3591217314172,-10.2982199749529,0 -55.3590608533041,-10.2980429261429,0 -55.3590828005834,-10.2979056226319,0 -55.3591716080386,-10.2977881468773,0 -55.3592454231374,-10.297685341217,0 -55.3592902732334,-10.2975020414306,0 -55.35931228919161,-10.2973907642513,0 -55.35936713691841,-10.2973092319685,0 -55.3595099183813,-10.297222644143,0 -55.3595981571946,-10.2971609701198,0 -55.3596245869336,-10.297072418228,0 -55.3596989663263,-10.2970362477864,0 -55.3597773388965,-10.2969785226731,0 -55.35989225806161,-10.2969492403438,0 -55.3600269119526,-10.2968979982244,0 -55.3601498006816,-10.2968375870221,0 -55.3602788263276,-10.2968097308028,0 -55.3603918757594,-10.2967985145711,0 -55.3604824642748,-10.29677314144,0 -55.3605523896199,-10.296589664469,0 -55.36050532805479,-10.2965595591515,0 -55.3605018535505,-10.2964923273338,0 -55.36054042837231,-10.2964236920414,0 -55.3604973684501,-10.2963728754793,0 -55.3604546348407,-10.2963342517652,0 -55.3604587233494,-10.2962820518994,0 -55.3604554554704,-10.2962022206206,0 -55.3604027667501,-10.2961650049326,0 -55.3602914073036,-10.2961308255598,0 -55.36018551682551,-10.2961786003128,0 -55.3601212060215,-10.2962323985038,0 -55.36002949151519,-10.2963082804827,0 -55.35999474705421,-10.2963504301657,0 -55.3599326835382,-10.2963665052308,0 -55.3598405014146,-10.2963472160198,0 -55.359735672756,-10.2963888881151,0 -55.3595534445603,-10.2964862051885,0 -55.359365360768,-10.2966343814613,0 -55.3591648748772,-10.296840413606,0 -55.3589829539121,-10.2970232631714,0 -55.35878247426369,-10.2972397190641,0 -55.3586336458147,-10.2973953976622,0 -55.35836440724239,-10.2976770096448,0 -55.35810476599009,-10.2979418543287,0 -55.35793890219671,-10.2981340311912,0 -55.357878159961,-10.2981976214425,0 -55.35776238368571,-10.2982255744713,0 -55.3576755420137,-10.2982200089771,0 -55.35761860430579,-10.298220011605,0 -55.3574319369523,-10.2982366990147,0 -55.3573346202161,-10.2982505346929,0 -55.3572611342415,-10.2982752806775,0 -55.3571655138804,-10.2982943936313,0 -55.3570676126609,-10.2983268835398,0 -55.35684367981749,-10.2984171102309,0 -55.35683923728559,-10.2983934875594,0 -55.3568995318795,-10.2983670208887,0 -55.3570270043474,-10.2983160944375,0 -55.3571101605645,-10.2982834908399,0 -55.3571878685296,-10.2982588103111,0 -55.3573020367487,-10.2982228115114,0 -55.357490813938,-10.2982004454631,0 -55.35760419720249,-10.2981863853693,0 -55.3576987734278,-10.2981863810053,0 -55.3578104607028,-10.2981750863292,0 -55.3578976395835,-10.2981151404589,0 -55.35802698620199,-10.2979843931424,0 -55.358146363226,-10.2978632765429,0 -55.3585024644852,-10.2974817305945,0 -55.35910416421031,-10.2968313986189,0 -55.3592938283406,-10.2966201069023,0 -55.3594411502867,-10.2965164098635,0 -55.35957799630619,-10.2964167823011,0 -55.3597953074875,-10.2962745800388,0 -55.35998687555071,-10.2961703920065,0 -55.36013518881649,-10.2960859624954,0 -55.36029721148681,-10.2959892510418,0 -55.36037140945469,-10.2959415716014,0 -55.3603450787414,-10.2958265479687,0 -55.3602951046326,-10.2957585795078,0 
				</coordinates>
			</LineString>
		</Placemark>
		<Placemark>
			<name>T07 - Sede Nova 16</name>
			<Style>
				<LineStyle>
					<color>ff000000</color>
					<width>2</width>
				</LineStyle>
			</Style>
			<LineString>
				<coordinates>
					-55.35136197,-10.29642925,0 -55.35129787999999,-10.29638128,0 -55.35124595,-10.29632722,0 -55.3512079,-10.29626627,0 -55.35117698,-10.29620428,0 -55.35113794,-10.29614124,0 -55.35111204,-10.29607421,0 -55.35108091999999,-10.29602424,0 -55.35105789,-10.29595324,0 -55.35102292999999,-10.29592928,0 -55.35071307,-10.2957712,0 -55.35060695,-10.29571425,0 -55.35048204,-10.29565024,0 -55.35039991000001,-10.29561727,0 -55.35030402,-10.29556923,0 -55.35021495,-10.2955242,0 -55.35010398,-10.29546921,0 -55.34999898,-10.29541723,0 -55.34981198,-10.29530526,0 -55.34973395,-10.29525125,0 -55.34964701,-10.29518227,0 -55.34957897,-10.29512623,0 -55.34943197,-10.29500425,0 -55.34933896,-10.29492322,0 -55.34922802999999,-10.29483224,0 -55.34910502,-10.29473226,0 -55.34902896,-10.29468323,0 -55.34894599,-10.29464628,0 -55.34889299999999,-10.29465921,0 -55.34883097000001,-10.29468222,0 -55.34870699,-10.29476928,0 -55.34866104,-10.29482826,0 -55.34860991,-10.29489427,0 -55.3485299,-10.29497424,0 -55.34847606000001,-10.29504023,0 -55.34839302,-10.29512823,0 -55.34833891,-10.29519124,0 -55.34829098,-10.29524723,0 -55.34823501,-10.29531222,0 -55.34818406999999,-10.29537027,0 -55.34812704000001,-10.29544629,0 -55.3480759,-10.29551528,0 -55.34802796999999,-10.29557027,0 -55.34797597999999,-10.29563727,0 -55.34792002,-10.29570127,0 -55.34787296,-10.29575328,0 -55.34775504,-10.29588224,0 -55.34771604,-10.29592028,0 -55.34768502,-10.29596026,0 -55.34757398,-10.29605327,0 -55.347503,-10.29609721,0 -55.34747595,-10.29611624,0 -55.34842601999999,-10.29613121,0 -55.34846602,-10.29609326,0 -55.34849405,-10.29610724,0 -55.34850987999999,-10.29613526,0 -55.34850897,-10.29617223,0 -55.34847096000001,-10.29618523,0 -55.34842796,-10.29617028,0 -55.34841795,-10.29614826,0 -55.34841499,-10.29614029,0 -55.3474619,-10.29612927,0 -55.34741097,-10.29621228,0 -55.34737302,-10.29629526,0 -55.34736491,-10.29642821,0 -55.34737405000001,-10.29648223,0 -55.34738796999999,-10.29657425,0 -55.34741098,-10.29664922,0 -55.34744992,-10.29675927,0 -55.34749398,-10.29684321,0 -55.34757901,-10.29695024,0 -55.34761698,-10.29700124,0 -55.34766305,-10.29705627,0 -55.34771005,-10.29712522,0 -55.34775389,-10.29717028,0 -55.34779794000001,-10.29723027,0 -55.34785696,-10.29729223,0 -55.34790501,-10.29737827,0 -55.34796996,-10.29745229,0 -55.34805298000001,-10.29753426,0 -55.34811402,-10.29759225,0 -55.34819097,-10.29766126,0 -55.34824392,-10.29771026,0 -55.34829198000001,-10.29776729,0 -55.34832892,-10.29782326,0 -55.34837497000001,-10.29788325,0 -55.34842091,-10.29793629,0 -55.34846205000001,-10.29797926,0 -55.34851198,-10.29803322,0 -55.34855992,-10.29808626,0 -55.34864094,-10.29816922,0 -55.34874195,-10.29827623,0 -55.34883801,-10.29837328,0 -55.34891299,-10.29843921,0 -55.34897902000001,-10.29849623,0 -55.34906705,-10.29857624,0 -55.34912398,-10.29862725,0 -55.34917195,-10.29867424,0 -55.34922694000001,-10.29871629,0 -55.34927795,-10.29875325,0 -55.34934296,-10.29881524,0 -55.34938487,-10.29884828,0 -55.34944399,-10.29889224,0 -55.34953899999999,-10.29897229,0 -55.34959900999999,-10.29903525,0 -55.34988501999999,-10.29928126,0 -55.34996096,-10.29932722,0 -55.35015796,-10.29948924,0 -55.35034805,-10.29963821,0 -55.35040193,-10.29967428,0 -55.35045502,-10.29969526,0 -55.35050502,-10.29970926,0 -55.35066601,-10.29969326,0 -55.35071298,-10.29968527,0 -55.35074396,-10.29965225,0 -55.35077597000001,-10.29961526,0 -55.35081198,-10.29957521,0 -55.35083702,-10.2995332,0 -55.35087489999999,-10.29946225,0 -55.35089902000001,-10.29940622,0 -55.35091997,-10.29935525,0 -55.35094202,-10.29931025,0 -55.35097399,-10.29925327,0 -55.35100805999999,-10.29912028,0 -55.35101895,-10.29908227,0 -55.35103196,-10.29902221,0 -55.35105297,-10.29896021,0 -55.35107506,-10.29890825,0 -55.35108593,-10.29887521,0 -55.35110689,-10.29882324,0 -55.35110793999999,-10.29878528,0 -55.35118701,-10.29866625,0 -55.35121396,-10.29861422,0 -55.35123896,-10.29855124,0 -55.35125505,-10.2984752,0 -55.35127395,-10.29840623,0 -55.35129594,-10.29831927,0 -55.35141404,-10.29793826,0 -55.35143808,-10.29786823,0 -55.351469,-10.29779226,0 -55.351489,-10.29773224,0 -55.35151499,-10.29761728,0 -55.35153896999999,-10.29753224,0 -55.35158901,-10.29737229,0 -55.35162505,-10.29729924,0 -55.35163792,-10.29723729,0 -55.35166904,-10.29715128,0 -55.35168794000001,-10.29708222,0 -55.3517,-10.29701221,0 -55.35169291999999,-10.29694726,0 -55.35168802,-10.29687527,0 -55.35166894,-10.29681325,0 -55.351634,-10.29675729,0 -55.35161499,-10.29670927,0 -55.35155896,-10.29662228,0 -55.35151702,-10.29656728,0 -55.35146099,-10.29650624,0 -55.35141399,-10.29646523,0 -55.35136197,-10.29642925,0 
				</coordinates>
			</LineString>
		</Placemark>
		<Placemark>
			<name>T08 - Areia</name>
			<Style>
				<LineStyle>
					<color>ff000000</color>
					<width>2</width>
				</LineStyle>
			</Style>
			<LineString>
				<coordinates>
					-55.33409302,-10.28023893,0 -55.33419791,-10.28022893,0 -55.33430992,-10.28019493,0 -55.33439701,-10.28015093,0 -55.33451696,-10.28012593,0 -55.33461892,-10.28010393,0 -55.33472499,-10.28008593,0 -55.33485895,-10.28008093,0 -55.33498103,-10.28008393,0 -55.33510899000001,-10.28008093,0 -55.33522493000001,-10.28008593,0 -55.33534697999999,-10.28009593,0 -55.33548202000001,-10.28010293,0 -55.33559503,-10.28012093,0 -55.33569297,-10.28013093,0 -55.33579103,-10.28014593,0 -55.33589596,-10.28015593,0 -55.33606792,-10.28016693,0 -55.33631391,-10.28017793,0 -55.33642202,-10.28017993,0 -55.33656892,-10.28018293,0 -55.33666190000001,-10.28018593,0 -55.33676598,-10.28019493,0 -55.33687196,-10.28019593,0 -55.33698804,-10.28020093,0 -55.33708999,-10.28020793,0 -55.33719196,-10.28020893,0 -55.33728893,-10.28021393,0 -55.3373869,-10.28021793,0 -55.33758999,-10.28022293,0 -55.33768595000001,-10.28022893,0 -55.33779693,-10.28022893,0 -55.3379049,-10.28022893,0 -55.338033,-10.28022793,0 -55.33817094,-10.28022493,0 -55.33829304,-10.28022493,0 -55.33847391999999,-10.28022193,0 -55.33861195,-10.28022893,0 -55.33871192,-10.28023293,0 -55.33897094,-10.28026193,0 -55.33905002,-10.28027793,0 -55.339158,-10.28030593,0 -55.3392339,-10.28032893,0 -55.33930595999999,-10.28035193,0 -55.33935897,-10.28036093,0 -55.33942391,-10.28037993,0 -55.33949101,-10.28039593,0 -55.33955498,-10.28041093,0 -55.3396209,-10.28043293,0 -55.33968497,-10.28045593,0 -55.33974591999999,-10.28047493,0 -55.33983093999999,-10.28050093,0 -55.33990197999999,-10.28052593,0 -55.33997202,-10.28055293,0 -55.34003892,-10.28057893,0 -55.34010196,-10.28060893,0 -55.34022403,-10.28069593,0 -55.34027291,-10.28073093,0 -55.34033299,-10.28077993,0 -55.34038302,-10.28084193,0 -55.34044102,-10.28090693,0 -55.34048424,-10.28096178,0 -55.34052406,-10.28101049,0 -55.34057713000001,-10.28106331,0 -55.34065906,-10.28108049,0 -55.34073617000001,-10.28106439,0 -55.34081612000001,-10.28102337,0 -55.34089035,-10.28095646,0 -55.34094249000001,-10.28088805,0 -55.34099796,-10.28080893,0 -55.34105295,-10.28073993,0 -55.34110894,-10.28066993,0 -55.34117291,-10.28060193,0 -55.34127295999999,-10.28048093,0 -55.34132399,-10.28040593,0 -55.34137297,-10.28034093,0 -55.34142490000001,-10.28028393,0 -55.34147995,-10.28023193,0 -55.34152898000001,-10.28018293,0 -55.34157096,-10.28014693,0 -55.34160693,-10.28011593,0 -55.34177193,-10.27998493,0 -55.34184004,-10.27991693,0 -55.34189304,-10.27987393,0 -55.34199698,-10.27977193,0 -55.34204597,-10.27973152,0 -55.34209568,-10.27969008,0 -55.34213561999999,-10.27963566,0 -55.34216806000001,-10.27959625,0 -55.34220994,-10.27955306,0 -55.34227291,-10.27948553,0 -55.34237559000001,-10.27937871,0 -55.34251682,-10.27918403,0 -55.34255913,-10.27914058,0 -55.34259372,-10.27909913,0 -55.3426476,-10.27902383,0 -55.34269931000001,-10.2789544,0 -55.34275283000001,-10.2788927,0 -55.3427946,-10.27884239,0 -55.34282876,-10.27880151,0 -55.34286097,-10.27875332,0 -55.34287796000001,-10.27872187,0 -55.34293457,-10.27864259,0 -55.34298554999999,-10.27857792,0 -55.3430198,-10.27854615,0 -55.34305221,-10.27848676,0 -55.34308263,-10.27842387,0 -55.34312041,-10.27837215,0 -55.34316173,-10.27832608,0 -55.34318809,-10.27827651,0 -55.34321829,-10.2782033,0 -55.343252,-10.27813948,0 -55.34328504,-10.27798393,0 -55.34330595,-10.27793993,0 -55.34332797,-10.27790193,0 -55.34343898,-10.27773093,0 -55.34349794,-10.27763893,0 -55.34351993,-10.27760693,0 -55.34356103,-10.27754893,0 -55.34358592,-10.27750693,0 -55.34361298,-10.27745993,0 -55.34364492000001,-10.27740793,0 -55.34367501,-10.27735493,0 -55.34376092,-10.27723593,0 -55.34381196,-10.27715793,0 -55.34393103,-10.27697193,0 -55.34410598000001,-10.27665593,0 -55.34416899,-10.27655393,0 -55.34426304,-10.27640693,0 -55.34437294,-10.27622793,0 -55.3445119,-10.27602993,0 -55.34483896,-10.27550993,0 -55.34493504000001,-10.27535693,0 -55.34505399,-10.27516593,0 -55.34511704,-10.27505593,0 -55.34519397,-10.27493693,0 -55.34528794,-10.27477693,0 -55.34534795,-10.27467493,0 -55.34541403,-10.27455893,0 -55.34556694999999,-10.27430893,0 -55.34569592999999,-10.27410993,0 -55.34585598000001,-10.27383293,0 -55.34599893000001,-10.27357993,0 -55.34609395999999,-10.27340793,0 -55.34615496000001,-10.27330693,0 -55.34627099,-10.27310193,0 -55.34631400000001,-10.27300493,0 -55.34636795,-10.27286193,0 -55.34646191,-10.27267693,0 -55.34652795,-10.27253993,0 -55.34658701,-10.27242693,0 -55.34666092000001,-10.27228492,0 -55.34677691,-10.27205993,0 -55.346844,-10.27193993,0 -55.34690694,-10.27182293,0 -55.34695499,-10.27171693,0 -55.34699201,-10.27161893,0 -55.34702302000001,-10.27149793,0 -55.34704794,-10.27134093,0 -55.34705498,-10.27122193,0 -55.34706894,-10.27111493,0 -55.34708295,-10.27099893,0 -55.34708996,-10.27088593,0 -55.34708999,-10.27074193,0 -55.34707994,-10.27061792,0 -55.34707396,-10.27053293,0 -55.34705394000001,-10.27040592,0 -55.34704193,-10.27030193,0 -55.347021,-10.27018593,0 -55.34700094999999,-10.27006293,0 -55.34697791,-10.26996793,0 -55.346961,-10.26990193,0 -55.34693196999999,-10.26983393,0 -55.34689697000001,-10.26976193,0 -55.34685395,-10.26969593,0 -55.34678796,-10.26960493,0 -55.34673396,-10.26953793,0 -55.34667904000001,-10.26948493,0 -55.34662094,-10.26943893,0 -55.34652796999999,-10.26937893,0 -55.34643897,-10.26932293,0 -55.34623494,-10.26917192,0 -55.34614493,-10.26909093,0 -55.34608293,-10.26902793,0 -55.34601801,-10.26894893,0 -55.34596296000001,-10.26886592,0 -55.34588999,-10.26877293,0 -55.34581694999999,-10.26869192,0 -55.34564194,-10.26850093,0 -55.34557097,-10.26843293,0 -55.34552296,-10.26839593,0 -55.34531696000001,-10.26823893,0 -55.34524198,-10.26820293,0 -55.34493392,-10.26811493,0 -55.34481294,-10.26809292,0 -55.34467793000001,-10.26808093,0 -55.34449391,-10.26808493,0 -55.34441199,-10.26809393,0 -55.344345,-10.26811293,0 -55.3442869,-10.26812293,0 -55.344192,-10.26815993,0 -55.34409099,-10.26819193,0 -55.34400694000001,-10.26822692,0 -55.34393795,-10.26824593,0 -55.343865,-10.26828593,0 -55.34379203,-10.26832893,0 -55.34372591,-10.26837293,0 -55.34363791,-10.26842693,0 -55.34349991,-10.26852393,0 -55.34336098000001,-10.26860693,0 -55.34328404,-10.26864593,0 -55.343213,-10.26867493,0 -55.34309995,-10.26871793,0 -55.34301897,-10.26873993,0 -55.34298497,-10.26874893,0 -55.34294702,-10.26875093,0 -55.34289192000001,-10.26876092,0 -55.34273401,-10.26878993,0 -55.34263895000001,-10.26880392,0 -55.34257403,-10.26880793,0 -55.34251091,-10.26882292,0 -55.34244597999999,-10.26882893,0 -55.34236398000001,-10.26882593,0 -55.34228100999999,-10.26881793,0 -55.34216202,-10.26879793,0 -55.34208295,-10.26877892,0 -55.34200197,-10.26874493,0 -55.34195496000001,-10.26870793,0 -55.34186401000001,-10.26864193,0 -55.34180793,-10.26859392,0 -55.34172395,-10.26850592,0 -55.34166199,-10.26843393,0 -55.34160497,-10.26839993,0 -55.34153396999999,-10.26836793,0 -55.341466,-10.26835393,0 -55.34140397,-10.26835193,0 -55.34132802000001,-10.26836493,0 -55.34124304000001,-10.26838693,0 -55.34114602999999,-10.26841793,0 -55.34104394,-10.26843892,0 -55.34095096,-10.26846293,0 -55.34086199,-10.26848393,0 -55.34072591,-10.26851293,0 -55.34056797,-10.26854893,0 -55.34043601,-10.26855493,0 -55.34028602,-10.26857093,0 -55.34015803,-10.26858093,0 -55.34006002,-10.26858493,0 -55.33994401000001,-10.26859393,0 -55.33982896,-10.26860993,0 -55.33970202,-10.26863793,0 -55.33961002,-10.26866593,0 -55.33950993000001,-10.26871292,0 -55.33940497,-10.26876493,0 -55.33930203,-10.26883893,0 -55.33922597,-10.26890092,0 -55.339082,-10.26902093,0 -55.339016,-10.26909393,0 -55.33893297000001,-10.26918093,0 -55.33885999,-10.26925393,0 -55.33878297,-10.26933493,0 -55.33871394,-10.26941593,0 -55.33865493999999,-10.26948893,0 -55.33857198,-10.26958693,0 -55.33850091,-10.26967793,0 -55.33842993,-10.26977693,0 -55.338359,-10.26986693,0 -55.33830201,-10.26993693,0 -55.33820902,-10.27004493,0 -55.33814091,-10.27013993,0 -55.33806092,-10.27024393,0 -55.33798897,-10.27033793,0 -55.337914,-10.27040993,0 -55.33784994999999,-10.27046693,0 -55.3377139,-10.27059793,0 -55.33762904,-10.27067993,0 -55.33755392,-10.27075192,0 -55.33745493999999,-10.27083293,0 -55.33737194999999,-10.27090993,0 -55.33724396,-10.27100093,0 -55.33717394,-10.27105393,0 -55.33711696,-10.27109393,0 -55.33696195,-10.27119793,0 -55.33684999,-10.27127793,0 -55.33675291,-10.27134893,0 -55.336637,-10.27142193,0 -55.33652395000001,-10.27149193,0 -55.336447,-10.27153293,0 -55.33634704000001,-10.27155593,0 -55.3362649,-10.27155193,0 -55.33620903,-10.27154493,0 -55.33615792999999,-10.27152392,0 -55.33609293,-10.27148793,0 -55.33602697,-10.27144693,0 -55.33597991000001,-10.27141693,0 -55.33591394,-10.27137693,0 -55.33585003,-10.27132493,0 -55.33579193,-10.27127893,0 -55.33573293,-10.27124193,0 -55.33566094,-10.27120693,0 -55.33556999,-10.27116993,0 -55.33548499,-10.27114093,0 -55.33541494,-10.27114493,0 -55.33534996,-10.27116093,0 -55.33519103,-10.27119493,0 -55.33508596,-10.27123993,0 -55.33504899,-10.27121893,0 -55.33505899999999,-10.27118593,0 -55.33509496000001,-10.27115593,0 -55.33517001,-10.27109593,0 -55.33527492,-10.27102793,0 -55.33531496000001,-10.27098093,0 -55.335366,-10.27087593,0 -55.33537498,-10.27079493,0 -55.33537101,-10.27073593,0 -55.33535099,-10.27066393,0 -55.33531992999999,-10.27060293,0 -55.33529191,-10.27056092,0 -55.33523795000001,-10.27048793,0 -55.33519603000001,-10.27043093,0 -55.33511403,-10.27031893,0 -55.33505499,-10.27023493,0 -55.33501491,-10.27018092,0 -55.33496796,-10.27010293,0 -55.33491899000001,-10.27002993,0 -55.33484897,-10.26991993,0 -55.33479,-10.26982293,0 -55.33475599,-10.26975293,0 -55.33470195,-10.26966793,0 -55.33467699999999,-10.26961093,0 -55.33465597,-10.26956793,0 -55.33461592,-10.26948093,0 -55.33457403,-10.26939093,0 -55.33454196,-10.26930593,0 -55.33450701,-10.26922393,0 -55.33447398000001,-10.26915893,0 -55.33445297,-10.26911093,0 -55.33441698,-10.26901093,0 -55.33438991,-10.26895093,0 -55.33435094000001,-10.26887593,0 -55.33430701,-10.26882193,0 -55.33426296,-10.26876293,0 -55.33422696,-10.26871893,0 -55.33413991,-10.26861892,0 -55.3340879,-10.26855393,0 -55.33403097,-10.26850393,0 -55.33398303,-10.26845093,0 -55.3338959,-10.26836592,0 -55.33383796,-10.26831892,0 -55.33378896,-10.26827793,0 -55.3337379,-10.26822392,0 -55.33368401,-10.26816393,0 -55.33364103,-10.26811993,0 -55.33358495,-10.26806993,0 -55.33352392,-10.26801292,0 -55.33344997,-10.26794293,0 -55.33338696,-10.26788193,0 -55.333319,-10.26781293,0 -55.33325591,-10.26773992,0 -55.33321096000001,-10.26768993,0 -55.333064,-10.26750893,0 -55.333005,-10.26744493,0 -55.33294203,-10.26737793,0 -55.33287603,-10.26731593,0 -55.33282298,-10.26725893,0 -55.33277792,-10.26720193,0 -55.33273493,-10.26715993,0 -55.33268696,-10.26711292,0 -55.33262697,-10.26704892,0 -55.33257893,-10.26698893,0 -55.33253304,-10.26692793,0 -55.33249499,-10.26686593,0 -55.33245896,-10.26680193,0 -55.33239095,-10.26668693,0 -55.33233490000001,-10.26660492,0 -55.33227802999999,-10.26651693,0 -55.33224591,-10.26646693,0 -55.33211793000001,-10.26625693,0 -55.33206993999999,-10.26616092,0 -55.332027,-10.26607993,0 -55.33199395,-10.26601893,0 -55.33195098,-10.26594492,0 -55.33184499000001,-10.26578293,0 -55.33179696,-10.26574993,0 -55.33174001999999,-10.26572793,0 -55.33168399,-10.26572393,0 -55.3316179,-10.26573393,0 -55.33151395,-10.26578293,0 -55.33145498,-10.26582293,0 -55.33139204,-10.26585793,0 -55.331267,-10.26592993,0 -55.33121693,-10.26595793,0 -55.3311769,-10.26597592,0 -55.33114897,-10.26599892,0 -55.33091895999999,-10.26620593,0 -55.3308419,-10.26626793,0 -55.33075196000001,-10.26636593,0 -55.33071798999999,-10.26645093,0 -55.33071701,-10.26650193,0 -55.33073199,-10.26658393,0 -55.33076798,-10.26668393,0 -55.33080296,-10.26673093,0 -55.33084204000001,-10.26678593,0 -55.33086698,-10.26684293,0 -55.33087697,-10.26689793,0 -55.33087191,-10.26696393,0 -55.33085297,-10.26703993,0 -55.33083098,-10.26712692,0 -55.33080896999999,-10.26718993,0 -55.3307809,-10.26729293,0 -55.33075394,-10.26737492,0 -55.33072401,-10.26745193,0 -55.33069104,-10.26753893,0 -55.33065194,-10.26762393,0 -55.33062692,-10.26768992,0 -55.33057896,-10.26777693,0 -55.3305349,-10.26785593,0 -55.33049692000001,-10.26791793,0 -55.33046398,-10.26797093,0 -55.33042903,-10.26802693,0 -55.33039193,-10.26808493,0 -55.33033601,-10.26813993,0 -55.33013703,-10.26830493,0 -55.33005496,-10.26837092,0 -55.32998892,-10.26842492,0 -55.32992702999999,-10.26847693,0 -55.32985,-10.26853393,0 -55.32978395,-10.26856193,0 -55.32965396,-10.26859993,0 -55.32958195,-10.26859592,0 -55.32949897,-10.26858993,0 -55.32941,-10.26858493,0 -55.32920694,-10.26857592,0 -55.32900503,-10.26850993,0 -55.3289,-10.26841293,0 -55.32878096,-10.26826593,0 -55.32857397,-10.26805493,0 -55.3285089,-10.26800593,0 -55.32841495,-10.26796993,0 -55.32833391,-10.26797492,0 -55.32826289999999,-10.26799792,0 -55.32819497,-10.26803293,0 -55.32810201,-10.26807993,0 -55.32803901,-10.26812693,0 -55.3277929,-10.26830293,0 -55.32770901,-10.26836093,0 -55.327568,-10.26846093,0 -55.327494,-10.26850993,0 -55.32742301,-10.26855693,0 -55.327351,-10.26860693,0 -55.32718690000001,-10.26872893,0 -55.32712002000001,-10.26878093,0 -55.32702689999999,-10.26883192,0 -55.32697494000001,-10.26886692,0 -55.32689094,-10.26891993,0 -55.32681594000001,-10.26896892,0 -55.326759,-10.26900293,0 -55.32669401,-10.26904793,0 -55.32662402,-10.26909393,0 -55.32656701999999,-10.26913693,0 -55.32651993,-10.26919592,0 -55.32648589999999,-10.26926592,0 -55.32647601,-10.26932893,0 -55.32647603,-10.26940693,0 -55.32649797,-10.26946593,0 -55.32657699,-10.26957493,0 -55.32664296,-10.26964093,0 -55.32668703,-10.26969693,0 -55.32673591,-10.26975793,0 -55.32678292,-10.26982493,0 -55.32682696,-10.26988493,0 -55.32689295,-10.26997593,0 -55.32695297,-10.27006193,0 -55.32700701,-10.27014593,0 -55.32706495999999,-10.27024793,0 -55.327138,-10.27035393,0 -55.32720192,-10.27045793,0 -55.32729501,-10.27060293,0 -55.32732697,-10.27065593,0 -55.3273809,-10.27073293,0 -55.32743299000001,-10.27080893,0 -55.32747797,-10.27088193,0 -55.32759290999999,-10.27115592,0 -55.32761797,-10.27121993,0 -55.32768893999999,-10.27142093,0 -55.32770699,-10.27148793,0 -55.32773195,-10.27156793,0 -55.32776694,-10.27169493,0 -55.32778494999999,-10.27176993,0 -55.3278049,-10.27182693,0 -55.32782304,-10.27187693,0 -55.32784101,-10.27193093,0 -55.32785092,-10.27197293,0 -55.32787202999999,-10.27202793,0 -55.32789099,-10.27210993,0 -55.32791100000001,-10.27215593,0 -55.32794494000001,-10.27223893,0 -55.32797192,-10.27228893,0 -55.32799892,-10.27233493,0 -55.32814302,-10.27251793,0 -55.32819197,-10.27256793,0 -55.328251,-10.27262493,0 -55.32835196,-10.27271193,0 -55.32839796,-10.27275193,0 -55.32843304,-10.27278093,0 -55.328468,-10.27280493,0 -55.32850297,-10.27282693,0 -55.32854093000001,-10.27285093,0 -55.32857391,-10.27287193,0 -55.32863000999999,-10.27291793,0 -55.32865899,-10.27293993,0 -55.32870701,-10.27297593,0 -55.32874993,-10.27300493,0 -55.32880496,-10.27303693,0 -55.32891497,-10.27311193,0 -55.32898601,-10.27316393,0 -55.32903700999999,-10.27320393,0 -55.32907793,-10.27323293,0 -55.32912795,-10.27326893,0 -55.32917101,-10.27329793,0 -55.32920996,-10.27332393,0 -55.32925302,-10.27335393,0 -55.32928697999999,-10.27337893,0 -55.32931795,-10.27340193,0 -55.32934993,-10.27342393,0 -55.32938902000001,-10.27344993,0 -55.32942099,-10.27347193,0 -55.32948002,-10.27350393,0 -55.32951895,-10.27353293,0 -55.32954703,-10.27356393,0 -55.32957798999999,-10.27358793,0 -55.32961792,-10.27361693,0 -55.32978804,-10.27376093,0 -55.32983901,-10.27380593,0 -55.32988597999999,-10.27385293,0 -55.32991999,-10.27389393,0 -55.32998598,-10.27395893,0 -55.33001994,-10.27400893,0 -55.33005096,-10.27405193,0 -55.33008099999999,-10.27408993,0 -55.33011596,-10.27413993,0 -55.33013996,-10.27418793,0 -55.33014892,-10.27421893,0 -55.33017490999999,-10.27426793,0 -55.33019402000001,-10.27432293,0 -55.33021499,-10.27437693,0 -55.33023897,-10.27442893,0 -55.330256,-10.27447093,0 -55.33027993000001,-10.27458693,0 -55.33032399,-10.27469693,0 -55.33034591,-10.27475993,0 -55.33036694999999,-10.27482893,0 -55.33037999999999,-10.27489693,0 -55.33040999,-10.27497093,0 -55.33058998,-10.27532693,0 -55.33061699,-10.27539893,0 -55.33064598,-10.27544593,0 -55.33067993,-10.27549993,0 -55.33071102,-10.27555593,0 -55.33075999,-10.27562693,0 -55.33079396,-10.27567793,0 -55.33082303,-10.27573793,0 -55.33084998999999,-10.27579093,0 -55.33088291,-10.27585093,0 -55.33092101,-10.27595593,0 -55.33094199,-10.27600893,0 -55.33095391,-10.27607393,0 -55.33095601,-10.27613693,0 -55.33095496999999,-10.27619793,0 -55.33094796,-10.27625793,0 -55.33094204,-10.27632593,0 -55.33092490999999,-10.27638293,0 -55.33090402,-10.27642093,0 -55.3308579,-10.27653993,0 -55.33083803,-10.27662893,0 -55.33080691999999,-10.27668793,0 -55.33079396,-10.27670993,0 -55.33074100000001,-10.27682693,0 -55.33071902,-10.27691093,0 -55.33069695,-10.27698593,0 -55.33067504,-10.27705693,0 -55.33066501,-10.27711893,0 -55.33065497999999,-10.27723693,0 -55.33066999,-10.27733893,0 -55.33068899,-10.27738793,0 -55.33071394000001,-10.27744393,0 -55.33086898,-10.27760793,0 -55.33092794,-10.27765293,0 -55.33098897,-10.27770993,0 -55.33104703,-10.27776293,0 -55.33111694,-10.27781393,0 -55.33118892,-10.27787793,0 -55.33125596,-10.27793193,0 -55.33136804,-10.27802093,0 -55.33144896,-10.27809193,0 -55.33151001000001,-10.27814693,0 -55.33158099999999,-10.27820993,0 -55.33166094999999,-10.27827693,0 -55.33181403,-10.27840593,0 -55.33193998,-10.27851393,0 -55.33215493,-10.27870593,0 -55.33223997,-10.27878193,0 -55.33230503,-10.27883293,0 -55.33239701999999,-10.27891693,0 -55.33248402,-10.27899893,0 -55.33254904,-10.27905793,0 -55.33264103,-10.27914093,0 -55.33270693,-10.27919593,0 -55.33280194000001,-10.27927493,0 -55.33289494,-10.27935493,0 -55.33298397,-10.27943293,0 -55.33307992,-10.27952193,0 -55.33317097,-10.27959593,0 -55.33325891,-10.27966293,0 -55.33344591,-10.27982493,0 -55.33353996,-10.27989593,0 -55.33363999,-10.27996993,0 -55.33372698000001,-10.28005593,0 -55.33381495,-10.28014293,0 -55.33387401,-10.28019593,0 -55.33392502,-10.28017993,0 -55.33406894,-10.28004393,0 -55.334252,-10.27986993,0 -55.33444202,-10.27970093,0 -55.33461593,-10.27955693,0 -55.33480598999999,-10.27940893,0 -55.33498699999999,-10.27927193,0 -55.33523602,-10.27908593,0 -55.3354229,-10.27894393,0 -55.33568292,-10.27875393,0 -55.33586503,-10.27862493,0 -55.33608697,-10.27846193,0 -55.33658804,-10.27810993,0 -55.3367949,-10.27796593,0 -55.33711104,-10.27773793,0 -55.33732796,-10.27757993,0 -55.33757394,-10.27739993,0 -55.33781891,-10.27722493,0 -55.33795295,-10.27712293,0 -55.33799692000001,-10.27705993,0 -55.33801003,-10.27700793,0 -55.33798997,-10.27694393,0 -55.33793998,-10.27684793,0 -55.33787492999999,-10.27674093,0 -55.33770193,-10.27646393,0 -55.33760491,-10.27630593,0 -55.33747695,-10.27609093,0 -55.33740290999999,-10.27595693,0 -55.337332,-10.27582493,0 -55.33725393,-10.27569793,0 -55.33713403,-10.27552293,0 -55.33698592,-10.27528793,0 -55.33689094,-10.27512193,0 -55.33680196,-10.27498093,0 -55.33672497,-10.27486593,0 -55.33659393,-10.27466593,0 -55.33650598,-10.27449193,0 -55.33641491,-10.27431393,0 -55.33630103,-10.27413493,0 -55.33619401,-10.27397893,0 -55.33611493000001,-10.27385393,0 -55.33598102,-10.27363293,0 -55.33586997,-10.27345693,0 -55.33578296,-10.27332093,0 -55.33570403,-10.27319493,0 -55.33563192,-10.27307492,0 -55.33537704,-10.27263693,0 -55.33524296,-10.27241893,0 -55.33515003,-10.27227093,0 -55.33502001,-10.27206693,0 -55.33488501,-10.27183593,0 -55.33475704,-10.27162393,0 -55.33466195,-10.27144993,0 -55.33457401,-10.27130293,0 -55.33438393000001,-10.27102093,0 -55.33421698,-10.27078893,0 -55.33408997000001,-10.27058393,0 -55.33400094999999,-10.27042293,0 -55.33388997,-10.27023493,0 -55.33366195,-10.26987193,0 -55.33340701,-10.26947293,0 -55.33318899,-10.26913393,0 -55.3330109,-10.26885093,0 -55.33280403,-10.26853493,0 -55.33257596000001,-10.26818193,0 -55.33228098,-10.26772193,0 -55.33204694,-10.26736493,0 -55.33188594,-10.26711393,0 -55.33166196,-10.26676993,0 -55.33145493999999,-10.26645492,0 -55.33126593000001,-10.26616193,0 -55.33119501,-10.26605793,0 -55.33115410999999,-10.2659968,0 -55.33117788999999,-10.26597865,0 -55.33139302,-10.26632293,0 -55.33155101,-10.26657593,0 -55.331684,-10.26678393,0 -55.33183399000001,-10.26701193,0 -55.33198394,-10.26724893,0 -55.33226894,-10.26767893,0 -55.33241694000001,-10.26790692,0 -55.33254497,-10.26810793,0 -55.33269195,-10.26833993,0 -55.33291493,-10.26868492,0 -55.33329097,-10.26927093,0 -55.333538,-10.26965393,0 -55.33368697,-10.26988793,0 -55.33380396,-10.27007093,0 -55.33397296,-10.27034793,0 -55.33407090000001,-10.27051993,0 -55.334202,-10.27073493,0 -55.33431199,-10.27089493,0 -55.334407,-10.27102693,0 -55.33464797,-10.27139693,0 -55.33476991,-10.27161593,0 -55.33488599,-10.27181193,0 -55.33504397,-10.27206893,0 -55.33522204,-10.27235593,0 -55.33537593,-10.27260293,0 -55.33550899,-10.27282493,0 -55.33563198,-10.27303593,0 -55.33575003,-10.27323593,0 -55.33586504,-10.27341793,0 -55.33598301,-10.27360693,0 -55.33620792000001,-10.27396593,0 -55.33635296999999,-10.27418593,0 -55.33648493999999,-10.27442393,0 -55.3365969,-10.27464293,0 -55.33678794,-10.27493293,0 -55.33692091,-10.27514593,0 -55.33708504,-10.27542693,0 -55.33724597000001,-10.27566393,0 -55.33738303,-10.27588493,0 -55.33749494,-10.27608793,0 -55.33760195,-10.27627293,0 -55.33774697,-10.27649793,0 -55.33786495,-10.27668493,0 -55.33804201,-10.27694893,0 -55.33811394999999,-10.27699293,0 -55.33818602,-10.27695793,0 -55.33843191,-10.27679793,0 -55.33861897999999,-10.27667393,0 -55.33881493000001,-10.27654393,0 -55.33902793,-10.27639793,0 -55.33920501,-10.27627493,0 -55.33934799,-10.27618193,0 -55.33956396,-10.27604093,0 -55.33976092,-10.27590893,0 -55.33995403999999,-10.27577393,0 -55.34010496,-10.27566293,0 -55.34028996000001,-10.27552493,0 -55.34046893000001,-10.27539593,0 -55.340634,-10.27527793,0 -55.34077592999999,-10.27516693,0 -55.340926,-10.27505493,0 -55.34103803,-10.27498893,0 -55.34121296000001,-10.27489493,0 -55.34145597,-10.27476493,0 -55.34181397999999,-10.27457493,0 -55.34204998,-10.27444993,0 -55.34231999000001,-10.27431293,0 -55.34251392,-10.27421293,0 -55.34270398,-10.27411693,0 -55.34287101,-10.27403393,0 -55.34302501999999,-10.27395893,0 -55.34318601,-10.27388493,0 -55.34331296,-10.27382993,0 -55.34359792000001,-10.27372393,0 -55.34377294,-10.27366793,0 -55.34391298999999,-10.27361593,0 -55.34413994,-10.27353093,0 -55.34432897,-10.27346793,0 -55.34448698999999,-10.27341693,0 -55.34464399000001,-10.27337093,0 -55.34481496,-10.27332493,0 -55.3449749,-10.27328793,0 -55.34514999000001,-10.27324693,0 -55.34530793,-10.27320993,0 -55.34543591000001,-10.27317693,0 -55.34556601,-10.27314593,0 -55.34570794,-10.27311593,0 -55.34586598999999,-10.27308593,0 -55.345994,-10.27307293,0 -55.346101,-10.27306893,0 -55.34621036,-10.2730773,0 -55.34626936,-10.27308594,0 -55.34625379,-10.27311788,0 -55.34610204000001,-10.27308893,0 -55.34594296,-10.27309693,0 -55.34582692,-10.27311193,0 -55.34556503,-10.27316993,0 -55.34534296,-10.27322193,0 -55.34512902,-10.27327393,0 -55.34484096,-10.27334393,0 -55.34474699,-10.27336693,0 -55.34467601,-10.27338493,0 -55.34428298,-10.27350793,0 -55.34409391,-10.27357793,0 -55.34393701999999,-10.27363093,0 -55.34385198999999,-10.27366293,0 -55.34377697,-10.27368893,0 -55.34341002999999,-10.27381493,0 -55.34319889999999,-10.27390193,0 -55.343003,-10.27399593,0 -55.34280996,-10.27408993,0 -55.34259,-10.27420193,0 -55.34239792000001,-10.27430193,0 -55.34219899000001,-10.27440293,0 -55.34204597,-10.27448093,0 -55.34185101,-10.27458493,0 -55.34154294,-10.27474593,0 -55.34133696,-10.27485793,0 -55.34117493000001,-10.27493993,0 -55.34103,-10.27502293,0 -55.34089092,-10.27510793,0 -55.34076403,-10.27520693,0 -55.34060293,-10.27532893,0 -55.34047692999999,-10.27541993,0 -55.34033103,-10.27552693,0 -55.340186,-10.27563093,0 -55.34004796999999,-10.27573193,0 -55.33990594000001,-10.27583393,0 -55.33978498,-10.27591693,0 -55.33963398,-10.27601793,0 -55.33948899,-10.27611393,0 -55.33934298,-10.27621293,0 -55.33916992000001,-10.27633093,0 -55.33900102,-10.27644393,0 -55.33883999,-10.27655093,0 -55.33867894,-10.27666293,0 -55.33844995,-10.27681193,0 -55.3382749,-10.27692793,0 -55.33811399,-10.27703993,0 -55.33804290999999,-10.27710393,0 -55.33793498999999,-10.27717493,0 -55.33767898,-10.27736293,0 -55.33752894999999,-10.27746693,0 -55.33736402000001,-10.27758493,0 -55.33719892,-10.27770693,0 -55.33700990999999,-10.27784693,0 -55.33684598,-10.27796393,0 -55.33669192,-10.27807393,0 -55.33647190000001,-10.27822493,0 -55.33623596,-10.27839293,0 -55.33599499,-10.27856693,0 -55.33579598,-10.27870893,0 -55.33565095,-10.27881293,0 -55.33547698,-10.27894093,0 -55.33528193999999,-10.27908693,0 -55.335074,-10.27924693,0 -55.33489799,-10.27938193,0 -55.33474791,-10.27949593,0 -55.33466099,-10.27956093,0 -55.33435292,-10.27982693,0 -55.33421691000001,-10.27995093,0 -55.33411701,-10.28004293,0 -55.33401694,-10.28013993,0 -55.33396602,-10.28019493,0 -55.33409302,-10.28023893,0 
				</coordinates>
			</LineString>
		</Placemark>
		<Placemark>
			<name>T09 - Mambassa</name>
			<Style>
				<LineStyle>
					<color>ff000000</color>
					<width>2</width>
				</LineStyle>
			</Style>
			<LineString>
				<coordinates>
					-55.313022,-10.27805429,0 -55.31289504000001,-10.27813829,0 -55.31276395,-10.27822029,0 -55.31264101,-10.27829829,0 -55.31251694000001,-10.27837429,0 -55.31239499,-10.27845529,0 -55.31227203,-10.27853729,0 -55.31213492000001,-10.27862629,0 -55.31201398000001,-10.27870429,0 -55.31188098,-10.27879629,0 -55.31168898999999,-10.27893029,0 -55.31133601,-10.27916429,0 -55.31118601999999,-10.27926029,0 -55.31104901,-10.27935729,0 -55.310913,-10.27945229,0 -55.31073493,-10.27957129,0 -55.31060093,-10.27966429,0 -55.31046895,-10.27975229,0 -55.31032400000001,-10.27983829,0 -55.31013797,-10.27998029,0 -55.30966292000001,-10.28026229,0 -55.30945696,-10.28039429,0 -55.30937194,-10.28045129,0 -55.30928602,-10.28051329,0 -55.30897899,-10.28071729,0 -55.30887495,-10.28078129,0 -55.30877004,-10.28084929,0 -55.30865596999999,-10.28092229,0 -55.30854102000001,-10.28099929,0 -55.30843596,-10.28106929,0 -55.30833191,-10.28113529,0 -55.308242,-10.28119729,0 -55.30784698,-10.2814773,0 -55.30760097999999,-10.2816303,0 -55.30734093,-10.2817953,0 -55.30722096,-10.2818783,0 -55.30711399,-10.2819573,0 -55.30701092,-10.2820273,0 -55.30690097999999,-10.2821013,0 -55.30678502999999,-10.2821793,0 -55.30667595000001,-10.2822523,0 -55.30657502,-10.2823213,0 -55.30647397,-10.2823883,0 -55.30637595,-10.2824473,0 -55.30610103999999,-10.2826173,0 -55.30607897,-10.2826623,0 -55.30609599,-10.2827353,0 -55.30614904,-10.2828163,0 -55.30624399999999,-10.2829303,0 -55.30631894,-10.2830273,0 -55.30638092,-10.2831203,0 -55.30643704,-10.2832143,0 -55.30649203,-10.2833083,0 -55.306559,-10.2834013,0 -55.30662595999999,-10.2834963,0 -55.30669103999999,-10.2835963,0 -55.30675199,-10.2836943,0 -55.30681095,-10.2837933,0 -55.30687601,-10.2838973,0 -55.30693896999999,-10.2839933,0 -55.30700193,-10.2840893,0 -55.30706701,-10.2841883,0 -55.30713197000001,-10.2842853,0 -55.30719592,-10.2843833,0 -55.30726299999999,-10.2844813,0 -55.30752405,-10.2848793,0 -55.30758996,-10.2849843,0 -55.30764895000001,-10.2850753,0 -55.30771901,-10.2851793,0 -55.30789899,-10.2854243,0 -55.30797399,-10.2854843,0 -55.30805402,-10.2855343,0 -55.30813894,-10.2855793,0 -55.30822291,-10.2856143,0 -55.30834293,-10.2856553,0 -55.30843608000001,-10.28568153,0 -55.30850922,-10.28574129,0 -55.30856813,-10.2854722,0 -55.30851400000001,-10.2854603,0 -55.30845295999999,-10.2854313,0 -55.30839998,-10.2853883,0 -55.30836197,-10.2853483,0 -55.30833198999999,-10.2853003,0 -55.308308,-10.2852503,0 -55.30829693,-10.2851873,0 -55.30829695000001,-10.2851303,0 -55.30831304000001,-10.2850273,0 -55.30833502000001,-10.2849453,0 -55.30836097,-10.2848663,0 -55.30838401,-10.2847983,0 -55.30841997,-10.2847153,0 -55.308446,-10.2846763,0 -55.30847195,-10.2846503,0 -55.30850021999999,-10.28461803,0 -55.30840712,-10.284424,0 -55.30838696,-10.2844323,0 -55.30836194,-10.2844173,0 -55.30833999,-10.2843863,0 -55.30833193,-10.2843473,0 -55.30833595,-10.2843143,0 -55.30835592,-10.2842883,0 -55.30839302,-10.2842853,0 -55.308423,-10.2843063,0 -55.30843821,-10.28434379,0 -55.30844414,-10.28438244,0 -55.3084148,-10.28442687,0 -55.30850194,-10.28461701,0 -55.30852949,-10.2846131,0 -55.30857868999999,-10.28461502,0 -55.30862575,-10.28461694,0 -55.30869061,-10.28462466,0 -55.3087533,-10.28463819,0 -55.30882401,-10.28467109,0 -55.30888297,-10.2847153,0 -55.30896199,-10.2847693,0 -55.309043,-10.2848243,0 -55.30912600000001,-10.2848813,0 -55.30919603,-10.2849353,0 -55.30930899,-10.2850443,0 -55.30937593,-10.2851163,0 -55.30937401,-10.2853423,0 -55.30931796,-10.2854493,0 -55.30920195,-10.2854853,0 -55.30893996,-10.2855323,0 -55.30887295,-10.2855263,0 -55.30880597,-10.2855153,0 -55.30867295,-10.2854773,0 -55.30857312000001,-10.28547366,0 -55.30851303999999,-10.2857463,0 -55.30852095,-10.2857623,0 -55.30853105,-10.2857943,0 -55.30853896,-10.2858353,0 -55.308553,-10.2859043,0 -55.30856503999999,-10.2859723,0 -55.308578,-10.2860313,0 -55.30856302000001,-10.2861383,0 -55.30855191,-10.2861883,0 -55.30854298,-10.2862323,0 -55.308543,-10.2862813,0 -55.30854805,-10.2863253,0 -55.30855605,-10.2863763,0 -55.30857193000001,-10.2864213,0 -55.30859893,-10.2864653,0 -55.30874204,-10.2866723,0 -55.30884896000001,-10.2868173,0 -55.30898795,-10.2870463,0 -55.30907699000001,-10.2871753,0 -55.30914595000001,-10.2872703,0 -55.309218,-10.2873733,0 -55.30927994,-10.2874733,0 -55.30934594999999,-10.2875863,0 -55.30941599,-10.2876943,0 -55.30948591,-10.2877953,0 -55.30957104000001,-10.2879083,0 -55.30964492,-10.2880153,0 -55.30971299,-10.2881163,0 -55.30979596,-10.2882323,0 -55.30993596,-10.2884343,0 -55.309985,-10.2885203,0 -55.31004994,-10.2886203,0 -55.31011901,-10.2887213,0 -55.31018792,-10.2888243,0 -55.31025696,-10.2889313,0 -55.31031992,-10.2890293,0 -55.310385,-10.2891293,0 -55.310446,-10.2892193,0 -55.31055693,-10.2893873,0 -55.31062101,-10.2894883,0 -55.31071297,-10.2896293,0 -55.31079404,-10.2897553,0 -55.31093,-10.2899643,0 -55.31097797,-10.2900373,0 -55.31105896,-10.2901503,0 -55.31122501000001,-10.2903883,0 -55.31127992999999,-10.2904683,0 -55.31133303,-10.2905413,0 -55.31138993999999,-10.2906223,0 -55.31141714,-10.29068497,0 -55.31144822,-10.29073997,0 -55.31147745,-10.29076887,0 -55.31149982,-10.29080048,0 -55.31152345,-10.29083642,0 -55.31156412999999,-10.29088579,0 -55.31162912,-10.29097546,0 -55.31168280000001,-10.29107429,0 -55.31175156,-10.29118073,0 -55.31181692,-10.2912813,0 -55.311896,-10.2913793,0 -55.31194354,-10.29145039,0 -55.31199041999999,-10.29151492,0 -55.31205511,-10.2916067,0 -55.3121095,-10.29167876,0 -55.31218601999999,-10.2918023,0 -55.31226201,-10.2919163,0 -55.31233896,-10.2920373,0 -55.31240898999999,-10.2921463,0 -55.31247394,-10.2922453,0 -55.31253792,-10.2923373,0 -55.31258586000001,-10.29241504,0 -55.31263509,-10.29249186,0 -55.31267122,-10.29253881,0 -55.3127284,-10.29262164,0 -55.31278196,-10.2926893,0 -55.31286093,-10.2928063,0 -55.31292293999999,-10.2928953,0 -55.31300898,-10.2930243,0 -55.313075,-10.2931363,0 -55.31314204,-10.2932423,0 -55.31318914,-10.29331831,0 -55.31323536999999,-10.29339553,0 -55.31328896,-10.2934853,0 -55.31333504,-10.2935643,0 -55.31336998999999,-10.2936433,0 -55.31340992,-10.2936993,0 -55.31346493000001,-10.2937363,0 -55.31352402,-10.2937553,0 -55.3135515,-10.29376438,0 -55.31358711,-10.29377408,0 -55.31363664999999,-10.29376632,0 -55.31364264,-10.29376632,0 -55.31369423,-10.2937488,0 -55.31372984,-10.29373124,0 -55.31376149999999,-10.29370592,0 -55.31378736999999,-10.293669,0 -55.31380733,-10.29361667,0 -55.3138431,-10.29354353,0 -55.31388831,-10.29343711,0 -55.31393643,-10.29334673,0 -55.31399296,-10.2932583,0 -55.314067,-10.2931753,0 -55.31414498,-10.2931043,0 -55.31422195999999,-10.2930583,0 -55.31430696,-10.2930343,0 -55.31439197,-10.2930353,0 -55.314424,-10.29304683,0 -55.31444940999999,-10.29306936,0 -55.31447669,-10.29309005,0 -55.31450209,-10.29311455,0 -55.31452764000001,-10.29313909,0 -55.31454735,-10.29316178,0 -55.31456519,-10.2931864,0 -55.31457341000001,-10.29322247,0 -55.31459318,-10.29328751,0 -55.31459729,-10.29332008,0 -55.31460324,-10.29335461,0 -55.31459021,-10.29341794,0 -55.31456759,-10.29351332,0 -55.31455643,-10.29359995,0 -55.31454128000001,-10.29368693,0 -55.3145184,-10.2937782,0 -55.31448555,-10.29389345,0 -55.31447631,-10.29402077,0 -55.31446086,-10.29411041,0 -55.31445098,-10.2941723,0 -55.31445394,-10.2942863,0 -55.31446402000001,-10.2944023,0 -55.31447505,-10.2945283,0 -55.31448601000001,-10.2946403,0 -55.31449572999999,-10.29471663,0 -55.31449909,-10.29475448,0 -55.31449433000001,-10.29479224,0 -55.31447656,-10.29488772,0 -55.31446355,-10.29497375,0 -55.31445876,-10.2950169,0 -55.31445728,-10.29505348,0 -55.31445907,-10.29509177,0 -55.31446925,-10.29513673,0 -55.31448951,-10.29518996,0 -55.31452466,-10.29525799,0 -55.31464616,-10.29542594,0 -55.31474964,-10.29557474,0 -55.31483295000001,-10.2957083,0 -55.31491402,-10.2958323,0 -55.31499695999999,-10.2959553,0 -55.31507097999999,-10.2960653,0 -55.31514702999999,-10.2961683,0 -55.31522192,-10.2962753,0 -55.31528797999999,-10.2963783,0 -55.31535593,-10.2964763,0 -55.31542098,-10.2965563,0 -55.31544618000001,-10.2965932,0 -55.31547533,-10.29663666,0 -55.3155031,-10.29667214,0 -55.31552543,-10.29671139,0 -55.31557599999999,-10.2968043,0 -55.315637,-10.2968943,0 -55.31570492,-10.2969983,0 -55.31578602,-10.2971173,0 -55.315865,-10.2972343,0 -55.31594592,-10.2973613,0 -55.31602202,-10.2974813,0 -55.31610796,-10.2976033,0 -55.31618792,-10.2977213,0 -55.31626291,-10.2978373,0 -55.31634698,-10.2979623,0 -55.31643401,-10.2980933,0 -55.31651694,-10.2982173,0 -55.31660299,-10.2983453,0 -55.31668905,-10.2984713,0 -55.31677,-10.2985913,0 -55.31685093,-10.2987163,0 -55.31692703,-10.2988373,0 -55.31700897,-10.2989613,0 -55.31709091,-10.2990823,0 -55.31716904,-10.2991983,0 -55.31725198,-10.2993203,0 -55.31733194,-10.2994393,0 -55.31741504,-10.2995593,0 -55.317501,-10.2996773,0 -55.31758201000001,-10.2997863,0 -55.31765898,-10.2999063,0 -55.31773695,-10.3000243,0 -55.31780898,-10.3001333,0 -55.31788398,-10.3002453,0 -55.317961,-10.3003543,0 -55.31803192,-10.3004583,0 -55.31810801,-10.3005813,0 -55.31818793,-10.3007073,0 -55.31826603,-10.3008293,0 -55.31834795,-10.3009563,0 -55.31843891999999,-10.3010963,0 -55.31844939,-10.30111291,0 -55.31846086,-10.30112886,0 -55.31847812,-10.30115609,0 -55.31849623,-10.30118333,0 -55.31851547,-10.30121435,0 -55.31853473,-10.30123975,0 -55.31854914,-10.30126706,0 -55.31856213,-10.30129254,0 -55.31858194,-10.3013223,0 -55.31860403000001,-10.30135209,0 -55.31861972999999,-10.3013788,0 -55.31864068,-10.30140863,0 -55.31865861,-10.30144464,0 -55.31867853999999,-10.3014776,0 -55.31869849,-10.30150852,0 -55.31871631999999,-10.30153534,0 -55.31873954,-10.3015694,0 -55.31876163,-10.30160039,0 -55.31877092,-10.30162312,0 -55.31878963,-10.30164476,0 -55.3188106,-10.30167156,0 -55.31883984,-10.30169941,0 -55.31886712,-10.30172006,0 -55.31890710999999,-10.30173763,0 -55.31893431,-10.30174688,0 -55.31896581,-10.30175097,0 -55.31899718999999,-10.30175093,0 -55.31903289,-10.30174364,0 -55.31906975,-10.30173221,0 -55.31910453,-10.30171147,0 -55.31913402000001,-10.30169177,0 -55.31915894999999,-10.30167081,0 -55.31918645,-10.30165009,0 -55.31921582,-10.30162521,0 -55.31925263000001,-10.30159614,0 -55.31927883,-10.30157846,0 -55.31931049,-10.30155242,0 -55.31934316,-10.3015253,0 -55.31938138000001,-10.30150021,0 -55.31942891,-10.30146851,0 -55.31946858,-10.30143815,0 -55.3195001,-10.3014124,0 -55.31953476000001,-10.30138606,0 -55.3195803,-10.30135276,0 -55.31963486999999,-10.30130927,0 -55.31966883,-10.3012817,0 -55.31970706999999,-10.30125267,0 -55.31974100999999,-10.30122652,0 -55.31979857,-10.3011855,0 -55.31985641,-10.30114651,0 -55.31988449,-10.30112322,0 -55.31991986,-10.30109841,0 -55.31994822000001,-10.30107511,0 -55.31997646000001,-10.30104902,0 -55.31999853,-10.30102991,0 -55.32003864,-10.30099779,0 -55.32007286,-10.3009744,0 -55.32010339000001,-10.30094679,0 -55.32014194,-10.30091327,0 -55.32018332000001,-10.30088266,0 -55.32022599,-10.30085201,0 -55.32025404,-10.30083446,0 -55.32028496,-10.30081397,0 -55.3202864,-10.30081251,0 -55.32033080000001,-10.30077738,0 -55.32037661,-10.30074802,0 -55.32042098,-10.30071863,0 -55.32047280999999,-10.30068333,0 -55.32052491,-10.30064953,0 -55.32056887,-10.30061656,0 -55.32062674,-10.30057261,0 -55.32065939,-10.3005477,0 -55.32069507,-10.3005169,0 -55.32073375,-10.30048609,0 -55.32077983,-10.30045818,0 -55.32081405,-10.30043321,0 -55.32086173,-10.30040086,0 -55.32089151,-10.3003788,0 -55.32093635,-10.30034348,0 -55.32098102,-10.30031255,0 -55.32102641000001,-10.30027952,0 -55.32107422999999,-10.3002457,0 -55.32110403,-10.30022068,0 -55.32114582999999,-10.30019418,0 -55.32117863,-10.30016767,0 -55.32122801,-10.30013672,0 -55.32126895,-10.3001093,0 -55.32129745,-10.3000888,0 -55.32131995,-10.30006894,0 -55.32134169999999,-10.30005544,0 -55.32136117,-10.30004193,0 -55.3213805,-10.30002762,0 -55.32139597,-10.30001582,0 -55.32140517,-10.30002995,0 -55.32140558,-10.30003399,0 -55.32141763,-10.30004752,0 -55.32143384,-10.30005708,0 -55.321456,-10.3001013,0 -55.32147919,-10.30013914,0 -55.32149446,-10.30016545,0 -55.32153599,-10.3002153,0 -55.32154998,-10.3002683,0 -55.32156121,-10.30032903,0 -55.32156375,-10.30038886,0 -55.32156376999999,-10.30043873,0 -55.32159895000001,-10.3005293,0 -55.32165699,-10.3006133,0 -55.32170267000001,-10.30068857,0 -55.32175312999999,-10.30074853,0 -55.32182900000001,-10.3008333,0 -55.32190395,-10.3009283,0 -55.32198599000001,-10.3010323,0 -55.32206493,-10.3011293,0 -55.32214897,-10.3012333,0 -55.32222592,-10.3013293,0 -55.32230799,-10.3014293,0 -55.32238097,-10.3015193,0 -55.32244997999999,-10.3016053,0 -55.32251599,-10.3016943,0 -55.32257904,-10.3017743,0 -55.32264597,-10.3018493,0 -55.32271098,-10.3019113,0 -55.322767,-10.3019723,0 -55.32281994,-10.3020503,0 -55.32286605,-10.3021243,0 -55.32292795999999,-10.3022043,0 -55.32298705,-10.3022793,0 -55.32304803,-10.3023473,0 -55.32311395,-10.3023973,0 -55.32318998,-10.3024243,0 -55.32326401,-10.3024253,0 -55.32332694000001,-10.3023943,0 -55.32338198,-10.3023443,0 -55.32343191,-10.3022893,0 -55.32348703,-10.3022233,0 -55.32355601999999,-10.3021533,0 -55.32362599,-10.3020853,0 -55.32370297,-10.3020123,0 -55.32377698,-10.3019373,0 -55.32385596999999,-10.3018623,0 -55.32392593000001,-10.3017963,0 -55.32402897,-10.3017063,0 -55.32410802,-10.3016473,0 -55.32419091,-10.3015903,0 -55.32427905000001,-10.3015403,0 -55.32433694,-10.3014903,0 -55.32440503,-10.3014273,0 -55.32448195,-10.3013663,0 -55.32455493,-10.3012953,0 -55.32462491,-10.3012263,0 -55.32470492,-10.3011473,0 -55.32477694000001,-10.3010703,0 -55.32484897,-10.3009903,0 -55.32490999,-10.3009153,0 -55.32496199,-10.3008463,0 -55.32500996,-10.3007843,0 -55.32505101,-10.3007363,0 -55.32508586,-10.3006737,0 -55.32512642,-10.30060998,0 -55.32514808,-10.30058874,0 -55.32521103,-10.3005523,0 -55.32527495,-10.3004963,0 -55.32533492,-10.3004303,0 -55.32539092,-10.3003603,0 -55.32545794999999,-10.3002833,0 -55.32552892,-10.3002133,0 -55.32560999,-10.3001513,0 -55.32568704,-10.3000923,0 -55.325755,-10.3000263,0 -55.32580701,-10.2999563,0 -55.32586292,-10.2998763,0 -55.32592199,-10.2997923,0 -55.32598992,-10.2997063,0 -55.32605198,-10.2996223,0 -55.32611404000001,-10.2995403,0 -55.32618198,-10.2994513,0 -55.32624892999999,-10.2993603,0 -55.32631294000001,-10.2992603,0 -55.32637404,-10.2991423,0 -55.32642194,-10.2990403,0 -55.32647604999999,-10.2989503,0 -55.32654697,-10.2988643,0 -55.32661797,-10.2987903,0 -55.32669896,-10.2987143,0 -55.32677593,-10.2986433,0 -55.32686003,-10.2985753,0 -55.32694194,-10.2985143,0 -55.32701902,-10.2984513,0 -55.32709200999999,-10.2983783,0 -55.327161,-10.2983063,0 -55.32723000000001,-10.2982323,0 -55.32729102,-10.2981573,0 -55.32734395,-10.2980753,0 -55.32739302,-10.2979923,0 -55.32743799,-10.2979043,0 -55.32747895,-10.2978193,0 -55.32752697000001,-10.2977213,0 -55.32757196,-10.2976293,0 -55.32761596,-10.2975353,0 -55.32765395,-10.2974463,0 -55.32769394,-10.2973553,0 -55.32773305,-10.2972693,0 -55.32777,-10.2971863,0 -55.32779094,-10.2971113,0 -55.32780291,-10.2970313,0 -55.32781193999999,-10.2969423,0 -55.32781796,-10.2968563,0 -55.32781800000001,-10.2967663,0 -55.32781198999999,-10.2966893,0 -55.32780601,-10.2966063,0 -55.32779402,-10.2965263,0 -55.32776504,-10.2964503,0 -55.32772703,-10.2963813,0 -55.32768293,-10.2963033,0 -55.32763703,-10.2962173,0 -55.32758895,-10.2961373,0 -55.32753904,-10.2960533,0 -55.32749095,-10.2959753,0 -55.32745997,-10.2959003,0 -55.32742893,-10.2958353,0 -55.32739394,-10.2957883,0 -55.32736001,-10.2957573,0 -55.32734903,-10.2957583,0 -55.32731402999999,-10.2957403,0 -55.327275,-10.2957303,0 -55.32723905,-10.2957313,0 -55.32720791999999,-10.2957363,0 -55.32717591000001,-10.2957473,0 -55.32714202,-10.2957643,0 -55.32711395,-10.2957843,0 -55.32708203,-10.2958063,0 -55.32704097,-10.2958293,0 -55.32700304,-10.2958543,0 -55.32696300999999,-10.2958713,0 -55.326919,-10.2958843,0 -55.32687096,-10.2959073,0 -55.32681697,-10.2959473,0 -55.32675496,-10.2959943,0 -55.32667991,-10.2960513,0 -55.326601,-10.2961113,0 -55.32651392,-10.2961783,0 -55.32643599000001,-10.2962413,0 -55.32635293,-10.2963033,0 -55.32627101000001,-10.2963653,0 -55.32617992,-10.2964343,0 -55.32609198,-10.2965023,0 -55.32599001999999,-10.2965773,0 -55.32589492,-10.2966503,0 -55.32579296,-10.2967253,0 -55.32569901,-10.2967963,0 -55.32559805000001,-10.2968723,0 -55.32549995,-10.2969463,0 -55.32539899,-10.2970213,0 -55.32530504,-10.2970923,0 -55.32520293,-10.2971693,0 -55.32510797,-10.2972423,0 -55.32501001000001,-10.2973173,0 -55.32491690999999,-10.2973883,0 -55.32482396000001,-10.2974603,0 -55.32473602,-10.2975273,0 -55.32464594,-10.2975943,0 -55.32455803,-10.2976573,0 -55.32446295,-10.2977263,0 -55.32436200000001,-10.2977983,0 -55.32426992,-10.2978663,0 -55.32417698,-10.2979363,0 -55.32408903,-10.2980043,0 -55.32400296,-10.2980693,0 -55.32392391,-10.2981283,0 -55.32383899,-10.2981913,0 -55.32375595,-10.2982493,0 -55.32367203,-10.2983113,0 -55.32358996999999,-10.2983733,0 -55.32351292999999,-10.2984303,0 -55.32343201,-10.2984913,0 -55.32334493,-10.2985573,0 -55.32326302,-10.2986183,0 -55.32317494,-10.2986843,0 -55.32309002000001,-10.2987473,0 -55.32300997,-10.2988063,0 -55.32292891000001,-10.2988673,0 -55.32284398,-10.2989333,0 -55.32267691,-10.2990733,0 -55.32259597000001,-10.2991393,0 -55.32241392,-10.2992813,0 -55.32239243,-10.29929941,0 -55.3223661,-10.2993135,0 -55.32232428,-10.29934522,0 -55.32229435,-10.29936757,0 -55.32224166,-10.29940523,0 -55.32219968,-10.29944068,0 -55.3221639,-10.29946323,0 -55.32212108,-10.29949506,0 -55.32210573,-10.29951149,0 -55.32207967,-10.29953023,0 -55.32205132999999,-10.29954777,0 -55.32202784,-10.29956643,0 -55.32200433999999,-10.29958622,0 -55.32197842,-10.29960479,0 -55.32195853,-10.29961752,0 -55.32193877,-10.2996314,0 -55.32191886,-10.29964641,0 -55.32189795000001,-10.29966255,0 -55.32187118,-10.29968093,0 -55.32185187,-10.29969174,0 -55.32183053,-10.29970665,0 -55.32181163,-10.29972074,0 -55.32179601000001,-10.2997348,0 -55.32177882,-10.29974911,0 -55.32175759999999,-10.29976863,0 -55.32174113,-10.29978032,0 -55.32171135,-10.29980202,0 -55.32168459,-10.29981837,0 -55.32167283,-10.29982923,0 -55.32165493,-10.29984317,0 -55.32163759000001,-10.29985864,0 -55.32162199,-10.29986791,0 -55.32160782,-10.29987796,0 -55.32158876,-10.29989318,0 -55.32157373,-10.29990325,0 -55.32155411,-10.29991795,0 -55.32153221,-10.29993188,0 -55.32151331000001,-10.29994657,0 -55.32148981,-10.29996512,0 -55.32146476999999,-10.29998134,0 -55.32144514,-10.29999678,0 -55.32142396,-10.3000099,0 -55.32140518,-10.30002709,0 -55.32139698999999,-10.30001296,0 -55.3214082,-10.29999579,0 -55.32142197999999,-10.29997924,0 -55.32143001,-10.2999713,0 -55.32145592000001,-10.2999543,0 -55.321487,-10.2999313,0 -55.32153398,-10.2998953,0 -55.32160702,-10.2998393,0 -55.32167631,-10.2997916,0 -55.32177831,-10.29971039,0 -55.32187769,-10.2996376,0 -55.32192294000001,-10.29960467,0 -55.32197032,-10.29957386,0 -55.32203404999999,-10.29952453,0 -55.32208216,-10.29949084,0 -55.32214547,-10.29944113,0 -55.3221685,-10.2994293,0 -55.32219871,-10.29940776,0 -55.32224194,-10.29937959,0 -55.32230367,-10.2993315,0 -55.32235696000001,-10.2992893,0 -55.32239791999999,-10.2992583,0 -55.32242403,-10.2992303,0 -55.32242802,-10.2992043,0 -55.32242297,-10.2991873,0 -55.32240492,-10.2991753,0 -55.32238103000001,-10.2991613,0 -55.32236492999999,-10.2991303,0 -55.32235001,-10.2990933,0 -55.32233005,-10.2990373,0 -55.32230604,-10.2989643,0 -55.32227693999999,-10.2988833,0 -55.32223995,-10.2987843,0 -55.32219904999999,-10.2986703,0 -55.32215094000001,-10.2985413,0 -55.32210005,-10.2984013,0 -55.32204803999999,-10.2982563,0 -55.32199700000001,-10.2981163,0 -55.32194499,-10.2979703,0 -55.32189301,-10.2978193,0 -55.32183399,-10.2976503,0 -55.32178101,-10.2975003,0 -55.32172197000001,-10.2973363,0 -55.32165897000001,-10.2971643,0 -55.32159696,-10.2969953,0 -55.32153298,-10.2968203,0 -55.32148000999999,-10.2966683,0 -55.32142592,-10.2965113,0 -55.32137096000001,-10.2963583,0 -55.32131292,-10.2961923,0 -55.32125598,-10.2960363,0 -55.32120299000001,-10.2958873,0 -55.32114905,-10.2957303,0 -55.32109099,-10.2955693,0 -55.32103700999999,-10.2954183,0 -55.32096997,-10.2952293,0 -55.32090996,-10.2950603,0 -55.32085304,-10.2948993,0 -55.32079891,-10.2947493,0 -55.32074100000001,-10.2945883,0 -55.32068604,-10.2944343,0 -55.32062800999999,-10.2942683,0 -55.32056896,-10.2941053,0 -55.32050895,-10.2939343,0 -55.32045302,-10.2937763,0 -55.320393,-10.2936083,0 -55.32033593,-10.2934493,0 -55.32027605,-10.2932823,0 -55.32021504,-10.2931123,0 -55.32015798,-10.2929513,0 -55.32009895000001,-10.2927843,0 -55.32003992,-10.2926183,0 -55.31998300000001,-10.2924573,0 -55.31992493,-10.2922983,0 -55.31986604,-10.2921343,0 -55.31981093,-10.2919823,0 -55.319751,-10.2918243,0 -55.31969304,-10.2916703,0 -55.31963691999999,-10.2915203,0 -55.31957799,-10.2913623,0 -55.31952092,-10.2912043,0 -55.31946694,-10.2910533,0 -55.31940801999999,-10.2908943,0 -55.31934699,-10.2907283,0 -55.31928894,-10.2905663,0 -55.31923496,-10.2904153,0 -55.31918098,-10.2902653,0 -55.31912998,-10.2901183,0 -55.31908196000001,-10.2899753,0 -55.31903592,-10.2898333,0 -55.318993,-10.2896953,0 -55.31895502,-10.2895693,0 -55.31891191,-10.2894393,0 -55.31886892,-10.2893153,0 -55.31882495,-10.2891883,0 -55.31878192,-10.2890703,0 -55.31874004,-10.2889523,0 -55.31869802,-10.2888333,0 -55.31866002,-10.2887103,0 -55.31862599000001,-10.2885913,0 -55.31859099,-10.2884663,0 -55.31854905,-10.2883323,0 -55.31851192,-10.2882063,0 -55.31847097,-10.2880733,0 -55.31842894,-10.2879573,0 -55.31839597,-10.2878533,0 -55.31835805,-10.2877413,0 -55.31832592,-10.2876393,0 -55.31829694000001,-10.2875373,0 -55.31827301,-10.2874503,0 -55.31825002,-10.2873733,0 -55.31822395,-10.2873143,0 -55.31818698,-10.2872653,0 -55.31813993999999,-10.2872313,0 -55.31808201,-10.2872083,0 -55.31802303,-10.2871953,0 -55.31796,-10.2871913,0 -55.31789492,-10.2871993,0 -55.31783005,-10.2872203,0 -55.31775597,-10.2872563,0 -55.31767299,-10.2873023,0 -55.31757598,-10.2873593,0 -55.31747795,-10.2874203,0 -55.31736703999999,-10.2874893,0 -55.31724698000001,-10.2875623,0 -55.31712493,-10.2876333,0 -55.31700791,-10.2876983,0 -55.31688402,-10.2877673,0 -55.316765,-10.2878323,0 -55.31663697,-10.2879023,0 -55.31651694,-10.2879693,0 -55.31638990999999,-10.2880383,0 -55.31626804,-10.2881033,0 -55.31614401,-10.2881703,0 -55.31602099999999,-10.2882353,0 -55.31590498,-10.2882993,0 -55.31577994999999,-10.2883683,0 -55.31565693000001,-10.2884343,0 -55.31553005,-10.2885013,0 -55.31541505,-10.2885613,0 -55.31530893,-10.2886133,0 -55.315212,-10.2886563,0 -55.31512492,-10.2886963,0 -55.315053,-10.2887283,0 -55.31497592000001,-10.2887653,0 -55.31490900000001,-10.2887963,0 -55.31482992000001,-10.2888343,0 -55.31474995000001,-10.2888783,0 -55.31466293,-10.2889343,0 -55.31455692,-10.2889943,0 -55.31445193,-10.2890483,0 -55.31433592,-10.2891103,0 -55.31422291,-10.2891713,0 -55.31410503,-10.2892363,0 -55.31397998999999,-10.2893073,0 -55.31385994000001,-10.2893783,0 -55.31373803,-10.2894493,0 -55.31362599000001,-10.2895153,0 -55.31350796,-10.2895823,0 -55.31339694,-10.2896453,0 -55.31328191,-10.2897103,0 -55.31316302,-10.2897783,0 -55.31304898,-10.2898453,0 -55.31292191,-10.2899203,0 -55.312793,-10.2899953,0 -55.31264993,-10.2900763,0 -55.31252103999999,-10.2901463,0 -55.31239701,-10.2902143,0 -55.31227298,-10.2902813,0 -55.31216098,-10.2903403,0 -55.31204799,-10.2903983,0 -55.31197016,-10.29044119,0 -55.31186834,-10.29049115,0 -55.31179040000001,-10.2905279,0 -55.31173848,-10.29055506,0 -55.31165720000001,-10.29060459,0 -55.31158897,-10.29063975,0 -55.31153802000001,-10.2906713,0 -55.31148993,-10.2907033,0 -55.31146304,-10.2907173,0 -55.31144759,-10.29072592,0 -55.31143204,-10.29069848,0 -55.31145796,-10.2906803,0 -55.31148398,-10.2906673,0 -55.31151803,-10.2906483,0 -55.31156094,-10.2906273,0 -55.31159897000001,-10.2906103,0 -55.311625,-10.2905983,0 -55.31164202999999,-10.2905873,0 -55.31165903000001,-10.2905813,0 -55.31167691,-10.2905723,0 -55.31170395,-10.2905573,0 -55.31174200000001,-10.2905373,0 -55.31180092,-10.2905083,0 -55.31187501,-10.2904703,0 -55.31196598,-10.2904233,0 -55.31206096,-10.2903733,0 -55.31215694000001,-10.2903213,0 -55.31226395000001,-10.2902633,0 -55.31237696,-10.2902023,0 -55.31248797,-10.2901423,0 -55.31259598,-10.2900823,0 -55.312709,-10.2900183,0 -55.31282303999999,-10.2899523,0 -55.31294796000001,-10.2898773,0 -55.31306800999999,-10.2898063,0 -55.31319393,-10.2897313,0 -55.31331498,-10.2896603,0 -55.31343805,-10.2895863,0 -55.31355595,-10.2895163,0 -55.31368202,-10.2894403,0 -55.31379092,-10.2893743,0 -55.31388893,-10.2893173,0 -55.31398897,-10.2892543,0 -55.31408699,-10.2891953,0 -55.31417498999999,-10.2891443,0 -55.31426098000001,-10.2890933,0 -55.31434198,-10.2890443,0 -55.31443492,-10.2890023,0 -55.31453195,-10.2889683,0 -55.31462794,-10.2889163,0 -55.31473492,-10.2888623,0 -55.31483902,-10.2888123,0 -55.314947,-10.2887583,0 -55.31505297,-10.2887073,0 -55.31516894,-10.2886523,0 -55.31527805,-10.2886013,0 -55.31538802,-10.2885483,0 -55.31550501,-10.2884883,0 -55.31560400000001,-10.2884353,0 -55.31570599,-10.2883803,0 -55.31580697999999,-10.2883263,0 -55.31592499999999,-10.2882623,0 -55.31604502,-10.2881973,0 -55.31617504,-10.2881283,0 -55.31631895000001,-10.2880513,0 -55.31645299000001,-10.2879783,0 -55.31659604,-10.2879003,0 -55.31672995,-10.2878243,0 -55.316867,-10.2877483,0 -55.31700691,-10.2876713,0 -55.31712795,-10.2876023,0 -55.317249,-10.2875313,0 -55.31735591,-10.2874633,0 -55.31745996,-10.2873973,0 -55.317566,-10.2873323,0 -55.31765401,-10.2872773,0 -55.31773699,-10.2872303,0 -55.31781194,-10.2871913,0 -55.31787998,-10.2871653,0 -55.31794896,-10.2871483,0 -55.31801302,-10.2871453,0 -55.31807003,-10.2871543,0 -55.318118,-10.2871723,0 -55.31816392,-10.2872013,0 -55.31820392,-10.2872433,0 -55.31823997,-10.2873043,0 -55.31826600000001,-10.2873723,0 -55.31829602000001,-10.2874673,0 -55.31832502,-10.2875673,0 -55.31835694999999,-10.2876793,0 -55.31839005,-10.2877853,0 -55.31842501000001,-10.2878913,0 -55.31845901,-10.2879883,0 -55.31848992,-10.2880773,0 -55.31852393999999,-10.2881723,0 -55.31856102,-10.2882813,0 -55.31859596,-10.2883903,0 -55.31863097,-10.2885123,0 -55.31866497,-10.2886383,0 -55.31870195,-10.2887643,0 -55.31874593,-10.2888903,0 -55.31878795999999,-10.2890073,0 -55.31883198000001,-10.2891263,0 -55.31887697,-10.2892503,0 -55.31891799,-10.2893683,0 -55.31895897,-10.2894953,0 -55.31899600999999,-10.2896133,0 -55.31903301,-10.2897373,0 -55.31907004999999,-10.2898533,0 -55.31910990999999,-10.2899753,0 -55.31914995999999,-10.2900903,0 -55.31919197000001,-10.2902103,0 -55.31923203,-10.2903233,0 -55.31927293,-10.2904373,0 -55.31931595,-10.2905553,0 -55.319357,-10.2906703,0 -55.31940202,-10.2907873,0 -55.31944393,-10.2909003,0 -55.31948795,-10.2910193,0 -55.31952998,-10.2911353,0 -55.31957497,-10.2912593,0 -55.31961899,-10.2913783,0 -55.31966398,-10.2915013,0 -55.319707,-10.2916213,0 -55.31975496,-10.2917483,0 -55.31980096,-10.2918713,0 -55.31985397,-10.2920163,0 -55.31989994,-10.2921433,0 -55.31994605,-10.2922713,0 -55.31999398000001,-10.2924053,0 -55.32003895,-10.2925323,0 -55.32008703,-10.2926663,0 -55.32013103000001,-10.2927883,0 -55.32017699,-10.2929173,0 -55.32022,-10.2930373,0 -55.320264,-10.2931603,0 -55.32030603999999,-10.2932743,0 -55.32034894000001,-10.2933903,0 -55.32038900999999,-10.2934993,0 -55.32043305000001,-10.2936143,0 -55.32047,-10.2937213,0 -55.32050991,-10.2938343,0 -55.32054901000001,-10.2939393,0 -55.32058795,-10.2940473,0 -55.32061895,-10.2941473,0 -55.32065591,-10.2942513,0 -55.32069202000001,-10.2943543,0 -55.32072898,-10.2944603,0 -55.32076594999999,-10.2945633,0 -55.32080799,-10.2946793,0 -55.32085,-10.2948003,0 -55.32089791999999,-10.2949363,0 -55.32094303,-10.2950643,0 -55.32099095,-10.2952003,0 -55.32103691,-10.2953293,0 -55.32108597,-10.2954663,0 -55.32113292,-10.2955973,0 -55.32117997999999,-10.2957333,0 -55.32122596,-10.2958593,0 -55.32127292,-10.2959893,0 -55.32131692,-10.2961113,0 -55.32136304,-10.2962373,0 -55.32140395,-10.2963513,0 -55.32144499000001,-10.2964653,0 -55.32156491,-10.2967973,0 -55.32160692999999,-10.2969163,0 -55.32165094,-10.2970383,0 -55.321691,-10.2971493,0 -55.32173403,-10.2972673,0 -55.32177394,-10.2973813,0 -55.32181594000001,-10.2975043,0 -55.32185699,-10.2976183,0 -55.32189901,-10.2977363,0 -55.32193991,-10.2978513,0 -55.32198194,-10.2979683,0 -55.32202591,-10.2980963,0 -55.32207092,-10.2982183,0 -55.32211703999999,-10.2983433,0 -55.32215994,-10.2984593,0 -55.32220098,-10.2985743,0 -55.32223993,-10.2986803,0 -55.32227194000001,-10.2987783,0 -55.32230596,-10.2988723,0 -55.32232994000001,-10.2989493,0 -55.32235198,-10.2990173,0 -55.32236898,-10.2990673,0 -55.32241197,-10.2991103,0 -55.32246191,-10.2991343,0 -55.32250493999999,-10.2991443,0 -55.32255492000001,-10.2991333,0 -55.32260201,-10.2991033,0 -55.32265101,-10.2990623,0 -55.32270804000001,-10.2990143,0 -55.32277194000001,-10.2989613,0 -55.32285001,-10.2988983,0 -55.32293393,-10.2988353,0 -55.32302301,-10.2987683,0 -55.32311094,-10.2987023,0 -55.32320002,-10.2986363,0 -55.32329397,-10.2985643,0 -55.32338993,-10.2984923,0 -55.32348301,-10.2984233,0 -55.32357795,-10.2983533,0 -55.32367692,-10.2982783,0 -55.32377300999999,-10.2982063,0 -55.32387399,-10.2981283,0 -55.32397395,-10.2980533,0 -55.32407991000001,-10.2979763,0 -55.32418301000001,-10.2979023,0 -55.32429098,-10.2978233,0 -55.32439193999999,-10.2977473,0 -55.32450393,-10.2976643,0 -55.32461005,-10.2975843,0 -55.32471704,-10.2975023,0 -55.32482903,-10.2974183,0 -55.32493903000001,-10.2973333,0 -55.32504500999999,-10.2972523,0 -55.32514899,-10.2971733,0 -55.32525497,-10.2970923,0 -55.32535593,-10.2970183,0 -55.32545703,-10.2969423,0 -55.32555198,-10.2968713,0 -55.32564791999999,-10.2968013,0 -55.325736,-10.2967353,0 -55.32582593,-10.2966673,0 -55.325911,-10.2966033,0 -55.32599994000001,-10.2965363,0 -55.326081,-10.2964753,0 -55.32615791,-10.2964153,0 -55.32623698,-10.2963533,0 -55.32631303,-10.2962953,0 -55.32638592,-10.2962403,0 -55.32645396,-10.2961873,0 -55.326524,-10.2961333,0 -55.32659003,-10.2960813,0 -55.32666995,-10.2960193,0 -55.32673496999999,-10.2959693,0 -55.326803,-10.2959183,0 -55.32688292,-10.2958563,0 -55.32694895,-10.2958043,0 -55.32701398,-10.2957533,0 -55.327066,-10.2957073,0 -55.32710101,-10.2956693,0 -55.32712729,-10.29563625,0 -55.32714964,-10.29561635,0 -55.32716307,-10.29561395,0 -55.32718508000001,-10.29560429,0 -55.32720859,-10.29558303,0 -55.32723402,-10.29554796,0 -55.32723903,-10.2954903,0 -55.32722798,-10.2954503,0 -55.32721303,-10.2954173,0 -55.32718799,-10.2953783,0 -55.32715398,-10.2953343,0 -55.32708898,-10.2952723,0 -55.32705066999999,-10.29523421,0 -55.32701073,-10.29520648,0 -55.32696588,-10.29516406,0 -55.32693113,-10.29512661,0 -55.326833,-10.2950443,0 -55.326734,-10.2949633,0 -55.32664293,-10.2948953,0 -55.32654293,-10.2948143,0 -55.326445,-10.2947473,0 -55.32633293,-10.2946843,0 -55.32622295,-10.2946313,0 -55.32610197,-10.2945803,0 -55.32598198,-10.2945323,0 -55.32585192,-10.2944723,0 -55.32573001000001,-10.2944093,0 -55.32561501,-10.2943343,0 -55.32549704,-10.2942533,0 -55.325396,-10.2941813,0 -55.32530298,-10.2941033,0 -55.32523693,-10.2940233,0 -55.32519698999999,-10.2939433,0 -55.32516096999999,-10.2938483,0 -55.32514837,-10.29375009,0 -55.32513097,-10.29366774,0 -55.32510196,-10.2935433,0 -55.32507793,-10.2934193,0 -55.32504602000001,-10.2933033,0 -55.32500301,-10.2931833,0 -55.32495199,-10.2930663,0 -55.32489797000001,-10.2929503,0 -55.32485000999999,-10.2928473,0 -55.32479502,-10.2927003,0 -55.32477104000001,-10.2926213,0 -55.32475097,-10.2925323,0 -55.32473499,-10.2924523,0 -55.32473095,-10.2923803,0 -55.32471804,-10.2923123,0 -55.32469505,-10.2922363,0 -55.32468296999999,-10.2921473,0 -55.32467003,-10.2920583,0 -55.32465295999999,-10.2919403,0 -55.3246558,-10.29186186,0 -55.32465924,-10.29177886,0 -55.32467298,-10.2916873,0 -55.32469297,-10.2916033,0 -55.32472094,-10.2915193,0 -55.32475804,-10.2914353,0 -55.32481002,-10.2913443,0 -55.32486699,-10.2912523,0 -55.32493103,-10.2911443,0 -55.32499196,-10.2910333,0 -55.32504999,-10.2909293,0 -55.32511094,-10.2908133,0 -55.32517002,-10.2907003,0 -55.32522294,-10.2905923,0 -55.32527991000001,-10.2904723,0 -55.325338,-10.2903583,0 -55.32539696,-10.2902413,0 -55.32544702,-10.2901343,0 -55.32549096,-10.2900243,0 -55.32553202,-10.2899203,0 -55.32557095000001,-10.2898133,0 -55.32560403,-10.2897073,0 -55.32562737999999,-10.28960686,0 -55.32565188,-10.28950645,0 -55.32567099,-10.2893983,0 -55.32569297,-10.2892883,0 -55.32571503,-10.2891893,0 -55.32574798,-10.2890533,0 -55.3257635,-10.2889507,0 -55.32580468,-10.28882417,0 -55.32586134,-10.28868233,0 -55.32592846,-10.28828779,0 -55.3259388,-10.28816699,0 -55.32595935,-10.28805653,0 -55.32598498,-10.28795635,0 -55.32599509999999,-10.28787632,0 -55.32605122,-10.28781138,0 -55.32610726,-10.28773239,0 -55.32618354,-10.28760406,0 -55.32625072999999,-10.28749347,0 -55.32629095000001,-10.28738732,0 -55.32633123,-10.28729449,0 -55.32637798,-10.2871663,0 -55.32636897,-10.2870623,0 -55.3263573,-10.28700306,0 -55.32635701,-10.2869237,0 -55.3263342,-10.28684001,0 -55.32630253000001,-10.28678722,0 -55.32627097,-10.28673886,0 -55.32622128,-10.28666859,0 -55.32608198,-10.2864663,0 -55.32603715,-10.28636705,0 -55.32596206,-10.28624366,0 -55.3259135,-10.28614645,0 -55.32587829000001,-10.28606231,0 -55.32581597,-10.28597801,0 -55.32576216,-10.28584931,0 -55.32571277000001,-10.28572057,0 -55.32564527,-10.28559175,0 -55.32556205000001,-10.2854683,0 -55.32548194,-10.2853223,0 -55.32541001,-10.2851953,0 -55.32534199999999,-10.2850803,0 -55.32527002,-10.2849623,0 -55.32522416,-10.28486921,0 -55.32518168,-10.28478189,0 -55.32513916,-10.28470351,0 -55.32508298,-10.2845913,0 -55.32503595,-10.2845023,0 -55.32498103,-10.2844223,0 -55.32492402999999,-10.2843583,0 -55.32485099000001,-10.2843053,0 -55.32476991,-10.2842633,0 -55.32468293,-10.2842313,0 -55.32458398999999,-10.2841943,0 -55.32448405,-10.2841583,0 -55.32437695,-10.2841273,0 -55.32427804,-10.2841113,0 -55.32416996000001,-10.2841043,0 -55.32405891,-10.2841183,0 -55.32394895,-10.2841433,0 -55.32383893,-10.2841793,0 -55.32373405,-10.2842143,0 -55.32363201,-10.2842513,0 -55.32353995999999,-10.2842873,0 -55.32343791,-10.2843263,0 -55.32330876,-10.28436568,0 -55.32316584,-10.28441791,0 -55.32305379,-10.28446097,0 -55.3229699,-10.28449152,0 -55.32280199,-10.28454953,0 -55.32268698,-10.28458627,0 -55.32258796,-10.2846173,0 -55.32248399,-10.2846433,0 -55.32236901,-10.2846723,0 -55.322228,-10.2847153,0 -55.32213195,-10.2847523,0 -55.32203503000001,-10.2847923,0 -55.32194894,-10.2848343,0 -55.32179305,-10.2849133,0 -55.32170391,-10.2849643,0 -55.32160893999999,-10.2850143,0 -55.32150268,-10.28506706,0 -55.32141339,-10.28512137,0 -55.321321,-10.2851673,0 -55.32123493,-10.2852063,0 -55.32113999,-10.2852483,0 -55.32105393,-10.28528472,0 -55.32097667,-10.28533003,0 -55.32089045,-10.28536905,0 -55.32078607,-10.28541684,0 -55.32066100999999,-10.28546444,0 -55.32054842000001,-10.28550015,0 -55.32043036,-10.28554625,0 -55.32032646,-10.28558523,0 -55.32022599,-10.28562113,0 -55.32011065,-10.28566593,0 -55.32001095,-10.2857193,0 -55.31990001,-10.2857653,0 -55.31979494,-10.2858103,0 -55.31967699,-10.2858613,0 -55.31954796,-10.2859043,0 -55.31942197,-10.2859383,0 -55.319268,-10.2859783,0 -55.31915304,-10.2860043,0 -55.31904205,-10.2860343,0 -55.31890904,-10.2860753,0 -55.31878192,-10.2861073,0 -55.31864794000001,-10.2861413,0 -55.3185708,-10.28616304,0 -55.31847853000001,-10.28618652,0 -55.31833585,-10.28622197,0 -55.31821125,-10.28623681,0 -55.31812258,-10.28625448,0 -55.31796801,-10.2862723,0 -55.31785436,-10.28629262,0 -55.31774681,-10.28629242,0 -55.31764302,-10.2863373,0 -55.317539,-10.2863713,0 -55.31743296,-10.2864093,0 -55.31732503,-10.2864543,0 -55.31722496,-10.2864963,0 -55.31712405,-10.2865353,0 -55.31702296,-10.2865813,0 -55.31692903,-10.2866213,0 -55.31681103,-10.2866823,0 -55.31668396000001,-10.2867603,0 -55.31658002,-10.2868323,0 -55.31651294,-10.2868943,0 -55.31645799,-10.2869543,0 -55.31640504,-10.2870143,0 -55.31634392000001,-10.2870803,0 -55.316293,-10.2871343,0 -55.31625505000001,-10.2871893,0 -55.31618979,-10.28725627,0 -55.31612921999999,-10.28732842,0 -55.31604885,-10.28739391,0 -55.31597848999999,-10.287456,0 -55.31591998,-10.2875143,0 -55.31580399999999,-10.2875983,0 -55.31572404999999,-10.2876653,0 -55.31561302,-10.2877573,0 -55.315523,-10.2878403,0 -55.31546491000001,-10.2879003,0 -55.31537194,-10.2879763,0 -55.31527242,-10.28807516,0 -55.31517573,-10.28815159,0 -55.31508434999999,-10.28822293,0 -55.31500298000001,-10.28828924,0 -55.31491105000001,-10.2883573,0 -55.31482201,-10.2884163,0 -55.31477242,-10.28846088,0 -55.31468722,-10.28852395,0 -55.31460196,-10.28857064,0 -55.31451626999999,-10.28861745,0 -55.31443283,-10.28866894,0 -55.31440148,-10.28869122,0 -55.31437921999999,-10.28871989,0 -55.31436659,-10.28876013,0 -55.31436316999999,-10.28878785,0 -55.31435239,-10.28880317,0 -55.31433207,-10.28881497,0 -55.31431031,-10.28880354,0 -55.31429469,-10.28878963,0 -55.31427402000001,-10.2887333,0 -55.31422593,-10.2886573,0 -55.31417103,-10.2885723,0 -55.31411795,-10.2884953,0 -55.31405700000001,-10.2884233,0 -55.31399204,-10.2883543,0 -55.31393204,-10.2882913,0 -55.313861,-10.2882103,0 -55.31381894,-10.2881543,0 -55.31379801,-10.2881203,0 -55.31379094,-10.2880813,0 -55.31380902,-10.2880333,0 -55.31387198,-10.2879153,0 -55.31391099999999,-10.2878203,0 -55.313918,-10.2877383,0 -55.31391994999999,-10.2876663,0 -55.31391897,-10.2875013,0 -55.31391091,-10.2874073,0 -55.31388599,-10.2873193,0 -55.31384891,-10.2872373,0 -55.31376612,-10.28714141,0 -55.31373837,-10.2870474,0 -55.31367475,-10.28691417,0 -55.31362704,-10.2868201,0 -55.31355798,-10.2867433,0 -55.31351075,-10.2866934,0 -55.31349799,-10.28665216,0 -55.31349817,-10.28659024,0 -55.31349014000001,-10.286518,0 -55.3134793,-10.28643812,0 -55.31352304,-10.2863663,0 -55.31356295000001,-10.2863173,0 -55.31360991,-10.2862573,0 -55.31364104,-10.2861983,0 -55.31366403000001,-10.2861393,0 -55.31367093,-10.2860763,0 -55.31365893,-10.2859723,0 -55.31362402,-10.2858843,0 -55.31355,-10.2857483,0 -55.31349597,-10.2856623,0 -55.31343401000001,-10.2855643,0 -55.31334303,-10.2854263,0 -55.31327699000001,-10.2853193,0 -55.31319205,-10.2851973,0 -55.31314791,-10.2851293,0 -55.31309702,-10.2850423,0 -55.31308795,-10.2849773,0 -55.31308803,-10.2849093,0 -55.31311497999999,-10.2848033,0 -55.31313697,-10.2847443,0 -55.31316596,-10.2846843,0 -55.31319889000001,-10.28463395,0 -55.31322036,-10.28459346,0 -55.31326688999999,-10.28453382,0 -55.31280262,-10.28420813,0 -55.31280080000001,-10.28423036,0 -55.31279542999999,-10.28424763,0 -55.31277791000001,-10.28426842,0 -55.31274902999999,-10.2842823,0 -55.31268591,-10.2842683,0 -55.31263495000001,-10.2842233,0 -55.31262425,-10.2841965,0 -55.31261697,-10.28417008,0 -55.31250966,-10.28415155,0 -55.31251299,-10.2841693,0 -55.31249626,-10.28417794,0 -55.31246983,-10.28418597,0 -55.31245265999999,-10.28416918,0 -55.31244474,-10.28415573,0 -55.31243225,-10.28414458,0 -55.31241935999999,-10.28412713,0 -55.31222794999999,-10.28415311,0 -55.31225871,-10.2841614,0 -55.31228295,-10.2841903,0 -55.31228995,-10.2842423,0 -55.312278,-10.2842903,0 -55.31225704999999,-10.2843133,0 -55.31222293,-10.2843193,0 -55.31218814,-10.28431584,0 -55.31216463000001,-10.28431072,0 -55.31212708,-10.28426403,0 -55.31210999000001,-10.28423371,0 -55.31207994,-10.28419748,0 -55.31206598000001,-10.28416636,0 -55.31204693999999,-10.28415241,0 -55.31188391,-10.28426044,0 -55.31189604,-10.2842853,0 -55.31188192,-10.28431195,0 -55.3118624,-10.28433524,0 -55.31182293,-10.2843533,0 -55.31179097,-10.28435655,0 -55.31176803,-10.2843514,0 -55.31173785,-10.28444725,0 -55.31174948,-10.28445951,0 -55.31175668,-10.28447383,0 -55.31175044,-10.28449432,0 -55.31174093,-10.28451176,0 -55.31172018,-10.28452511,0 -55.3116993,-10.28453539,0 -55.31166603,-10.28454156,0 -55.31164153,-10.28453611,0 -55.31151535,-10.28457843,0 -55.31151718,-10.28458407,0 -55.31150527999999,-10.28459498,0 -55.31149056,-10.28460081,0 -55.31147504,-10.28459498,0 -55.31146139,-10.28458738,0 -55.31141694,-10.28465816,0 -55.31142494,-10.2846823,0 -55.31140801,-10.2847283,0 -55.31138498,-10.2847673,0 -55.31134866000001,-10.28478332,0 -55.31131244000001,-10.2847819,0 -55.31128494,-10.2847493,0 -55.31128518,-10.2847051,0 -55.31130546,-10.28467244,0 -55.31132579,-10.28465966,0 -55.31136334,-10.28465257,0 -55.31139075,-10.28464831,0 -55.3114181,-10.28465399,0 -55.31146141,-10.28458311,0 -55.31148157,-10.28457462,0 -55.31149743,-10.28456896,0 -55.31151909,-10.2845732,0 -55.31164426,-10.28453127,0 -55.31163919,-10.28451894,0 -55.31163614,-10.28450355,0 -55.31165502,-10.2844673,0 -55.31166761999999,-10.28445746,0 -55.31169051000001,-10.28444519,0 -55.31171433000001,-10.28444417,0 -55.31173401,-10.2844452,0 -55.31176319,-10.28435045,0 -55.31174242,-10.28433927,0 -55.31173639,-10.28431895,0 -55.31173734,-10.28430169,0 -55.31175994,-10.2842633,0 -55.31180593,-10.2842513,0 -55.31185596,-10.2842593,0 -55.31188293,-10.28425644,0 -55.31204696,-10.28414955,0 -55.31204295,-10.2841263,0 -55.31203800999999,-10.2840893,0 -55.31203593000001,-10.2840513,0 -55.31204398,-10.2840133,0 -55.31207804,-10.2839903,0 -55.31212092000001,-10.2840013,0 -55.31216292,-10.2840423,0 -55.31219396,-10.2840793,0 -55.31221401,-10.2841193,0 -55.31222954,-10.2841482,0 -55.31242296000001,-10.2841213,0 -55.31244496999999,-10.2841123,0 -55.31247699,-10.2841263,0 -55.31251396,-10.2841483,0 -55.31262197,-10.28416817,0 -55.31266593,-10.2841373,0 -55.31271301999999,-10.2841323,0 -55.31275603,-10.2841453,0 -55.312776,-10.2841713,0 -55.31280193999999,-10.2842033,0 -55.31326889999999,-10.28453141,0 -55.31330844,-10.28444541,0 -55.31335624,-10.2843623,0 -55.31342108,-10.28426526,0 -55.31347745,-10.28417922,0 -55.31353953,-10.2840932,0 -55.31359364,-10.2840031,0 -55.31367511,-10.28389007,0 -55.31375625,-10.28373309,0 -55.31384123000001,-10.28360477,0 -55.31389349999999,-10.28351281,0 -55.31394302,-10.2834273,0 -55.31400398,-10.2833363,0 -55.31405302,-10.2832063,0 -55.31404003,-10.2831283,0 -55.31400796,-10.2830693,0 -55.31395392000001,-10.2830113,0 -55.31385844,-10.28294139,0 -55.31378159,-10.28288212,0 -55.31368061,-10.28282675,0 -55.31359982999999,-10.28278326,0 -55.31350602,-10.2826933,0 -55.31343897999999,-10.2825863,0 -55.31328103,-10.2823263,0 -55.313237,-10.2822373,0 -55.31320294,-10.2821513,0 -55.31317205000001,-10.2820603,0 -55.31312203,-10.2819433,0 -55.31307392,-10.2818443,0 -55.31301998,-10.2817413,0 -55.312943,-10.28159829,0 -55.31288992,-10.28149429,0 -55.31284192,-10.28140029,0 -55.31279592,-10.28130729,0 -55.31275294,-10.28123529,0 -55.31275604,-10.28102729,0 -55.31280298,-10.28091729,0 -55.31285396999999,-10.28076929,0 -55.31285805,-10.28061929,0 -55.31282005,-10.28044329,0 -55.31275894,-10.28032029,0 -55.31273697,-10.28026729,0 -55.31274705,-10.28022229,0 -55.31278301,-10.28016529,0 -55.31283496,-10.28010629,0 -55.31291002,-10.28004629,0 -55.31299702,-10.27999329,0 -55.313097,-10.27994029,0 -55.31321997,-10.27988329,0 -55.31332600999999,-10.27981829,0 -55.31342195,-10.27974729,0 -55.31351195,-10.27966829,0 -55.31356897,-10.27959329,0 -55.31364555999999,-10.27948676,0 -55.31319908,-10.27941153,0 -55.31316441,-10.27941392,0 -55.31313875999999,-10.27940972,0 -55.31312168,-10.2794034,0 -55.31310888,-10.27939498,0 -55.31306201,-10.27935829,0 -55.31300404,-10.27931529,0 -55.31294091,-10.27927729,0 -55.31289196,-10.27922829,0 -55.31287096,-10.27918129,0 -55.31287804999999,-10.27913629,0 -55.31291398999999,-10.27910929,0 -55.31296597,-10.27912429,0 -55.31302502,-10.27915229,0 -55.313073,-10.27919429,0 -55.31311398,-10.27926729,0 -55.31315268,-10.27934013,0 -55.31320096000001,-10.27940629,0 -55.313646,-10.27948329,0 -55.31371995000001,-10.27936529,0 -55.31377503,-10.27930629,0 -55.31387002,-10.27922729,0 -55.31398294,-10.27915529,0 -55.31406993,-10.27910429,0 -55.31420103,-10.27901929,0 -55.31432304999999,-10.27887329,0 -55.31434892999999,-10.27880629,0 -55.31435393,-10.27872529,0 -55.31433493999999,-10.27862029,0 -55.31426799,-10.27849729,0 -55.31422104,-10.27842129,0 -55.31417295000001,-10.27834329,0 -55.31413593,-10.27827729,0 -55.31409282,-10.2781493,0 -55.31407937000001,-10.27802374,0 -55.31406465,-10.27789412,0 -55.31405004,-10.27779829,0 -55.31402796,-10.27771129,0 -55.31398503999999,-10.27762929,0 -55.31394532,-10.27758855,0 -55.31388988,-10.27755268,0 -55.31385539,-10.27754703,0 -55.31380331,-10.27755086,0 -55.31373972,-10.27757356,0 -55.31368579000001,-10.27760373,0 -55.31357831,-10.27767133,0 -55.31347797000001,-10.27773829,0 -55.31337803,-10.27781029,0 -55.31327193999999,-10.27788429,0 -55.31314497,-10.27797029,0 -55.313022,-10.27805429,0 
				</coordinates>
			</LineString>
		</Placemark>
		<Placemark>
			<name>T09 - Mambassa</name>
			<Style>
				<LineStyle>
					<color>ff000000</color>
					<width>2</width>
				</LineStyle>
			</Style>
			<LineString>
				<coordinates>
					-55.320901748095,-10.3048186051037,0 -55.3217665409243,-10.3045124183284,0 -55.32247818939939,-10.304028067503,0 -55.32300621829981,-10.303674193164,0 -55.3235616488428,-10.3030314359574,0 -55.32228560632259,-10.3014399948025,0 -55.3218331945775,-10.3008588366595,0 -55.32163472361911,-10.3006087671867,0 -55.3215942382813,-10.3005342483521,0 -55.3215560913086,-10.300440788269,0 -55.3215560913086,-10.3003358840942,0 -55.32153059694031,-10.3002253752351,0 -55.321422514644,-10.3000882866092,0 -55.3214073511117,-10.3000799361025,0 -55.3212454060145,-10.3002017862096,0 -55.3211365329169,-10.3002824487403,0 -55.32083019736589,-10.3005207734607,0 -55.3205133137243,-10.3007453079396,0 -55.32026593068759,-10.3009635861506,0 -55.31906466032239,-10.3019259253555,0 -55.3190662035798,-10.3019516229899,0 -55.3208713471631,-10.3047520328783,0 -55.320901748095,-10.3048186051037,0 
				</coordinates>
			</LineString>
		</Placemark>
		<Placemark>
			<name>T10 - Fogo</name>
			<Style>
				<LineStyle>
					<color>ff000000</color>
					<width>2</width>
				</LineStyle>
			</Style>
			<LineString>
				<coordinates>
					-55.34335701,-10.25799393,0 -55.343249,-10.25805593,0 -55.34312591,-10.25813892,0 -55.34299093,-10.25823192,0 -55.34282501000001,-10.25834993,0 -55.34257693,-10.25849592,0 -55.34245798,-10.25857893,0 -55.34184391,-10.25897292,0 -55.34136201,-10.25929493,0 -55.34117003,-10.25943193,0 -55.34102091,-10.25952892,0 -55.34078199000001,-10.25969492,0 -55.34059695,-10.25981592,0 -55.34021896,-10.26006592,0 -55.34005693000001,-10.26017692,0 -55.33987200000001,-10.26030193,0 -55.33973802,-10.26039492,0 -55.33935599000001,-10.26065393,0 -55.33922199,-10.26074992,0 -55.33914198,-10.26080492,0 -55.33898194999999,-10.26091292,0 -55.33887594,-10.26097492,0 -55.33872798,-10.26106793,0 -55.33861403000001,-10.26114792,0 -55.33846091000001,-10.26124492,0 -55.33824404,-10.26139593,0 -55.33812701,-10.26146592,0 -55.33803599,-10.26152492,0 -55.33792694,-10.26159493,0 -55.33777596,-10.26169093,0 -55.33767291,-10.26175892,0 -55.33758192,-10.26181392,0 -55.33748493,-10.26186892,0 -55.33737543,-10.26194302,0 -55.33732675,-10.2619781,0 -55.33714292,-10.26211092,0 -55.33689897,-10.26225892,0 -55.33681194,-10.26231893,0 -55.33672091,-10.26237892,0 -55.33663301000001,-10.26244092,0 -55.33653597,-10.26250592,0 -55.33645097,-10.26255893,0 -55.33635993,-10.26262193,0 -55.33626201000001,-10.26269193,0 -55.33617599,-10.26274792,0 -55.33609697,-10.26280492,0 -55.33603198000001,-10.26284893,0 -55.33596095,-10.26290293,0 -55.33589997000001,-10.26294593,0 -55.33581896,-10.26299893,0 -55.33572495,-10.26305792,0 -55.33566895999999,-10.26309993,0 -55.33558997,-10.26314992,0 -55.33549295,-10.26321092,0 -55.33541095,-10.26326292,0 -55.33533094999999,-10.26331393,0 -55.33526297000001,-10.26335793,0 -55.33520802,-10.26339393,0 -55.335131,-10.26344793,0 -55.33505301,-10.26349693,0 -55.33498099,-10.26354892,0 -55.33490801000001,-10.26359593,0 -55.334832,-10.26364793,0 -55.33473294000001,-10.26371692,0 -55.33466093999999,-10.26376592,0 -55.33457995,-10.26381593,0 -55.33451997,-10.26385692,0 -55.33442095,-10.26391993,0 -55.33435095000001,-10.26396793,0 -55.33427998,-10.26400993,0 -55.3342119,-10.26404692,0 -55.33414692,-10.26408992,0 -55.33407191,-10.26414192,0 -55.33400593,-10.26418593,0 -55.33394795,-10.26422593,0 -55.33387999,-10.26426693,0 -55.33379797999999,-10.26432092,0 -55.33373391,-10.26438193,0 -55.33367203000001,-10.26445793,0 -55.3336489,-10.26451792,0 -55.33363300999999,-10.26463793,0 -55.3336409,-10.26471093,0 -55.33365899,-10.26477093,0 -55.33367699999999,-10.26484393,0 -55.33370601,-10.26491493,0 -55.33374992,-10.26500192,0 -55.33382499999999,-10.26512693,0 -55.33389394,-10.26522592,0 -55.33395793,-10.26531693,0 -55.33402901000001,-10.26541693,0 -55.33410395,-10.26551493,0 -55.33416403,-10.26558993,0 -55.33423391,-10.26567293,0 -55.33432194,-10.26577693,0 -55.33440392,-10.26586593,0 -55.33449503,-10.26597993,0 -55.33457394,-10.26608193,0 -55.33463698,-10.26616493,0 -55.334722,-10.26627193,0 -55.33478601,-10.26635993,0 -55.33486199,-10.26644893,0 -55.33497498,-10.26658093,0 -55.335022,-10.26664393,0 -55.33507901,-10.26670793,0 -55.335207,-10.26686093,0 -55.33528799,-10.26697493,0 -55.335373,-10.26708393,0 -55.33544091,-10.26718993,0 -55.33550999,-10.26728993,0 -55.33560892000001,-10.26743693,0 -55.33567801,-10.26753393,0 -55.33574803,-10.26761893,0 -55.33585794,-10.26773993,0 -55.33593303,-10.26780793,0 -55.33599991,-10.26786492,0 -55.33606696999999,-10.26791593,0 -55.33614998000001,-10.26796993,0 -55.33622092,-10.26801593,0 -55.33635292,-10.26808392,0 -55.33646300000001,-10.26814593,0 -55.33654496999999,-10.26817993,0 -55.33664093,-10.26821492,0 -55.33673692,-10.26824192,0 -55.33682601000001,-10.26825093,0 -55.336929,-10.26824993,0 -55.33702390000001,-10.26823993,0 -55.33712895,-10.26819893,0 -55.33723804,-10.26814893,0 -55.33737891,-10.26807692,0 -55.33749598000001,-10.26802793,0 -55.33760503999999,-10.26798393,0 -55.33772293,-10.26794092,0 -55.33781394,-10.26791293,0 -55.33794297,-10.26786793,0 -55.33805294,-10.26783893,0 -55.33819595,-10.26779493,0 -55.33828592,-10.26777393,0 -55.33837598,-10.26776093,0 -55.33846692,-10.26774493,0 -55.33859196,-10.26772692,0 -55.33874794,-10.26768393,0 -55.33880895999999,-10.26766293,0 -55.33886898,-10.26763993,0 -55.33892202,-10.26761693,0 -55.33899696,-10.26757793,0 -55.33905594,-10.26753692,0 -55.33911495,-10.26748993,0 -55.33920904,-10.26741693,0 -55.33927597,-10.26735393,0 -55.33938094,-10.26727392,0 -55.33946595,-10.26721793,0 -55.33953592,-10.26717692,0 -55.33962402,-10.26713093,0 -55.33976693,-10.26707593,0 -55.33986293,-10.26702092,0 -55.3399649,-10.26696792,0 -55.34006298,-10.26692193,0 -55.340145,-10.26689493,0 -55.34028199,-10.26682793,0 -55.34036203,-10.26679493,0 -55.34042790000001,-10.26677292,0 -55.34049592,-10.26674792,0 -55.34055194,-10.26672692,0 -55.34061298,-10.26670193,0 -55.34076096,-10.26668793,0 -55.34084693,-10.26669393,0 -55.34092792,-10.26669892,0 -55.34104397,-10.26670993,0 -55.34113794,-10.26671393,0 -55.34122391,-10.26672092,0 -55.34130902,-10.26672893,0 -55.34143491,-10.26673892,0 -55.34151803,-10.26674593,0 -55.34158190000001,-10.26675092,0 -55.341681,-10.26675693,0 -55.34176196999999,-10.26676493,0 -55.34185192,-10.26677393,0 -55.34196798999999,-10.26678193,0 -55.34204398,-10.26678693,0 -55.34212395,-10.26679693,0 -55.34219196,-10.26679993,0 -55.34227695,-10.26680393,0 -55.34243494999999,-10.26681093,0 -55.34248699999999,-10.26681293,0 -55.34266795,-10.26682292,0 -55.34273895,-10.26682893,0 -55.34281193,-10.26683792,0 -55.34293695,-10.26685092,0 -55.34302889999999,-10.26685892,0 -55.34314294,-10.26687293,0 -55.34323295,-10.26687092,0 -55.34331693,-10.26687592,0 -55.34339498,-10.26686993,0 -55.34345803,-10.26686893,0 -55.34352796,-10.26686193,0 -55.34362397999999,-10.26685593,0 -55.34368991,-10.26684893,0 -55.34378202,-10.26682793,0 -55.34384697,-10.26681793,0 -55.34394202,-10.26680593,0 -55.34399893,-10.26680693,0 -55.34406417,-10.26682243,0 -55.34385229,-10.26656143,0 -55.34374994,-10.26657793,0 -55.34371194,-10.26658992,0 -55.34357603,-10.26661293,0 -55.34346696,-10.26660592,0 -55.34339694000001,-10.26660292,0 -55.34332894,-10.26659593,0 -55.34326596,-10.26658392,0 -55.34319801,-10.26656793,0 -55.34313203,-10.26655593,0 -55.34306694,-10.26653892,0 -55.342992,-10.26652193,0 -55.34292593,-10.26650092,0 -55.34286498,-10.26648293,0 -55.34280603,-10.26646393,0 -55.34268994,-10.26643392,0 -55.34263201,-10.26641093,0 -55.34256698999999,-10.26638092,0 -55.34249601,-10.26634193,0 -55.34242693,-10.26629693,0 -55.342373,-10.26624593,0 -55.34237001,-10.26618893,0 -55.34239693999999,-10.26614092,0 -55.34245397,-10.26608993,0 -55.34251789999999,-10.26605592,0 -55.34258492,-10.26603092,0 -55.34266798,-10.26599592,0 -55.3427279,-10.26596393,0 -55.34280199,-10.26592593,0 -55.34287396,-10.26588092,0 -55.34293698,-10.26583192,0 -55.34300595,-10.26578893,0 -55.34310397,-10.26575492,0 -55.34317099999999,-10.26572893,0 -55.34324598,-10.26570893,0 -55.34330299000001,-10.26571793,0 -55.34335903,-10.26574693,0 -55.34342092,-10.26580493,0 -55.34347795,-10.26586492,0 -55.34352595999999,-10.26590192,0 -55.34358692000001,-10.26594592,0 -55.34363695,-10.26597993,0 -55.34368995,-10.26601893,0 -55.34373696,-10.26605793,0 -55.34378198,-10.26609393,0 -55.34383196,-10.26613793,0 -55.34387492,-10.26618693,0 -55.34390402999999,-10.26624093,0 -55.34394091999999,-10.26630492,0 -55.34397004,-10.26635593,0 -55.34399291999999,-10.26639892,0 -55.34400094,-10.26644692,0 -55.34398603,-10.26648993,0 -55.343936,-10.26653693,0 -55.34390097,-10.26655392,0 -55.34385772,-10.26656049,0 -55.34407087,-10.26682281,0 -55.34439600999999,-10.26688893,0 -55.34449995,-10.26692492,0 -55.34461398,-10.26696593,0 -55.34477192,-10.26703893,0 -55.344867,-10.26707693,0 -55.34502593999999,-10.26712293,0 -55.34514896,-10.26716393,0 -55.34523293,-10.26719893,0 -55.34529303,-10.26721593,0 -55.34536698,-10.26723193,0 -55.34545501,-10.26725393,0 -55.34555796,-10.26728693,0 -55.34570191,-10.26733493,0 -55.34583102,-10.26738493,0 -55.34592597,-10.26742093,0 -55.34606094,-10.26746693,0 -55.34616193,-10.26749393,0 -55.34628195,-10.26753593,0 -55.34638501999999,-10.26757393,0 -55.34649192,-10.26761492,0 -55.34655889999999,-10.26765416,0 -55.34659074,-10.26767468,0 -55.34665308,-10.26739767,0 -55.34661101,-10.26736993,0 -55.34658199,-10.26732793,0 -55.34657598,-10.26727693,0 -55.3465829,-10.26723392,0 -55.34659995000001,-10.26719193,0 -55.34663897,-10.26714993,0 -55.34668795,-10.26711092,0 -55.34673093,-10.26707493,0 -55.34678595,-10.26708093,0 -55.34683594999999,-10.26711993,0 -55.34686594,-10.26716792,0 -55.34688995,-10.26721393,0 -55.34690293,-10.26726793,0 -55.34689798,-10.26731593,0 -55.34686896,-10.26735493,0 -55.34681304,-10.26738493,0 -55.34677303000001,-10.26739793,0 -55.34671901,-10.26741893,0 -55.34668593,-10.26741781,0 -55.34665818999999,-10.26740218,0 -55.34659698999999,-10.26767893,0 -55.34673698,-10.26774793,0 -55.34680303,-10.26777393,0 -55.34684402000001,-10.26779093,0 -55.34690901,-10.26782893,0 -55.34699667,-10.26786751,0 -55.34705873,-10.26789094,0 -55.34711282,-10.26791305,0 -55.34715909999999,-10.26792738,0 -55.34720787000001,-10.26793003,0 -55.34726987,-10.26791061,0 -55.34734923,-10.26787287,0 -55.34743006,-10.26782593,0 -55.3475519,-10.26773693,0 -55.34765798000001,-10.26766093,0 -55.34777494,-10.26755193,0 -55.34784692,-10.26747893,0 -55.34793299,-10.26735693,0 -55.34802103,-10.26721293,0 -55.34809004,-10.26707993,0 -55.34817690999999,-10.26693993,0 -55.34823893,-10.26683493,0 -55.3483329,-10.26672992,0 -55.34841292,-10.26664793,0 -55.34847294,-10.26656992,0 -55.34857095,-10.26645593,0 -55.34864398,-10.26637293,0 -55.34870599,-10.26626993,0 -55.34873299,-10.26615093,0 -55.34873591,-10.26602892,0 -55.34871997,-10.26593892,0 -55.34865893,-10.26582792,0 -55.348593,-10.26572493,0 -55.34852198,-10.26561193,0 -55.34844596999999,-10.26550093,0 -55.34838198,-10.26537993,0 -55.34834672000001,-10.26533096,0 -55.34839398,-10.2652935,0 -55.34856501,-10.2651545,0 -55.34865795,-10.26508148,0 -55.34875992,-10.26500152,0 -55.34886406,-10.26491554,0 -55.34895602999999,-10.26483753,0 -55.34910503,-10.26473848,0 -55.349194,-10.26466055,0 -55.34930897000001,-10.2645775,0 -55.34942496,-10.26448849,0 -55.34954794000001,-10.26440051,0 -55.34961296,-10.26432047,0 -55.34965802,-10.26423952,0 -55.34970898,-10.26415054,0 -55.34972502,-10.26411048,0 -55.34970796,-10.26404448,0 -55.34963398,-10.2639245,0 -55.3495509,-10.26380049,0 -55.34946598,-10.26367349,0 -55.34937098999999,-10.26353549,0 -55.34929007,-10.26340752,0 -55.34919992,-10.26327252,0 -55.34908696,-10.2631055,0 -55.34900197,-10.26296448,0 -55.34891791,-10.26283749,0 -55.34880805,-10.26267854,0 -55.34870896999999,-10.26253247,0 -55.34858996,-10.26235151,0 -55.34847502,-10.2621815,0 -55.34830093000001,-10.26192248,0 -55.34822096000001,-10.26180445,0 -55.34810191,-10.26162954,0 -55.34800104,-10.26147054,0 -55.34785102,-10.26124648,0 -55.34777403,-10.26113054,0 -55.347625,-10.26090846,0 -55.34752194,-10.26075749,0 -55.34745997,-10.26066251,0 -55.34732902,-10.26047155,0 -55.347243,-10.26033747,0 -55.34715003,-10.26019652,0 -55.34702008,-10.26000553,0 -55.34691494,-10.25984552,0 -55.34678404000001,-10.2596465,0 -55.34666504,-10.25946353,0 -55.34652397,-10.25924647,0 -55.34641298,-10.25908651,0 -55.34627301,-10.2588765,0 -55.34616203,-10.25871447,0 -55.34603904000001,-10.25853049,0 -55.34592498,-10.25835851,0 -55.34581303,-10.25819149,0 -55.34571001,-10.25803347,0 -55.34559199000001,-10.25785548,0 -55.34550197,-10.25772248,0 -55.34536199,-10.25751446,0 -55.34524704999999,-10.25734555,0 -55.34503303,-10.25703145,0 -55.34494305,-10.2568915,0 -55.34492392,-10.25686653,0 -55.34448898,-10.25715552,0 -55.34433695,-10.25726251,0 -55.34407205000001,-10.25743547,0 -55.34392402,-10.25754248,0 -55.34362103,-10.25774345,0 -55.34346503,-10.25787348,0 -55.34335701,-10.25799393,0 
				</coordinates>
			</LineString>
		</Placemark>
		<Placemark>
			<name>T11 - Mandiocal</name>
			<Style>
				<LineStyle>
					<color>ff000000</color>
					<width>2</width>
				</LineStyle>
			</Style>
			<LineString>
				<coordinates>
					-55.33558195,-10.28133893,0 -55.33543703,-10.28136693,0 -55.33530894999999,-10.28139293,0 -55.335212,-10.28141193,0 -55.33510992,-10.28142993,0 -55.335002,-10.28144593,0 -55.33488692000001,-10.28146793,0 -55.33474003000001,-10.28148893,0 -55.33464096,-10.28150493,0 -55.3345209,-10.28152393,0 -55.33442496000001,-10.28154193,0 -55.33428102999999,-10.28157093,0 -55.33418095,-10.28158793,0 -55.33407002000001,-10.28160693,0 -55.33392494,-10.28163693,0 -55.333824,-10.28165593,0 -55.33371193,-10.28167493,0 -55.33362696,-10.28169293,0 -55.33343003000001,-10.28173893,0 -55.33328796,-10.28176593,0 -55.33315404,-10.28178993,0 -55.33304801000001,-10.28179993,0 -55.33296404,-10.28179193,0 -55.33274292,-10.28176993,0 -55.33262004,-10.28172893,0 -55.33254196,-10.28168593,0 -55.33238499,-10.28158993,0 -55.33226998,-10.28151593,0 -55.33217091,-10.28145093,0 -55.332072,-10.28138093,0 -55.33196795,-10.28131193,0 -55.33184997,-10.28123493,0 -55.33175093,-10.28116193,0 -55.33164702000001,-10.28109393,0 -55.33153504,-10.28101493,0 -55.33138794,-10.28091293,0 -55.33124498,-10.28081293,0 -55.33112302,-10.28073093,0 -55.3310069,-10.28065293,0 -55.33089593,-10.28057193,0 -55.33071696,-10.28045393,0 -55.33056103,-10.28035193,0 -55.33038591,-10.28023593,0 -55.33026396,-10.28015393,0 -55.33016999,-10.28009393,0 -55.33005496,-10.28002493,0 -55.32992599,-10.27994893,0 -55.32982000000001,-10.27989593,0 -55.32969892,-10.27983793,0 -55.32959395,-10.27978293,0 -55.32947790000001,-10.27974393,0 -55.32937795,-10.27973693,0 -55.32929894000001,-10.27976193,0 -55.32922595,-10.27980993,0 -55.32914597,-10.27988293,0 -55.32908597,-10.27995593,0 -55.32901994,-10.28003393,0 -55.32896294999999,-10.28010393,0 -55.3289049,-10.28018393,0 -55.32884103,-10.28025893,0 -55.32875897,-10.28034893,0 -55.32868595999999,-10.28042793,0 -55.32861796,-10.28050093,0 -55.32855997,-10.28057093,0 -55.32847998,-10.28067293,0 -55.32837101,-10.28080893,0 -55.32830896,-10.28089093,0 -55.32819895,-10.28100593,0 -55.32809997999999,-10.28108393,0 -55.32798198999999,-10.28117093,0 -55.32786097,-10.28126393,0 -55.3277209,-10.28137193,0 -55.32761790000001,-10.28145593,0 -55.32748303,-10.28157993,0 -55.32738202,-10.28166493,0 -55.32729604,-10.28174193,0 -55.32721598000001,-10.28183093,0 -55.32714802,-10.28192393,0 -55.3270809,-10.28201993,0 -55.32702791,-10.28208793,0 -55.32693704,-10.28219893,0 -55.32688899999999,-10.28227393,0 -55.32683497,-10.28237793,0 -55.32679891999999,-10.28247793,0 -55.32677795,-10.28258693,0 -55.32676015,-10.28266287,0 -55.32673753,-10.28275957,0 -55.3267013,-10.28292246,0 -55.326692,-10.28306355,0 -55.32669154,-10.28323151,0 -55.32669605,-10.28337762,0 -55.32672303,-10.28353698,0 -55.32680852,-10.28360772,0 -55.32696155000001,-10.28361198,0 -55.32726239000001,-10.28355409,0 -55.32744097999999,-10.28352695,0 -55.32752600999999,-10.28352295,0 -55.32769195000001,-10.28351295,0 -55.32779991,-10.28351695,0 -55.32788693000001,-10.28354095,0 -55.32797197000001,-10.28358995,0 -55.3280889,-10.28367695,0 -55.32823002,-10.28380295,0 -55.32834296000001,-10.28388995,0 -55.32846199,-10.28398495,0 -55.32858892,-10.28409795,0 -55.32870391,-10.28420195,0 -55.3287969,-10.28428495,0 -55.32889691,-10.28438995,0 -55.32901491,-10.28451795,0 -55.32911503,-10.28462895,0 -55.32923297,-10.28476895,0 -55.32932095,-10.28488295,0 -55.32940297,-10.28499095,0 -55.32948201999999,-10.28509295,0 -55.329577,-10.28520595,0 -55.32964401,-10.28529295,0 -55.32975599,-10.28542595,0 -55.32987198,-10.28555795,0 -55.32998692,-10.28567095,0 -55.33008004,-10.28575695,0 -55.33014803,-10.28584695,0 -55.33022600999999,-10.28593795,0 -55.33029801999999,-10.28605095,0 -55.33035695000001,-10.28615395,0 -55.33041803,-10.28625695,0 -55.33051894,-10.28640795,0 -55.33060592999999,-10.28654695,0 -55.3306939,-10.28669095,0 -55.33076797,-10.28681895,0 -55.33084196,-10.28693595,0 -55.330924,-10.28706695,0 -55.33105696,-10.28727995,0 -55.33119702,-10.28749995,0 -55.33128904,-10.28763195,0 -55.33136901999999,-10.28774795,0 -55.33149999,-10.28790595,0 -55.33158294,-10.28799995,0 -55.3316719,-10.28809095,0 -55.33177501,-10.28825695,0 -55.33184603,-10.28836995,0 -55.33195295,-10.28854395,0 -55.33208504,-10.28875995,0 -55.33220492,-10.28893795,0 -55.33227999,-10.28911995,0 -55.33233295,-10.28922195,0 -55.33238299999999,-10.28930695,0 -55.33245491,-10.28941095,0 -55.33252593999999,-10.28952095,0 -55.33259998999999,-10.28962495,0 -55.33267397,-10.28974395,0 -55.33272294,-10.28981795,0 -55.33277396,-10.28988095,0 -55.33284101,-10.28993195,0 -55.33292004,-10.28995895,0 -55.33306191999999,-10.28999495,0 -55.33314394,-10.29002295,0 -55.33324501,-10.29006195,0 -55.33334502000001,-10.29008495,0 -55.33348231999999,-10.29012352,0 -55.33358493,-10.29014095,0 -55.33368791,-10.29016895,0 -55.33379096,-10.29018495,0 -55.33393002,-10.29018895,0 -55.33402897000001,-10.29014195,0 -55.3341929,-10.29002595,0 -55.33430331,-10.28994324,0 -55.33435259,-10.2899037,0 -55.33450900999999,-10.28980535,0 -55.33464546999999,-10.28970648,0 -55.33473408,-10.28964565,0 -55.33477602000001,-10.28961836,0 -55.33483285,-10.28966146,0 -55.3344048,-10.2900108,0 -55.33421989,-10.29015575,0 -55.33401248,-10.29032201,0 -55.33393122,-10.29039425,0 -55.3338996,-10.29043974,0 -55.33386742,-10.29048393,0 -55.33391205,-10.29054079,0 -55.33396802999999,-10.29050195,0 -55.33405695,-10.29043595,0 -55.33418502999999,-10.29033095,0 -55.33430696,-10.29022695,0 -55.33443602,-10.29012395,0 -55.33455002,-10.29003695,0 -55.33465398,-10.28995995,0 -55.3347919,-10.28985395,0 -55.33493099,-10.28974295,0 -55.33504498999999,-10.28965395,0 -55.335172,-10.28956195,0 -55.33527595999999,-10.28948495,0 -55.33539191999999,-10.28940495,0 -55.33559295,-10.28923148,0 -55.33555904,-10.28917095,0 -55.33549696,-10.28909495,0 -55.33535003000001,-10.28893295,0 -55.33525396,-10.28881095,0 -55.33518296,-10.28869595,0 -55.33508101,-10.28852595,0 -55.33496297999999,-10.28834795,0 -55.33487596,-10.28821395,0 -55.33478102,-10.28803895,0 -55.33470904,-10.28789295,0 -55.33460892999999,-10.28766995,0 -55.33452297,-10.28744295,0 -55.33445901,-10.28726395,0 -55.33438994,-10.28707795,0 -55.33431201,-10.28684295,0 -55.33418992,-10.28643395,0 -55.33412496,-10.28622695,0 -55.33404303,-10.28599295,0 -55.33390092,-10.28556495,0 -55.33383903000001,-10.28534495,0 -55.33376703999999,-10.28509195,0 -55.33367904,-10.28479195,0 -55.333604,-10.28454895,0 -55.33353497000001,-10.28432995,0 -55.33346090000001,-10.28409195,0 -55.33333895,-10.28370995,0 -55.33321603000001,-10.28332295,0 -55.33313099000001,-10.28308393,0 -55.33302402,-10.28283793,0 -55.33292,-10.28262793,0 -55.33284491,-10.28244893,0 -55.33284893,-10.28230793,0 -55.33288994,-10.28213093,0 -55.33292789999999,-10.28201793,0 -55.332976,-10.28187593,0 -55.33300993,-10.28179822,0 -55.33304301,-10.2818016,0 -55.33293496999999,-10.28211193,0 -55.33289302,-10.28224993,0 -55.33287895,-10.28237693,0 -55.33290103,-10.28249193,0 -55.33294901999999,-10.28261493,0 -55.33304397,-10.28281393,0 -55.33311499,-10.28297993,0 -55.33318004000001,-10.28314193,0 -55.33329591,-10.28348695,0 -55.33335504,-10.28366195,0 -55.33340803000001,-10.28383795,0 -55.33346793,-10.28402995,0 -55.33351998,-10.28419595,0 -55.33358497,-10.28439595,0 -55.33364292,-10.28457895,0 -55.333703,-10.28476495,0 -55.33375204,-10.28493395,0 -55.33382195,-10.28517495,0 -55.33388197,-10.28537095,0 -55.33394895,-10.28560095,0 -55.33401102,-10.28578695,0 -55.33414102,-10.28615695,0 -55.33421001000001,-10.28635695,0 -55.33425189999999,-10.28650095,0 -55.33429599,-10.28666195,0 -55.33434902,-10.28682995,0 -55.33441602000001,-10.28702895,0 -55.33455597999999,-10.28740395,0 -55.33462691,-10.28758695,0 -55.33470397,-10.28777095,0 -55.33479895,-10.28796495,0 -55.33491295,-10.28817695,0 -55.33507101,-10.28841995,0 -55.33517994,-10.28859095,0 -55.33530795,-10.28879795,0 -55.33542899,-10.28894495,0 -55.33551296000001,-10.28903495,0 -55.33556902,-10.28908995,0 -55.335595,-10.28911295,0 -55.33570370999999,-10.28916386,0 -55.33578101999999,-10.28913795,0 -55.33586594,-10.28907395,0 -55.33599599000001,-10.28897195,0 -55.33607794,-10.28890295,0 -55.33621097000001,-10.28880495,0 -55.33634203,-10.28870195,0 -55.33674697,-10.28840395,0 -55.33697296,-10.28823195,0 -55.33719291,-10.28806895,0 -55.33741101,-10.28790495,0 -55.33769698,-10.28769095,0 -55.33797595,-10.28748095,0 -55.33826392,-10.28726695,0 -55.33854891000001,-10.28704895,0 -55.33890392,-10.28678095,0 -55.33907192,-10.28664895,0 -55.3392359,-10.28652395,0 -55.33931193999999,-10.28646695,0 -55.33945157,-10.28636087,0 -55.33937138,-10.2861745,0 -55.33932386000001,-10.2860698,0 -55.33927295,-10.28595695,0 -55.33921590999999,-10.28581795,0 -55.33917295,-10.28571395,0 -55.33910603000001,-10.28555395,0 -55.33903295,-10.28537195,0 -55.33896502,-10.28521595,0 -55.338898,-10.28504895,0 -55.33882699,-10.28485195,0 -55.33878102999999,-10.28472095,0 -55.33874809000001,-10.28461025,0 -55.33825643,-10.28321746,0 -55.33817855000001,-10.28302514,0 -55.33810728,-10.28285191,0 -55.33801692,-10.28262053,0 -55.33794874000001,-10.28242867,0 -55.33787327,-10.28224198,0 -55.3378041,-10.2820485,0 -55.33774111,-10.28187401,0 -55.33768818,-10.28171346,0 -55.33764149,-10.2815854,0 -55.33754346,-10.28145681,0 -55.33748478,-10.28138603,0 -55.33738128000001,-10.28132097,0 -55.33720062,-10.28128024,0 -55.33709108999999,-10.2812787,0 -55.33681725999999,-10.28127083,0 -55.33664702000001,-10.28125753,0 -55.33651612,-10.28125071,0 -55.3364139,-10.28124093,0 -55.33603692,-10.28126593,0 -55.33582396,-10.28129393,0 -55.3356929,-10.28131593,0 -55.33558195,-10.28133893,0 
				</coordinates>
			</LineString>
		</Placemark>
		<Placemark>
			<name>T12 - Casali</name>
			<Style>
				<LineStyle>
					<color>ff000000</color>
					<width>2</width>
				</LineStyle>
			</Style>
			<LineString>
				<coordinates>
					-55.33214475,-10.29186683,0 -55.33217917000001,-10.29191167,0 -55.3318339,-10.29214395,0 -55.33162694,-10.29230495,0 -55.33136399999999,-10.29250495,0 -55.33107900000001,-10.29272095,0 -55.33078801,-10.29293795,0 -55.3305669,-10.29310395,0 -55.33013298,-10.29342895,0 -55.32993003000001,-10.29358695,0 -55.32971302000001,-10.29375895,0 -55.32950190999999,-10.29392095,0 -55.32928795000001,-10.29408295,0 -55.32906901,-10.29424195,0 -55.32880191,-10.29444595,0 -55.32861001,-10.29458995,0 -55.32839303,-10.29475595,0 -55.32831696,-10.29481795,0 -55.32824597999999,-10.29488895,0 -55.32823396,-10.29494995,0 -55.32824304,-10.29501395,0 -55.32829592,-10.29512995,0 -55.32832695,-10.29522395,0 -55.32837204,-10.29546495,0 -55.32842304,-10.29572195,0 -55.32850703,-10.29621395,0 -55.32856392,-10.29656995,0 -55.32862594000001,-10.29700895,0 -55.32872699000001,-10.29751295,0 -55.32875904,-10.29763095,0 -55.32884401,-10.29780095,0 -55.32897598,-10.29798695,0 -55.32913098,-10.29821295,0 -55.32929599,-10.29846195,0 -55.32946296,-10.29871895,0 -55.32961496,-10.29894695,0 -55.33023502,-10.29987295,0 -55.33041802,-10.30014595,0 -55.33054693,-10.30034295,0 -55.33068494,-10.30054695,0 -55.33087801000001,-10.30083095,0 -55.331036,-10.30105995,0 -55.33124503,-10.30137495,0 -55.33138997,-10.30159095,0 -55.33153789999999,-10.30180595,0 -55.33177595,-10.30216295,0 -55.33192299,-10.30238595,0 -55.33208990999999,-10.30265295,0 -55.33222096,-10.30285095,0 -55.33235089999999,-10.30304295,0 -55.33251397,-10.30328195,0 -55.332634,-10.30345995,0 -55.33279297000001,-10.30369295,0 -55.33287294000001,-10.30381295,0 -55.33292701000001,-10.30389195,0 -55.33299197,-10.30390895,0 -55.33313896999999,-10.30381295,0 -55.33323700999999,-10.30375195,0 -55.33333098999999,-10.30367395,0 -55.33349898000001,-10.30351995,0 -55.33361294,-10.30338795,0 -55.33372003,-10.30325995,0 -55.333829,-10.30309895,0 -55.33392591,-10.30295395,0 -55.33399304,-10.30282895,0 -55.33409494999999,-10.30262595,0 -55.33416496,-10.30246895,0 -55.33425893,-10.30228595,0 -55.33431196999999,-10.30218195,0 -55.33433201,-10.30208695,0 -55.334321,-10.30198295,0 -55.33429194,-10.30186695,0 -55.334263,-10.30172895,0 -55.3342319,-10.30159195,0 -55.33420190999999,-10.30146295,0 -55.33417399999999,-10.30131795,0 -55.33414498,-10.30119395,0 -55.33411602,-10.30108595,0 -55.33408091,-10.30092695,0 -55.33405503,-10.30080295,0 -55.33401898,-10.30063195,0 -55.33399394,-10.30048495,0 -55.333991,-10.30033795,0 -55.33400198,-10.30020195,0 -55.33403202000001,-10.30005095,0 -55.33404099,-10.29991895,0 -55.33401891,-10.29977695,0 -55.33398903,-10.29965295,0 -55.33392594,-10.29941695,0 -55.33387799,-10.29925695,0 -55.33383703,-10.29912595,0 -55.33378199,-10.29893195,0 -55.33375096,-10.29872995,0 -55.33374202,-10.29850295,0 -55.33374293,-10.29822095,0 -55.33374691000001,-10.29797895,0 -55.33375092,-10.29778595,0 -55.33374894999999,-10.29756395,0 -55.33374303000001,-10.29738695,0 -55.33376404,-10.29718895,0 -55.333782,-10.29708195,0 -55.33382496,-10.29694195,0 -55.33388597,-10.29678795,0 -55.33393802000001,-10.29659995,0 -55.33399293,-10.29635695,0 -55.33405603000001,-10.29610295,0 -55.33411894,-10.29580395,0 -55.3341499,-10.29555695,0 -55.33414190999999,-10.29539495,0 -55.33409894,-10.29526495,0 -55.33404697,-10.29513895,0 -55.33397796,-10.29496895,0 -55.33392002,-10.29483895,0 -55.33377303,-10.29452495,0 -55.33363598,-10.29424895,0 -55.33354102,-10.29405095,0 -55.33337296,-10.29370295,0 -55.33328102,-10.29349995,0 -55.333189,-10.29328495,0 -55.33299198,-10.29288295,0 -55.33291799,-10.29273995,0 -55.33280795,-10.29250795,0 -55.33270901,-10.29230695,0 -55.33259704,-10.29208895,0 -55.33252893,-10.29196695,0 -55.332436,-10.29189895,0 -55.33236501,-10.29186295,0 -55.33225098999999,-10.29187095,0 -55.33220798000001,-10.29188695,0 -55.33218132,-10.29191066,0 -55.33213801,-10.29184595,0 -55.331962,-10.29157295,0 -55.33184393,-10.29132195,0 -55.33177104,-10.29115895,0 -55.331703,-10.29099595,0 -55.33163498,-10.29082795,0 -55.33156002,-10.29067895,0 -55.33147997,-10.29054995,0 -55.33137491,-10.29042795,0 -55.33123203,-10.29028395,0 -55.33108292,-10.29013095,0 -55.33093101,-10.28996795,0 -55.33072603,-10.28975095,0 -55.33053802,-10.28956295,0 -55.33042996999999,-10.28944095,0 -55.330276,-10.28926295,0 -55.33014503,-10.28910495,0 -55.32996899,-10.28886495,0 -55.32981697,-10.28869495,0 -55.32965297000001,-10.28852595,0 -55.32932795,-10.28816095,0 -55.32915195,-10.28796895,0 -55.32894094,-10.28778695,0 -55.32882492,-10.28768995,0 -55.32867693,-10.28753995,0 -55.32855201,-10.28739895,0 -55.32846104,-10.28728395,0 -55.32838191,-10.28719595,0 -55.32829904,-10.28711395,0 -55.32820490999999,-10.28703035,0 -55.32808491000001,-10.28695684,0 -55.32798766999999,-10.28694826,0 -55.32788871,-10.2869978,0 -55.32776868,-10.28719986,0 -55.32766608000001,-10.28747818,0 -55.32758939000001,-10.28768561,0 -55.32753982,-10.28783671,0 -55.32746821,-10.28797149,0 -55.32738992000001,-10.28810395,0 -55.32731899,-10.28821895,0 -55.32726002,-10.28833895,0 -55.32721194,-10.28847695,0 -55.32715301,-10.28861595,0 -55.32708393,-10.28873195,0 -55.32704796,-10.28884595,0 -55.32685502,-10.28937595,0 -55.32682704,-10.28948995,0 -55.32680092,-10.28962695,0 -55.32673999,-10.28976695,0 -55.32666392,-10.28990995,0 -55.32660094000001,-10.29000695,0 -55.3265669,-10.29007795,0 -55.32652803,-10.29017295,0 -55.32648897,-10.29027595,0 -55.32645803,-10.29040895,0 -55.32646295,-10.29050495,0 -55.32646793,-10.29061495,0 -55.32646996,-10.29074295,0 -55.32647298,-10.29084795,0 -55.32648401,-10.29097395,0 -55.32650601,-10.29110295,0 -55.32655503,-10.29127495,0 -55.32660191,-10.29141895,0 -55.32665591999999,-10.29156395,0 -55.32682699,-10.29204295,0 -55.32688899999999,-10.29218695,0 -55.32696293,-10.29234095,0 -55.32704794,-10.29250395,0 -55.3271279,-10.29265095,0 -55.32720199999999,-10.29277395,0 -55.32728791,-10.29292895,0 -55.32736197,-10.29305795,0 -55.32750496,-10.29328995,0 -55.32758203,-10.29341795,0 -55.32766802,-10.29355695,0 -55.327762,-10.29369695,0 -55.32791099000001,-10.29389995,0 -55.32801201,-10.29405695,0 -55.32811297,-10.29422495,0 -55.32817603,-10.29435895,0 -55.32825101,-10.29455795,0 -55.32828191,-10.29464795,0 -55.32829897,-10.29471295,0 -55.32831198,-10.29476201,0 -55.32877302999999,-10.29440395,0 -55.32906203,-10.29418695,0 -55.32930891,-10.29400395,0 -55.3296399,-10.29374795,0 -55.32993698,-10.29351195,0 -55.33027597,-10.29325595,0 -55.33070497000001,-10.29294195,0 -55.33096692000001,-10.29274195,0 -55.33124201,-10.29253695,0 -55.33160395000001,-10.29225495,0 -55.33185151999999,-10.2920753,0 -55.3320909,-10.29190784,0 -55.33214475,-10.29186683,0 
				</coordinates>
			</LineString>
		</Placemark>
		<Placemark>
			<name>T13 - Arroz</name>
			<Style>
				<LineStyle>
					<color>ff000000</color>
					<width>2</width>
				</LineStyle>
			</Style>
			<LineString>
				<coordinates>
					-55.32948997,-10.29887191,0 -55.32938297,-10.29871297,0 -55.32930895,-10.29860193,0 -55.329226,-10.2984799,0 -55.32916399,-10.29839098,0 -55.32910499,-10.2983009,0 -55.32903803,-10.29820291,0 -55.32897490000001,-10.29811091,0 -55.32892394,-10.29803597,0 -55.32887097,-10.29796392,0 -55.328781,-10.29782097,0 -55.32874403,-10.29774492,0 -55.32871505999999,-10.29766594,0 -55.32869291,-10.29759296,0 -55.32867446,-10.29754681,0 -55.32866349,-10.29749043,0 -55.32865077,-10.29746856,0 -55.32862128,-10.2974612,0 -55.32859794,-10.29747891,0 -55.32857695,-10.29750891,0 -55.32856194,-10.29754292,0 -55.32854001,-10.29761694,0 -55.32852104,-10.29766991,0 -55.32850393,-10.29772298,0 -55.32849692000001,-10.29778099,0 -55.32849088999999,-10.29784298,0 -55.32847498000001,-10.29791196,0 -55.32844304999999,-10.29798792,0 -55.32841204,-10.29808097,0 -55.32837105,-10.29817198,0 -55.32832895000001,-10.29825693,0 -55.3282929,-10.29832997,0 -55.32823500999999,-10.29843391,0 -55.32820803,-10.29849091,0 -55.32818392000001,-10.29854693,0 -55.328165,-10.29859095,0 -55.32815497,-10.29862598,0 -55.32813594,-10.29866394,0 -55.32810607,-10.29870194,0 -55.32807005000001,-10.29874298,0 -55.32802794,-10.29880397,0 -55.32798995,-10.29886697,0 -55.32793106,-10.29894396,0 -55.32787397,-10.29903091,0 -55.32772297,-10.2992359,0 -55.32768304,-10.29928795,0 -55.32763706,-10.2993509,0 -55.32758091,-10.29942294,0 -55.32753395,-10.29948291,0 -55.32748996,-10.29954696,0 -55.32744092,-10.29962292,0 -55.32737395,-10.29971597,0 -55.32732398,-10.2997789,0 -55.32727299999999,-10.29984391,0 -55.32723391,-10.29989895,0 -55.32719698,-10.29994894,0 -55.32716,-10.30000995,0 -55.32711391,-10.30012191,0 -55.32711503,-10.30017896,0 -55.32712693,-10.30027594,0 -55.32713504,-10.30033493,0 -55.32713999,-10.30039697,0 -55.32715093000001,-10.30045896,0 -55.32715996,-10.30055891,0 -55.32715694,-10.30061793,0 -55.32715294999999,-10.30067098,0 -55.32713798,-10.30072297,0 -55.32709692,-10.30077393,0 -55.32705199,-10.30079992,0 -55.32698902,-10.30081297,0 -55.32693493,-10.30081694,0 -55.32687999,-10.30082091,0 -55.32678500000001,-10.30079194,0 -55.32674697000001,-10.30078098,0 -55.32670194,-10.30077198,0 -55.32663299,-10.30075598,0 -55.32657992,-10.30075598,0 -55.32652694999999,-10.30076692,0 -55.32648499,-10.30079798,0 -55.32645000000001,-10.30083197,0 -55.32639695,-10.30088395,0 -55.32635192,-10.30092793,0 -55.32631001,-10.30097798,0 -55.32625893,-10.30103395,0 -55.32621591,-10.30107794,0 -55.32617001,-10.30112498,0 -55.32611499,-10.30119892,0 -55.32600593,-10.30132095,0 -55.32589504,-10.30143999,0 -55.32583091,-10.3015099,0 -55.32576096,-10.30159995,0 -55.32569691999999,-10.30168098,0 -55.32563403000001,-10.30175895,0 -55.32552690999999,-10.30189193,0 -55.3254629,-10.30196591,0 -55.3253909,-10.30203895,0 -55.32531806,-10.3021109,0 -55.32526399,-10.30216694,0 -55.325204,-10.30223597,0 -55.32514399,-10.30230898,0 -55.32508895,-10.30238591,0 -55.32504993,-10.30245396,0 -55.32500003,-10.30250198,0 -55.32494303,-10.30254599,0 -55.32489103,-10.30258794,0 -55.32482594999999,-10.3026479,0 -55.32477092,-10.30272293,0 -55.32472895,-10.30278292,0 -55.32468601000001,-10.30283794,0 -55.32463496,-10.30291597,0 -55.32457407,-10.30301899,0 -55.32449993000001,-10.30317392,0 -55.32448391,-10.30323695,0 -55.32442089,-10.30339293,0 -55.32440396,-10.30343796,0 -55.32438899,-10.30351798,0 -55.32436495,-10.30361297,0 -55.32436397,-10.30363593,0 -55.32434602,-10.30374098,0 -55.32433197,-10.30383393,0 -55.32430796,-10.30392394,0 -55.32427488,-10.30400198,0 -55.32424498,-10.30407297,0 -55.32421106,-10.30414792,0 -55.32417301,-10.30422195,0 -55.32413497,-10.3042939,0 -55.32404899000001,-10.30442292,0 -55.32399599,-10.30451793,0 -55.32391694,-10.30465793,0 -55.32385288,-10.30476798,0 -55.32378693,-10.3048849,0 -55.32368392000001,-10.3050499,0 -55.32358189,-10.30519195,0 -55.32350994,-10.30528297,0 -55.32346093,-10.30535396,0 -55.32340892000001,-10.30542294,0 -55.32335690999999,-10.30549292,0 -55.32331094,-10.30555398,0 -55.32325696,-10.30561997,0 -55.32318003,-10.30570799,0 -55.32312498,-10.30576095,0 -55.32307297999999,-10.3058029,0 -55.32300499000001,-10.30584595,0 -55.32294702000001,-10.30588298,0 -55.32285598999999,-10.30594091,0 -55.32277899,-10.30598897,0 -55.32270496999999,-10.30603994,0 -55.32262204999999,-10.30610198,0 -55.32253304,-10.30615595,0 -55.32245897,-10.30621695,0 -55.32240495,-10.30626296,0 -55.32231198,-10.30633598,0 -55.32226508000001,-10.30638491,0 -55.32222396,-10.30644491,0 -55.32220697,-10.30650196,0 -55.32219388,-10.3065499,0 -55.32219401,-10.30660695,0 -55.32220698,-10.30666198,0 -55.32223201,-10.30673091,0 -55.32226404,-10.30679699,0 -55.32230007999999,-10.30686091,0 -55.32236194999999,-10.30694793,0 -55.32240995,-10.30701599,0 -55.32246201,-10.30707195,0 -55.32258586,-10.30722592,0 -55.32263394,-10.30730691,0 -55.32269997,-10.30739097,0 -55.32275401999999,-10.30747297,0 -55.32278091,-10.30751398,0 -55.32281696,-10.30757591,0 -55.3228599,-10.30762893,0 -55.32297591,-10.3078099,0 -55.32303806,-10.3079009,0 -55.32312890999999,-10.30803798,0 -55.32321392999999,-10.30817195,0 -55.32330392,-10.30831092,0 -55.32342494,-10.30848992,0 -55.32349001,-10.30859296,0 -55.3235649,-10.30870193,0 -55.32365142,-10.30882187,0 -55.32367467,-10.30885023,0 -55.3236901,-10.30887197,0 -55.32375802,-10.30894962,0 -55.32377429,-10.30897589,0 -55.32381095,-10.30902895,0 -55.32384588999999,-10.30908391,0 -55.32388594,-10.30914497,0 -55.32393199,-10.30920397,0 -55.32407701,-10.30940299,0 -55.32423903,-10.30965091,0 -55.32432706,-10.30978291,0 -55.32441791,-10.30992098,0 -55.32448503000001,-10.31001599,0 -55.32457494,-10.31014293,0 -55.324676,-10.3102929,0 -55.32480987,-10.31049692,0 -55.32489804,-10.31062793,0 -55.32499289,-10.31076593,0 -55.32509495,-10.31091491,0 -55.32518694,-10.31105497,0 -55.32527690999999,-10.31119693,0 -55.32539098,-10.31136794,0 -55.32547094,-10.31148895,0 -55.32557599,-10.31164093,0 -55.32570196999999,-10.31182493,0 -55.32579697,-10.31196194,0 -55.32589294000001,-10.31210293,0 -55.32601904,-10.31229299,0 -55.32609697,-10.31241996,0 -55.32619006,-10.31256591,0 -55.32627097,-10.31269498,0 -55.32636093,-10.31283992,0 -55.32644802,-10.31296197,0 -55.32653891,-10.31309299,0 -55.32662004000001,-10.31320795,0 -55.32669705,-10.31332091,0 -55.32678496,-10.31344793,0 -55.32687298,-10.31358292,0 -55.32695394,-10.31370295,0 -55.327054,-10.3138539,0 -55.32715804000001,-10.31400696,0 -55.32727089,-10.31419297,0 -55.32737591999999,-10.31434793,0 -55.32746299999999,-10.31447197,0 -55.32755299,-10.31461193,0 -55.32768903,-10.31480991,0 -55.32786203,-10.31506096,0 -55.32796496,-10.31520795,0 -55.32805798,-10.31534097,0 -55.32814194,-10.31546093,0 -55.32820892,-10.31555493,0 -55.32826297,-10.31563794,0 -55.32830597,-10.31568092,0 -55.32836094,-10.31569793,0 -55.32842405,-10.31568795,0 -55.32847785999999,-10.31565496,0 -55.328522,-10.31561695,0 -55.32855700000001,-10.31557997,0 -55.32869793,-10.31544699,0 -55.32879698,-10.31535691,0 -55.32886894,-10.31528993,0 -55.32895695,-10.31521092,0 -55.32904595999999,-10.31512992,0 -55.32917497,-10.31501197,0 -55.32927002,-10.31492196,0 -55.32936704000001,-10.31483794,0 -55.32948601,-10.31473097,0 -55.32958189999999,-10.31464295,0 -55.32971694,-10.31451898,0 -55.32982604,-10.31441593,0 -55.32996395,-10.31428691,0 -55.33001093,-10.31425117,0 -55.32966003,-10.31386785,0 -55.32962798000001,-10.3138856,0 -55.32959794999999,-10.31389997,0 -55.32953399,-10.31393698,0 -55.32948094,-10.31395994,0 -55.32943093000001,-10.31397596,0 -55.32938295999999,-10.31398294,0 -55.32934906,-10.31397391,0 -55.32931894,-10.31394997,0 -55.32925398999999,-10.31390398,0 -55.329178,-10.31384193,0 -55.32911497,-10.31378392,0 -55.32904794,-10.31372698,0 -55.32901295000001,-10.31368096,0 -55.32897892,-10.31361398,0 -55.32895003,-10.31354693,0 -55.32893196,-10.3134849,0 -55.32892599,-10.31342593,0 -55.32894701,-10.31336293,0 -55.32898704,-10.31331793,0 -55.32903193999999,-10.31327097,0 -55.3290919,-10.31323494,0 -55.32915894,-10.31320997,0 -55.32922103000001,-10.31320197,0 -55.32928892,-10.31320395,0 -55.32934596,-10.31320795,0 -55.32940001000001,-10.31321194,0 -55.32946789,-10.31321491,0 -55.32953106999999,-10.31321895,0 -55.32958604,-10.31323596,0 -55.32963899000001,-10.31325892,0 -55.329687,-10.31329796,0 -55.32970998999999,-10.31334699,0 -55.32972396,-10.31340392,0 -55.32973601,-10.31347197,0 -55.32973799000001,-10.31352894,0 -55.32973499000001,-10.31358299,0 -55.32973299,-10.31363795,0 -55.32973569,-10.31366719,0 -55.32973859000001,-10.31371189,0 -55.32973295000001,-10.3137539,0 -55.32971905,-10.31379392,0 -55.32969475,-10.31382958,0 -55.32966018,-10.31386656,0 -55.33001094,-10.31424891,0 -55.33002599,-10.31423498,0 -55.33005393999999,-10.3142089,0 -55.33008793,-10.31417491,0 -55.33013007,-10.31413796,0 -55.33019900999999,-10.31407495,0 -55.33025393,-10.31402099,0 -55.33033295,-10.31394193,0 -55.3303969,-10.31387996,0 -55.33047592,-10.3138009,0 -55.33054495,-10.31372297,0 -55.33061302,-10.31363698,0 -55.33067702,-10.3135639,0 -55.33074002999999,-10.31349199,0 -55.33081196999999,-10.31340195,0 -55.33087191,-10.31334196,0 -55.33093189,-10.31327591,0 -55.33098198999999,-10.31318893,0 -55.33100601999999,-10.31312197,0 -55.33102594999999,-10.31304893,0 -55.33104597,-10.3129579,0 -55.33105797,-10.31287398,0 -55.33106193999999,-10.31279697,0 -55.33106102,-10.31272898,0 -55.33105194000001,-10.31266492,0 -55.33104296,-10.31260991,0 -55.33102302,-10.31254896,0 -55.33099496,-10.31248698,0 -55.33097196,-10.31243894,0 -55.33096625,-10.31241277,0 -55.33097224000001,-10.31238673,0 -55.33098699,-10.31234798,0 -55.33100392,-10.31230196,0 -55.33101994,-10.31218596,0 -55.33104789,-10.31205194,0 -55.33108802,-10.31193597,0 -55.33111891,-10.3118129,0 -55.33114490999999,-10.31172399,0 -55.33118389000001,-10.31160892,0 -55.33121698,-10.31150096,0 -55.33124496,-10.31141693,0 -55.33127492,-10.31133491,0 -55.33132396,-10.31123192,0 -55.33138095,-10.31113692,0 -55.33142803,-10.31105498,0 -55.33148795,-10.3109449,0 -55.33152004,-10.31086596,0 -55.33152594,-10.31080198,0 -55.33151494,-10.31072291,0 -55.33148694,-10.3106489,0 -55.33144689,-10.31058894,0 -55.33139801,-10.31052594,0 -55.33135492,-10.31047292,0 -55.33127787,-10.31036891,0 -55.33119701,-10.31025494,0 -55.33112997,-10.31017296,0 -55.331082,-10.31009894,0 -55.33096595999999,-10.30994998,0 -55.33091293,-10.30983399,0 -55.33089152,-10.30970113,0 -55.33089151,-10.30967532,0 -55.33089492000001,-10.3096519,0 -55.33094404,-10.30947893,0 -55.33098897,-10.30931797,0 -55.33099902,-10.30927896,0 -55.33104971,-10.30916006,0 -55.33111769,-10.30901055,0 -55.33119900999999,-10.30881792,0 -55.33124099,-10.30872891,0 -55.33127996000001,-10.30864394,0 -55.33131001,-10.30857195,0 -55.33133888,-10.30850692,0 -55.33138197,-10.30842297,0 -55.33142396,-10.30833196,0 -55.33146196,-10.30823995,0 -55.33150892,-10.30812691,0 -55.33154803000001,-10.30801491,0 -55.33161095,-10.30782294,0 -55.33164396,-10.30767593,0 -55.33167297,-10.30755791,0 -55.33169898999999,-10.30746493,0 -55.33175297,-10.30731892,0 -55.33178506,-10.30721096,0 -55.33183703,-10.30706594,0 -55.33186996000001,-10.30696196,0 -55.33189299,-10.30684193,0 -55.33191296,-10.30670597,0 -55.33190701,-10.30661797,0 -55.33188398,-10.30652063,0 -55.33186012,-10.30644712,0 -55.33183895,-10.30637696,0 -55.33180395999999,-10.30627597,0 -55.33176698,-10.30617398,0 -55.33173491,-10.30608693,0 -55.33170697,-10.30597495,0 -55.33169498,-10.30589497,0 -55.3316869,-10.30580398,0 -55.33170886000001,-10.30561595,0 -55.33174494,-10.30550892,0 -55.33177801,-10.30543296,0 -55.33181303,-10.30536597,0 -55.33184501000001,-10.30530592,0 -55.331884,-10.30524293,0 -55.33193596,-10.30515496,0 -55.33197499,-10.30508392,0 -55.33202004,-10.30500794,0 -55.33206299,-10.30494994,0 -55.33210406,-10.30489898,0 -55.33214999,-10.30484497,0 -55.332192,-10.30480396,0 -55.33229793,-10.30470696,0 -55.33242098,-10.30460796,0 -55.33253501,-10.30451796,0 -55.33263897,-10.30444093,0 -55.33274196,-10.30435991,0 -55.33283003,-10.30426896,0 -55.33293093000001,-10.30414955,0 -55.33296797,-10.30407891,0 -55.33297196000001,-10.30405196,0 -55.33296593999999,-10.30403099,0 -55.33294040000001,-10.30400464,0 -55.332916,-10.30397793,0 -55.33283999,-10.30386597,0 -55.33279796,-10.30380193,0 -55.33273101,-10.30370295,0 -55.33264495000001,-10.30357593,0 -55.33254502,-10.30342796,0 -55.33247594,-10.3033259,0 -55.33237898,-10.30318292,0 -55.33230198,-10.30306797,0 -55.33218903,-10.30290095,0 -55.33209606,-10.30275898,0 -55.33199599,-10.30261092,0 -55.33192200000001,-10.30249391,0 -55.331864,-10.30239995,0 -55.33179397,-10.30228992,0 -55.33176608,-10.30225105,0 -55.33174232,-10.30223956,0 -55.3317215,-10.30223817,0 -55.33170003,-10.30225192,0 -55.33167093,-10.30227898,0 -55.33161995,-10.30231696,0 -55.33147694,-10.30238493,0 -55.33141102,-10.30241596,0 -55.33133502,-10.30246394,0 -55.33126298,-10.3025189,0 -55.33118289,-10.30258593,0 -55.33109693,-10.30265691,0 -55.33085591999999,-10.30286198,0 -55.33067793000001,-10.30301692,0 -55.33052492,-10.30314397,0 -55.33035196,-10.30329198,0 -55.33015995,-10.30345598,0 -55.32992897,-10.30365197,0 -55.329696,-10.30384794,0 -55.32945988,-10.3040439,0 -55.32927802,-10.30420398,0 -55.32903802,-10.30440598,0 -55.32887094,-10.30454995,0 -55.3287,-10.3046929,0 -55.32853291000001,-10.30483796,0 -55.32835193,-10.30499397,0 -55.32815191,-10.30515992,0 -55.32792395,-10.30535094,0 -55.32773495,-10.30551198,0 -55.32755398,-10.30566492,0 -55.32734003,-10.30584996,0 -55.32715002,-10.30601297,0 -55.32697093,-10.30616095,0 -55.32672989,-10.3063699,0 -55.32656195,-10.30651495,0 -55.32640104,-10.30664891,0 -55.32627998000001,-10.30674792,0 -55.32614602,-10.30685897,0 -55.32601894,-10.30696391,0 -55.32587593,-10.30708594,0 -55.32572503,-10.30721697,0 -55.32558499,-10.30734499,0 -55.32542204000001,-10.30748798,0 -55.3252949,-10.30760395,0 -55.32518697,-10.30770094,0 -55.32507494,-10.30779095,0 -55.32497195000001,-10.30787296,0 -55.32487897,-10.30794796,0 -55.324798,-10.30801897,0 -55.32467294,-10.30811894,0 -55.324501,-10.30826297,0 -55.32421887,-10.30849992,0 -55.32403302,-10.30865798,0 -55.32391695,-10.30875791,0 -55.32383595,-10.30883298,0 -55.32378857,-10.30889124,0 -55.323777,-10.30892089,0 -55.32376602,-10.30894761,0 -55.32369638999999,-10.30887006,0 -55.32372663999999,-10.30886723,0 -55.32375541,-10.30884885,0 -55.32380138,-10.30881493,0 -55.32385396000001,-10.30877196,0 -55.32396803,-10.30867491,0 -55.32411906,-10.30854596,0 -55.32428802,-10.30839893,0 -55.324415,-10.30828594,0 -55.3246739,-10.30807194,0 -55.32488505,-10.30790496,0 -55.32511899,-10.30771596,0 -55.32530403,-10.30754894,0 -55.32543604,-10.30743092,0 -55.32555803,-10.30731691,0 -55.32572801,-10.30716591,0 -55.32588591,-10.30703292,0 -55.32605097999999,-10.30689391,0 -55.32618294,-10.30678295,0 -55.32641099999999,-10.30660096,0 -55.32659498,-10.30644596,0 -55.32680804,-10.30626697,0 -55.32706598,-10.30604391,0 -55.327308,-10.30583894,0 -55.3275089,-10.30566595,0 -55.32771995,-10.30548993,0 -55.32791395,-10.30532694,0 -55.32812503,-10.30514495,0 -55.32832894000001,-10.30497098,0 -55.32845389,-10.30486395,0 -55.32857798,-10.3047589,0 -55.32873789,-10.30462294,0 -55.32886398,-10.30451691,0 -55.32897887,-10.30442393,0 -55.32903906,-10.3043709,0 -55.32921001,-10.30422496,0 -55.32935703,-10.30409897,0 -55.32953,-10.30394699,0 -55.32970794000001,-10.3038009,0 -55.32990396,-10.30363493,0 -55.33009296000001,-10.30347399,0 -55.3303099,-10.30328896,0 -55.33043899,-10.30318095,0 -55.33054101,-10.30309496,0 -55.3306479,-10.30300492,0 -55.33076797,-10.30290293,0 -55.33089291000001,-10.30279798,0 -55.33099696,-10.30270594,0 -55.33109696,-10.30262391,0 -55.33118895,-10.30254492,0 -55.33126589,-10.30247995,0 -55.33139606999999,-10.30238298,0 -55.33146487,-10.30234798,0 -55.33153206,-10.30231895,0 -55.3315939,-10.302278,0 -55.33163888,-10.30224176,0 -55.33166086,-10.30221384,0 -55.33167855000001,-10.30218638,0 -55.3316759,-10.30214692,0 -55.33166799,-10.30210493,0 -55.331645,-10.3020559,0 -55.33159586999999,-10.30198495,0 -55.33154691,-10.30191092,0 -55.33147597,-10.30180993,0 -55.33139896,-10.30169797,0 -55.33131301,-10.30157693,0 -55.33124195,-10.30147295,0 -55.33116692999999,-10.3013629,0 -55.33110086,-10.30125895,0 -55.33101496999999,-10.30112696,0 -55.3309449,-10.3010239,0 -55.33084595,-10.30087892,0 -55.33077405,-10.30077195,0 -55.33068896,-10.30064992,0 -55.33061098,-10.30053298,0 -55.33052492,-10.30040696,0 -55.33044097999999,-10.30028194,0 -55.33032791,-10.30011094,0 -55.33024794,-10.29999291,0 -55.33016004,-10.2998629,0 -55.33006592000001,-10.29972291,0 -55.32996104,-10.29956696,0 -55.32984993,-10.29940194,0 -55.32976004,-10.29926993,0 -55.32968502999999,-10.29915798,0 -55.32956402,-10.29897798,0 -55.32948997,-10.29887191,0 
				</coordinates>
			</LineString>
		</Placemark>
		<Placemark>
			<name>T27 - Dos Nene</name>
			<Style>
				<LineStyle>
					<color>ff000000</color>
					<width>2</width>
				</LineStyle>
			</Style>
			<LineString>
				<coordinates>
					-55.36287,-10.32251,0 -55.362974,-10.322503,0 -55.363023,-10.322279,0 -55.36303,-10.321958,0 -55.363084,-10.321691,0 -55.362778,-10.321648,0 -55.362443,-10.321638,0 -55.36212,-10.321566,0 -55.362019,-10.321353,0 -55.361812,-10.321054,0 -55.361735,-10.320782,0 -55.36166800000001,-10.320529,0 -55.361748,-10.320279,0 -55.361941,-10.320264,0 -55.361922,-10.320466,0 -55.36193200000001,-10.3207,0 -55.361993,-10.320995,0 -55.362095,-10.321308,0 -55.362177,-10.321516,0 -55.362422,-10.321589,0 -55.362778,-10.321594,0 -55.36315599999999,-10.321613,0 -55.363458,-10.321267,0 -55.36341,-10.320882,0 -55.363291,-10.320609,0 -55.36319000000001,-10.320472,0 -55.363256,-10.320179,0 -55.363319,-10.31993,0 -55.363279,-10.319634,0 -55.363053,-10.319346,0 -55.36282,-10.319378,0 -55.362576,-10.319618,0 -55.362331,-10.319807,0 -55.36201,-10.320016,0 -55.361594,-10.32029,0 -55.361482,-10.320348,0 -55.361411,-10.320208,0 -55.361448,-10.319987,0 -55.361352,-10.319731,0 -55.361206,-10.319527,0 -55.36098599999999,-10.319488,0 -55.360831,-10.319406,0 -55.360761,-10.319177,0 -55.360766,-10.319001,0 -55.360853,-10.3186,0 -55.361103,-10.31842,0 -55.36107,-10.318546,0 -55.36112700000001,-10.318708,0 -55.361376,-10.318855,0 -55.361586,-10.318972,0 -55.361806,-10.319003,0 -55.362086,-10.319146,0 -55.362369,-10.319323,0 -55.362596,-10.319191,0 -55.362824,-10.319054,0 -55.363125,-10.318882,0 -55.363302,-10.31858,0 -55.36343,-10.318343,0 -55.363208,-10.317908,0 -55.36298599999999,-10.317607,0 -55.362806,-10.317417,0 -55.362632,-10.317538,0 -55.362385,-10.317762,0 -55.362224,-10.317913,0 -55.362163,-10.317938,0 -55.362221,-10.317842,0 -55.36243399999999,-10.31765,0 -55.362675,-10.31743,0 -55.362729,-10.317279,0 -55.362634,-10.317176,0 -55.36247199999999,-10.317242,0 -55.362293,-10.317406,0 -55.362083,-10.317602,0 -55.362013,-10.317611,0 -55.362259,-10.317386,0 -55.36247300000001,-10.317188,0 -55.3625690734863,-10.3170856565552,0 -55.3625581469727,-10.3170586102295,0 -55.3624500734863,-10.3171479536743,0 -55.361994,-10.317548,0 -55.361586,-10.317912,0 -55.36103300000001,-10.318344,0 -55.36072799999999,-10.31853,0 -55.360038,-10.318993,0 -55.35975799999999,-10.319228,0 -55.35991800000001,-10.319481,0 -55.360309,-10.319859,0 -55.360726,-10.320295,0 -55.361427,-10.321022,0 -55.36190899999999,-10.321524,0 -55.362559,-10.322191,0 -55.36287,-10.32251,0 
				</coordinates>
			</LineString>
		</Placemark>
		<Placemark>
			<name>T27 - Dos Nene</name>
			<Style>
				<LineStyle>
					<color>ff000000</color>
					<width>2</width>
				</LineStyle>
			</Style>
			<LineString>
				<coordinates>
					-55.35729593,-10.3115913,0 -55.35670492,-10.3109863,0 -55.35613699,-10.3103883,0 -55.35589405,-10.3101413,0 -55.35558298999999,-10.3098263,0 -55.35534901,-10.3095863,0 -55.35499596,-10.3092263,0 -55.35459891,-10.3088233,0 -55.35420803,-10.3084153,0 -55.35395503,-10.3081543,0 -55.35376391,-10.3079563,0 -55.35358895,-10.3077783,0 -55.35347,-10.3076913,0 -55.35335203,-10.3076363,0 -55.35322894999999,-10.3076033,0 -55.35303401,-10.3075633,0 -55.35285103,-10.3075283,0 -55.35265694,-10.3074903,0 -55.35242793,-10.3074463,0 -55.35238163,-10.30743439,0 -55.35238363,-10.30740739,0 -55.35327401,-10.3075803,0 -55.35336403,-10.3076053,0 -55.35341398,-10.3076293,0 -55.35344691,-10.3076323,0 -55.35333994,-10.3075203,0 -55.35316695,-10.3073463,0 -55.35291195,-10.3070873,0 -55.35232696,-10.3064803,0 -55.35210899,-10.3062613,0 -55.35183296,-10.3059873,0 -55.35166099,-10.3058093,0 -55.35154342999999,-10.30570351,0 -55.35152437,-10.30571972,0 -55.351502,-10.3057433,0 -55.35133303000001,-10.3058933,0 -55.35119296999999,-10.3060273,0 -55.350998,-10.3062123,0 -55.35088899,-10.3063283,0 -55.35085593000001,-10.3064583,0 -55.35083499,-10.3066173,0 -55.35078598999999,-10.3067673,0 -55.35073194,-10.3068743,0 -55.35068592,-10.3069743,0 -55.35066494,-10.3070313,0 -55.35068204000001,-10.3070613,0 -55.35076393,-10.3070873,0 -55.35091094,-10.3071263,0 -55.35120491000001,-10.3071863,0 -55.35167403,-10.3072803,0 -55.35195292,-10.3073333,0 -55.35217198,-10.3073703,0 -55.35231593,-10.3073953,0 -55.35237591,-10.3074093,0 -55.35237392,-10.3074363,0 -55.35150503,-10.3072733,0 -55.35102303,-10.3071873,0 -55.35076192,-10.3071443,0 -55.35066304,-10.3071213,0 -55.35062502,-10.3071363,0 -55.35060991,-10.3071613,0 -55.35060093,-10.3072153,0 -55.35060696,-10.3073443,0 -55.35063092,-10.3075373,0 -55.35064202,-10.3076523,0 -55.35065295,-10.3077993,0 -55.35065798,-10.3079023,0 -55.35063893000001,-10.3079983,0 -55.35061698,-10.3081043,0 -55.35055903,-10.3082483,0 -55.35053293,-10.3083843,0 -55.35054805,-10.3084683,0 -55.35059405,-10.3085923,0 -55.35066597000001,-10.3086693,0 -55.35077498999999,-10.3087993,0 -55.35079994,-10.3088853,0 -55.35083094000001,-10.3089853,0 -55.350878,-10.3090983,0 -55.35088301,-10.3091493,0 -55.35087203,-10.3092033,0 -55.35084099,-10.3093563,0 -55.35082398,-10.3095273,0 -55.35079598,-10.3097283,0 -55.350771,-10.3098413,0 -55.35077599000001,-10.3099773,0 -55.35080903,-10.3100983,0 -55.35085398,-10.3101783,0 -55.35091497,-10.3102443,0 -55.35106205,-10.3104093,0 -55.35137802,-10.3107373,0 -55.35179099,-10.3111503,0 -55.35209291,-10.3114663,0 -55.35239291,-10.3117673,0 -55.35269501999999,-10.3120753,0 -55.35288392,-10.3122613,0 -55.35309900999999,-10.3124593,0 -55.35327791999999,-10.3125933,0 -55.35344094,-10.3126533,0 -55.35359502,-10.3126783,0 -55.35374404,-10.3126873,0 -55.35397,-10.3126893,0 -55.35413804000001,-10.3126893,0 -55.35434999000001,-10.3126953,0 -55.35464903,-10.3127153,0 -55.35484894,-10.3127333,0 -55.35502401,-10.3127543,0 -55.35521092,-10.3128023,0 -55.35532005,-10.3128573,0 -55.35543095,-10.3129283,0 -55.35555795999999,-10.3130283,0 -55.35565299,-10.3131063,0 -55.35568794,-10.3131343,0 -55.35567703,-10.3131753,0 -55.35558904,-10.3131413,0 -55.35552402,-10.3131083,0 -55.35537993000001,-10.3130273,0 -55.355259,-10.3129653,0 -55.35515891,-10.3129273,0 -55.35493394,-10.3128733,0 -55.35479602,-10.3128693,0 -55.35462701000001,-10.3128913,0 -55.35444892,-10.3129283,0 -55.35433102,-10.3129703,0 -55.35414002,-10.3130493,0 -55.35400695,-10.3131283,0 -55.35393103999999,-10.3132143,0 -55.35391003000001,-10.3133033,0 -55.35394591999999,-10.3133703,0 -55.35399497,-10.3134283,0 -55.35405502,-10.3134843,0 -55.35445195,-10.3138843,0 -55.354739,-10.3141793,0 -55.35525496,-10.3147053,0 -55.35583090999999,-10.3152983,0 -55.35611502999999,-10.3155823,0 -55.35643105,-10.3159053,0 -55.35669603,-10.3161673,0 -55.35693899,-10.3164093,0 -55.35719003,-10.3166633,0 -55.35742793,-10.3169203,0 -55.35757499000001,-10.3170613,0 -55.35766792999999,-10.3171303,0 -55.35782996,-10.3171903,0 -55.35796901,-10.3172253,0 -55.35806693000001,-10.3172963,0 -55.35812801,-10.3173753,0 -55.35817799,-10.3174743,0 -55.35821299,-10.3175753,0 -55.35828099,-10.3177503,0 -55.35833704,-10.3178353,0 -55.35843404000001,-10.3179463,0 -55.35868490999999,-10.3182053,0 -55.35885694,-10.3183733,0 -55.35913992,-10.3186583,0 -55.35927597,-10.3188033,0 -55.35938591000001,-10.3189223,0 -55.35952991,-10.3190763,0 -55.35960095,-10.3191323,0 -55.35968792,-10.3191703,0 -55.35974695,-10.3191483,0 -55.35981601,-10.3190903,0 -55.35988101,-10.3190163,0 -55.36000903,-10.3188693,0 -55.36017695000001,-10.3186723,0 -55.36037896,-10.3184503,0 -55.36058501999999,-10.3182183,0 -55.36071604,-10.3180683,0 -55.36079796,-10.3179773,0 -55.36084296,-10.3179653,0 -55.36085995999999,-10.3179883,0 -55.36088798000001,-10.3180603,0 -55.36093405,-10.3181723,0 -55.36100096,-10.3182263,0 -55.36107998000001,-10.3182283,0 -55.36115690999999,-10.3181923,0 -55.36123396000001,-10.3181343,0 -55.36138898,-10.3180063,0 -55.36164797,-10.3177993,0 -55.36205696,-10.3174693,0 -55.36238504,-10.3171983,0 -55.36242902,-10.3171633,0 -55.362512,-10.3170893,0 -55.36254692,-10.3170403,0 -55.36253098000001,-10.3170043,0 -55.36244401,-10.3169133,0 -55.36224196999999,-10.3167003,0 -55.36195804999999,-10.3164033,0 -55.36173003999999,-10.3161643,0 -55.36153503999999,-10.3159413,0 -55.36121992,-10.3156103,0 -55.36084091,-10.3152193,0 -55.360618,-10.3149883,0 -55.36013394,-10.3144993,0 -55.35962597999999,-10.3139693,0 -55.35902698999999,-10.3133603,0 -55.35814495,-10.3124543,0 -55.35729593,-10.3115913,0 
				</coordinates>
			</LineString>
		</Placemark>
		<Placemark>
			<name>T28 - Dos Nene</name>
			<Style>
				<LineStyle>
					<color>ff000000</color>
					<width>2</width>
				</LineStyle>
			</Style>
			<LineString>
				<coordinates>
					-55.36445497,-10.3188833,0 -55.36438492999999,-10.3188273,0 -55.36431697,-10.3187833,0 -55.36428794,-10.3187963,0 -55.36426196,-10.3188563,0 -55.36425202,-10.3189293,0 -55.36424599,-10.3190483,0 -55.36423797,-10.3191923,0 -55.36421201000001,-10.3194663,0 -55.36419199,-10.3197243,0 -55.36416704000001,-10.3199713,0 -55.36415597,-10.3201253,0 -55.36414195,-10.3203813,0 -55.36413705,-10.3205843,0 -55.36418899,-10.3208573,0 -55.364242,-10.3210063,0 -55.36432298,-10.3212383,0 -55.36439000999999,-10.3214343,0 -55.364455,-10.3216113,0 -55.36451193,-10.3218043,0 -55.36453604,-10.3219143,0 -55.36454893,-10.3220413,0 -55.36455191,-10.3221833,0 -55.36454293,-10.3223203,0 -55.36452703,-10.3224423,0 -55.36445401,-10.3226593,0 -55.36436396,-10.3228323,0 -55.36427096,-10.3229953,0 -55.36417500999999,-10.3231493,0 -55.36405795,-10.3233583,0 -55.36399701000001,-10.3235013,0 -55.36400892,-10.3235973,0 -55.36405203,-10.3236743,0 -55.364112,-10.3237483,0 -55.36425193,-10.3238883,0 -55.36459601000001,-10.3242503,0 -55.36482703000001,-10.3244873,0 -55.36503397,-10.3246933,0 -55.36530002,-10.3249703,0 -55.36553402,-10.3252123,0 -55.36583499,-10.3255233,0 -55.36638191,-10.3260823,0 -55.36657603999999,-10.3262813,0 -55.36753892999999,-10.3272623,0 -55.36806097000001,-10.3278073,0 -55.36850803000001,-10.3282563,0 -55.36909404,-10.3288453,0 -55.36965604,-10.3294153,0 -55.37027,-10.3300353,0 -55.37059698,-10.3303673,0 -55.37094401,-10.3307133,0 -55.37136599,-10.3311323,0 -55.37194302,-10.3317203,0 -55.37220603,-10.3319813,0 -55.37236800000001,-10.3321393,0 -55.37247078,-10.33223854,0 -55.37248227,-10.33225094,0 -55.37249748,-10.33226048,0 -55.37250903,-10.33226238,0 -55.37252304,-10.3322573,0 -55.37259595,-10.3321993,0 -55.37269902,-10.3321313,0 -55.37287695,-10.3320133,0 -55.37301397000001,-10.3319193,0 -55.37317199999999,-10.3318163,0 -55.37329503,-10.3317213,0 -55.37356092,-10.3315333,0 -55.37364097,-10.3314753,0 -55.37372102,-10.3314163,0 -55.37379598999999,-10.3313753,0 -55.37383296,-10.3313703,0 -55.37389201999999,-10.3313993,0 -55.37394398,-10.3314493,0 -55.37401994,-10.3315203,0 -55.37415199,-10.3316403,0 -55.37429997,-10.3317723,0 -55.37440194,-10.3318343,0 -55.37450902,-10.3318733,0 -55.37463592,-10.3318883,0 -55.374735,-10.3318733,0 -55.374825,-10.3318493,0 -55.37491904,-10.3318443,0 -55.37503492,-10.3318383,0 -55.37522397,-10.3318323,0 -55.37537297,-10.3318213,0 -55.37546095999999,-10.3318003,0 -55.37555492999999,-10.3317813,0 -55.37563098999999,-10.3317763,0 -55.37572800000001,-10.3317763,0 -55.37586996999999,-10.3317733,0 -55.37603899,-10.3317533,0 -55.37617391,-10.3317043,0 -55.37633197,-10.3316223,0 -55.37648696,-10.3315283,0 -55.37661997,-10.3314353,0 -55.37668299,-10.3313863,0 -55.37669497,-10.3313603,0 -55.37667994,-10.3313413,0 -55.37656902,-10.3312163,0 -55.37628496,-10.3309143,0 -55.37590701,-10.3305323,0 -55.37563596,-10.3302543,0 -55.37494499000001,-10.3295703,0 -55.37465497,-10.3292623,0 -55.37418198,-10.3287773,0 -55.37371393,-10.3283003,0 -55.37315094,-10.3277283,0 -55.37275599,-10.3273233,0 -55.372172,-10.3267293,0 -55.37156004,-10.3261093,0 -55.37119292,-10.3257313,0 -55.37072603,-10.3252543,0 -55.37030201,-10.3248173,0 -55.36893297,-10.3234223,0 -55.36832804,-10.3227973,0 -55.36791298,-10.3223673,0 -55.36754897,-10.3219963,0 -55.36702703,-10.3214623,0 -55.36653603,-10.3209593,0 -55.36587595999999,-10.3202953,0 -55.36522702,-10.3196303,0 -55.36485803,-10.3192603,0 -55.36470696,-10.3191213,0 -55.36456499,-10.3189883,0 -55.36445497,-10.3188833,0 
				</coordinates>
			</LineString>
		</Placemark>
		<Placemark>
			<name>T28 - Dos Nene</name>
			<Style>
				<LineStyle>
					<color>ff000000</color>
					<width>2</width>
				</LineStyle>
			</Style>
			<LineString>
				<coordinates>
					-55.37415404,-10.3338223,0 -55.37427501,-10.3338803,0 -55.37429339,-10.3338853,0 -55.37427439,-10.3339173,0 -55.37417695,-10.3338903,0 -55.37413992999999,-10.3338763,0 -55.37413194000001,-10.3339043,0 -55.37421393,-10.3340233,0 -55.374286,-10.3341013,0 -55.37444904,-10.3342723,0 -55.37455504,-10.3343563,0 -55.37467296000001,-10.3344233,0 -55.37481102,-10.3345143,0 -55.37497801,-10.3346113,0 -55.37512396000001,-10.3346943,0 -55.37522904,-10.3347613,0 -55.37530203,-10.3348273,0 -55.37536296,-10.3349073,0 -55.37539498,-10.3349793,0 -55.37541699000001,-10.3350543,0 -55.37543703,-10.3351523,0 -55.37546599,-10.3352633,0 -55.37549894,-10.3353203,0 -55.37562604,-10.3354623,0 -55.37587300000001,-10.3357113,0 -55.37611101,-10.3359523,0 -55.37634503,-10.3361913,0 -55.37661399,-10.3364623,0 -55.37684492,-10.3366933,0 -55.37698603,-10.3368293,0 -55.37721101,-10.3370533,0 -55.37728794,-10.3371293,0 -55.37735097,-10.3371633,0 -55.37744592,-10.3371763,0 -55.37751492,-10.3371573,0 -55.37758098,-10.3371293,0 -55.37808794000001,-10.3369203,0 -55.37826497,-10.3368403,0 -55.37846101,-10.3367533,0 -55.37853800000001,-10.3367073,0 -55.37855404,-10.3366393,0 -55.37852797,-10.3366053,0 -55.37848391000001,-10.3365723,0 -55.37819191999999,-10.3363413,0 -55.37803094,-10.3361853,0 -55.37788197,-10.3360233,0 -55.37776005000001,-10.3359003,0 -55.377419,-10.3355273,0 -55.37736892,-10.3354733,0 -55.37717995,-10.3352663,0 -55.37704591,-10.3351423,0 -55.37672791999999,-10.3349173,0 -55.37657096,-10.3347843,0 -55.37641896,-10.3346583,0 -55.37623201,-10.3345303,0 -55.37602892,-10.3344363,0 -55.37575594,-10.3343363,0 -55.37541399999999,-10.3342493,0 -55.37519199,-10.3341983,0 -55.37496792,-10.3341313,0 -55.37469903,-10.3340423,0 -55.37450401,-10.3339863,0 -55.37434392000001,-10.3339353,0 -55.37428195,-10.3339173,0 -55.37430095,-10.3338853,0 -55.37469396,-10.3340023,0 -55.37500799000001,-10.3341083,0 -55.37548595000001,-10.3342383,0 -55.37573800999999,-10.3343003,0 -55.37591704,-10.3343583,0 -55.37609898000001,-10.3344323,0 -55.37618293,-10.3344763,0 -55.37624594,-10.3345133,0 -55.37655804,-10.3347453,0 -55.37674102,-10.3348963,0 -55.37696792,-10.3350503,0 -55.37710904000001,-10.3351563,0 -55.37721997,-10.3352803,0 -55.37750092,-10.3355773,0 -55.37783193999999,-10.3359033,0 -55.37805191,-10.3361293,0 -55.37826502,-10.3363303,0 -55.37852503,-10.3365373,0 -55.37868498,-10.33664452,0 -55.37870696,-10.3366153,0 -55.37872093,-10.3364783,0 -55.37872803,-10.3363183,0 -55.37879392000001,-10.3357383,0 -55.37885492000001,-10.3350263,0 -55.37890391000001,-10.3345973,0 -55.37894598,-10.3341283,0 -55.37895697,-10.3339323,0 -55.37895804000001,-10.3337803,0 -55.37892194,-10.3336963,0 -55.37885098,-10.3335973,0 -55.37876701,-10.3335013,0 -55.37863291,-10.3333613,0 -55.37853299,-10.3332613,0 -55.37838795,-10.3331123,0 -55.37829895,-10.3330253,0 -55.37817193,-10.3328963,0 -55.37802898999999,-10.3327543,0 -55.37787601000001,-10.3325963,0 -55.37778291999999,-10.3325003,0 -55.37768394,-10.3324103,0 -55.37759391000001,-10.3323563,0 -55.37746999,-10.3323183,0 -55.37729105,-10.3322983,0 -55.37714799,-10.3322923,0 -55.37690699,-10.3322733,0 -55.37677297,-10.3322853,0 -55.37662893,-10.3323033,0 -55.37653101,-10.3323133,0 -55.37638403,-10.3322643,0 -55.37623993,-10.3322103,0 -55.37603291999999,-10.3321573,0 -55.37585692,-10.3321193,0 -55.37572505,-10.3321013,0 -55.37554392000001,-10.3320913,0 -55.37539694,-10.3320983,0 -55.37531792,-10.3321243,0 -55.37516693,-10.3322163,0 -55.37500700999999,-10.3323553,0 -55.37481902,-10.3325423,0 -55.37459401,-10.3327703,0 -55.37451101,-10.3328743,0 -55.37433598,-10.3331483,0 -55.37425692,-10.3333203,0 -55.37419791999999,-10.3334743,0 -55.37415397000001,-10.3336153,0 -55.37414892000001,-10.3336813,0 -55.37415292,-10.3337643,0 -55.37415318,-10.33379685,0 -55.37415404,-10.3338223,0 
				</coordinates>
			</LineString>
		</Placemark>
		<Placemark>
			<name>T28 - Dos Nene</name>
			<Style>
				<LineStyle>
					<color>ff000000</color>
					<width>2</width>
				</LineStyle>
			</Style>
			<LineString>
				<coordinates>
					-55.38138704,-10.3362033,0 -55.38119504,-10.3360033,0 -55.38102699,-10.3358333,0 -55.38089596,-10.3357073,0 -55.38081095,-10.3356483,0 -55.38071591,-10.3356243,0 -55.38063991999999,-10.3356433,0 -55.38057291,-10.3356903,0 -55.38046796,-10.3357913,0 -55.38035098,-10.3359023,0 -55.38018997,-10.3360583,0 -55.38000098,-10.3362443,0 -55.37982703,-10.3364193,0 -55.37972593,-10.3365203,0 -55.37967501000001,-10.3365753,0 -55.37960497,-10.3366573,0 -55.37952604,-10.3367473,0 -55.37946394999999,-10.3368643,0 -55.37946696000001,-10.3369733,0 -55.37949398000001,-10.3370723,0 -55.37952597,-10.3371773,0 -55.37957403,-10.3372933,0 -55.37962602000001,-10.3374203,0 -55.37968905000001,-10.3375093,0 -55.37976799999999,-10.3376103,0 -55.37980202,-10.3376813,0 -55.37979692,-10.3377563,0 -55.37978592,-10.3378423,0 -55.37973393,-10.3379393,0 -55.37967895,-10.3379773,0 -55.37959698,-10.3380203,0 -55.37946102000001,-10.3381043,0 -55.37939092,-10.3381693,0 -55.37925401999999,-10.3382973,0 -55.37918504,-10.3383933,0 -55.37912199,-10.3385033,0 -55.37908992,-10.3386083,0 -55.37907296,-10.3388283,0 -55.37908894,-10.3389123,0 -55.37912693,-10.3389873,0 -55.37922392,-10.3391033,0 -55.37935095,-10.3392313,0 -55.37951303,-10.3393953,0 -55.37972893,-10.3396083,0 -55.37986394,-10.3397383,0 -55.37996304999999,-10.3398313,0 -55.38007894999999,-10.3399313,0 -55.380172,-10.3399543,0 -55.38021503,-10.3399373,0 -55.38025698,-10.3399073,0 -55.38036005,-10.3398113,0 -55.38043301,-10.3397453,0 -55.38054701,-10.3396323,0 -55.38072798000001,-10.3394503,0 -55.38092396,-10.3392653,0 -55.38099895,-10.3391913,0 -55.38109704,-10.3390933,0 -55.38118294,-10.3390063,0 -55.38128993,-10.3388683,0 -55.38134291,-10.3387753,0 -55.38139294,-10.3387293,0 -55.38144004,-10.3386973,0 -55.38151997,-10.3386613,0 -55.38156801,-10.3386143,0 -55.38163703,-10.3385353,0 -55.38170394,-10.3384243,0 -55.38174304,-10.3383383,0 -55.38177391,-10.3382723,0 -55.38180702,-10.3382433,0 -55.38186403,-10.3382253,0 -55.38195104,-10.3381733,0 -55.38202498,-10.3381093,0 -55.38208502,-10.3380583,0 -55.38218296,-10.3380163,0 -55.38225691,-10.3379793,0 -55.38232096999999,-10.3379233,0 -55.38250797,-10.3377343,0 -55.38257093999999,-10.3376683,0 -55.38263298,-10.3375883,0 -55.38263698000001,-10.3375313,0 -55.38262205,-10.3374943,0 -55.38256404,-10.3374273,0 -55.38250102,-10.3373643,0 -55.38232104,-10.3371573,0 -55.38214303,-10.3369543,0 -55.38184299000001,-10.3366503,0 -55.38157992000001,-10.3363983,0 -55.38138704,-10.3362033,0 
				</coordinates>
			</LineString>
		</Placemark>
		<Placemark>
			<name>T28 - Dos Nene</name>
			<Style>
				<LineStyle>
					<color>ff000000</color>
					<width>2</width>
				</LineStyle>
			</Style>
			<LineString>
				<coordinates>
					-55.36409299999999,-10.318652,0 -55.363942,-10.318556,0 -55.363857,-10.318539,0 -55.363747,-10.318587,0 -55.363598,-10.318704,0 -55.36352699999999,-10.318856,0 -55.36353799999999,-10.319066,0 -55.363533,-10.319302,0 -55.363567,-10.319553,0 -55.363502,-10.319918,0 -55.363524,-10.320211,0 -55.36357399999999,-10.320439,0 -55.363653,-10.320595,0 -55.363753,-10.320825,0 -55.36377999999999,-10.321026,0 -55.363801,-10.321462,0 -55.363842,-10.321804,0 -55.36382,-10.322001,0 -55.363661,-10.322238,0 -55.363501,-10.322436,0 -55.363402,-10.322653,0 -55.36334900000001,-10.322878,0 -55.363457,-10.323054,0 -55.363663,-10.323186,0 -55.36386499999999,-10.323399,0 -55.363993,-10.323373,0 -55.364142,-10.323107,0 -55.36442900000001,-10.32257,0 -55.36450000000001,-10.322145,0 -55.36442600000001,-10.321719,0 -55.364254,-10.32123,0 -55.36409299999999,-10.32067,0 -55.364087,-10.320268,0 -55.364141,-10.319696,0 -55.36419800000001,-10.319128,0 -55.36409299999999,-10.318652,0 
				</coordinates>
			</LineString>
		</Placemark>
		<Placemark>
			<name>T31 - Talhão 31</name>
			<Style>
				<LineStyle>
					<color>ff000000</color>
					<width>2</width>
				</LineStyle>
			</Style>
			<LineString>
				<coordinates>
					-55.3331668376221,-10.3230610520973,0 -55.33318875641779,-10.323049554714,0 -55.33317077356791,-10.3230618915207,0 -55.3331772659435,-10.3230794638417,0 -55.3332090115194,-10.3230943596677,0 -55.3332424308646,-10.3230934612768,0 -55.3332767335949,-10.323084662185,0 -55.3333101927161,-10.3230837612448,0 -55.3333371683912,-10.3230651849087,0 -55.3333657156857,-10.3230304698103,0 -55.3334005529336,-10.3230132045424,0 -55.3334363652487,-10.3229878614905,0 -55.3334732120025,-10.3229543708693,0 -55.3335083697547,-10.3229369051416,0 -55.3335436216914,-10.3229193928468,0 -55.3335899862615,-10.3228791473681,0 -55.33360918470811,-10.3228580969536,0 -55.33363659708149,-10.3228386877291,0 -55.333665082713,-10.3228110283325,0 -55.3337018628468,-10.3227849729364,0 -55.3337295343049,-10.3227653700897,0 -55.3337583274602,-10.3227374471203,0 -55.3337965193422,-10.3227028275007,0 -55.3338266248108,-10.3226663401193,0 -55.3338477526996,-10.3226366677919,0 -55.33387621128539,-10.3226171181762,0 -55.3338975377295,-10.3225873750284,0 -55.3339272995822,-10.3225593489298,0 -55.33394876925951,-10.3225294271899,0 -55.3339870910416,-10.3225030454968,0 -55.33401711333589,-10.3224747531689,0 -55.3340375144077,-10.3224529046644,0 -55.3340675903033,-10.3224242822794,0 -55.334088109673,-10.3224023105886,0 -55.3341267712554,-10.3223753036798,0 -55.3341486938097,-10.3223446468047,0 -55.3341681202219,-10.322331063924,0 -55.3341901637167,-10.3223002597138,0 -55.33422074511969,-10.3222711439127,0 -55.3342514258957,-10.3222419338273,0 -55.3343045811525,-10.3221814285501,0 -55.3343341861785,-10.3221606627089,0 -55.3343468086492,-10.3221362395691,0 -55.3343765376863,-10.322115367796,0 -55.33441054083309,-10.3220680379671,0 -55.3344304780001,-10.3220540212694,0 -55.33446187072141,-10.3220241044508,0 -55.3344862133318,-10.3219833853929,0 -55.33450485449241,-10.3219781333154,0 -55.3345365004076,-10.3219479669948,0 -55.3345682516004,-10.3219177000118,0 -55.3346087193618,-10.3218890339645,0 -55.3346437173936,-10.3218404849746,0 -55.3346727448737,-10.3218278132296,0 -55.334715153133,-10.3217897844399,0 -55.33474747090199,-10.3217588864102,0 -55.33477831314659,-10.3217369869273,0 -55.33482113769711,-10.3216983422694,0 -55.3348625272067,-10.3216687115703,0 -55.334884913062,-10.3216446397128,0 -55.3349369827069,-10.3216073451612,0 -55.33497880974959,-10.3215773865449,0 -55.3350014750374,-10.321553060148,0 -55.3350313083309,-10.3215397843188,0 -55.3350646498491,-10.3215077891881,0 -55.3350963675033,-10.3214850600164,0 -55.3351405603481,-10.3214452444839,0 -55.3351724990636,-10.3214223457143,0 -55.3351938406106,-10.3214070453391,0 -55.3352562753754,-10.3213704698569,0 -55.3352885227287,-10.3213473615516,0 -55.3353208603751,-10.3213241881283,0 -55.335355165026,-10.3212913828131,0 -55.33538580569369,-10.3212776479734,0 -55.335429267392,-10.3212469004221,0 -55.3354709400814,-10.3212256960618,0 -55.3355037280947,-10.3212025281114,0 -55.3355515274971,-10.321152183898,0 -55.33560861320581,-10.3211034967766,0 -55.3356639269131,-10.321064564448,0 -55.3356881456684,-10.3210392670014,0 -55.3357235582822,-10.321006087112,0 -55.3357772781814,-10.3209766930326,0 -55.3358150553684,-10.3209334700769,0 -55.3358283865589,-10.3209157374251,0 -55.33587765973689,-10.320864326394,0 -55.33592719035,-10.3208126363403,0 -55.3359542653299,-10.3207765456339,0 -55.33599284428491,-10.3207322313427,0 -55.3360201412339,-10.3206958590301,0 -55.33604753205231,-10.3206593579937,0 -55.3360980612393,-10.3206063340303,0 -55.3361418649629,-10.3205408324181,0 -55.33617666716471,-10.3205160208035,0 -55.33621389350401,-10.3204808581082,0 -55.3362419174714,-10.3204435919162,0 -55.336272409864,-10.3203958298938,0 -55.3362960478056,-10.3203354473209,0 -55.3363268102743,-10.3202872103532,0 -55.3363481489594,-10.3202372182784,0 -55.3363719705995,-10.3201766150565,0 -55.3363981202807,-10.3201491786839,0 -55.3364173013512,-10.3201091662633,0 -55.3364486948045,-10.3200597679882,0 -55.3365018182043,-10.320003346997,0 -55.3365526726389,-10.3199573928967,0 -55.3366037714774,-10.3199112370858,0 -55.33664290253599,-10.3198737623001,0 -55.3366970588483,-10.3198162931017,0 -55.3367735440022,-10.3197513841359,0 -55.3368107362394,-10.3197239780576,0 -55.33685077126441,-10.3196854049527,0 -55.3369159977487,-10.3196282147084,0 -55.33697182393139,-10.3195687707845,0 -55.3370321129533,-10.3195334166077,0 -55.3370984026261,-10.3194753149953,0 -55.3371337234583,-10.319458432612,0 -55.33719764693329,-10.3194112586503,0 -55.3372490199068,-10.3193733479504,0 -55.3373005999958,-10.3193352833127,0 -55.33733942304521,-10.3193066333972,0 -55.3373944261919,-10.3192567520777,0 -55.3374304713172,-10.3192394431194,0 -55.3374696906618,-10.3192105096213,0 -55.3375121553543,-10.3191698387454,0 -55.3375516395661,-10.3191406863304,0 -55.33759107085441,-10.319111805867,0 -55.33763373096649,-10.3190712885218,0 -55.3376696929107,-10.3190168628938,0 -55.3377259827531,-10.3189662539701,0 -55.33774252171629,-10.3189447177164,0 -55.3377688869454,-10.3188875338175,0 -55.3377886246117,-10.3188158779726,0 -55.33778178282201,-10.318801834974,0 -55.3377346654518,-10.318817561866,0 -55.3376775238775,-10.3188312011356,0 -55.3376269240291,-10.3188209246106,0 -55.3375453857226,-10.3187664879345,0 -55.3375010452771,-10.3187321732908,0 -55.33744333817471,-10.3187077782689,0 -55.3373918065126,-10.3186592275382,0 -55.3373511778351,-10.3186509805628,0 -55.3372861641746,-10.3186124828727,0 -55.3372515388165,-10.3185801498207,0 -55.3372413326742,-10.3185781748814,0 -55.3372066359255,-10.3185457818671,0 -55.337130993879,-10.3185054263573,0 -55.3370696847932,-10.3184935707382,0 -55.33702882379409,-10.3184856692254,0 -55.33643794702179,-10.3184098583965,0 -55.3364277113796,-10.3184078781996,0 -55.3363891875204,-10.3184260223873,0 -55.33632259141869,-10.3184641668424,0 -55.3362804644461,-10.3184941441444,0 -55.3362143501196,-10.3185320004154,0 -55.33617255544939,-10.3185617621969,0 -55.3361308929696,-10.3185914296901,0 -55.3360899240953,-10.3186201661484,0 -55.3360490910814,-10.3186487852271,0 -55.3359847887522,-10.3186848080417,0 -55.33594076448119,-10.3187247104149,0 -55.33589034868869,-10.3187510314615,0 -55.335816691285,-10.3187846744855,0 -55.3357732033709,-10.3188241882998,0 -55.3356900989667,-10.318855570856,0 -55.3356403892381,-10.3188815219208,0 -55.335613939348,-10.3189001100787,0 -55.3355478506115,-10.3189467418741,0 -55.3355083114893,-10.3189746498154,0 -55.3354491829624,-10.3189984832274,0 -55.3353609166842,-10.3190519270319,0 -55.33530225774669,-10.3190755447341,0 -55.33524691293729,-10.3190879348612,0 -55.3351787773638,-10.3191094561379,0 -55.3351206096425,-10.319132898964,0 -55.33507541736451,-10.3191471679557,0 -55.3350175391431,-10.3191705001191,0 -55.3349540566673,-10.3192154069746,0 -55.3349162269269,-10.319242008612,0 -55.334865940603,-10.3192773701281,0 -55.33482834056299,-10.3193038109039,0 -55.3347810670258,-10.3193284302669,0 -55.3347185416903,-10.3193727921519,0 -55.3346591186528,-10.3194061414903,0 -55.3346246892426,-10.3194217723004,0 -55.33456963738859,-10.3194784390449,0 -55.3345026044432,-10.3195435018092,0 -55.3344386942997,-10.3195975158017,0 -55.3344021895912,-10.3196232534659,0 -55.33435890605009,-10.3196364543009,0 -55.33430530712809,-10.3196915586345,0 -55.33427172561131,-10.3197066070425,0 -55.334209096682,-10.3197593914741,0 -55.3341731891506,-10.3197847081153,0 -55.33413486832111,-10.3198203044593,0 -55.3340566303957,-10.3198583245102,0 -55.3340141711374,-10.3198711623184,0 -55.3339624118058,-10.3198820394703,0 -55.33394125148421,-10.3198884383677,0 -55.3338848561699,-10.3199197779364,0 -55.3338310075321,-10.3199407984508,0 -55.3337772990031,-10.3199617645467,0 -55.33374236077071,-10.3199865278309,0 -55.3336959165746,-10.3200194465962,0 -55.33361951899231,-10.3200565945679,0 -55.33355285226349,-10.3200949633246,0 -55.3335299859571,-10.3201109120594,0 -55.3334708197611,-10.3201605548003,0 -55.33341404575101,-10.3202001369943,0 -55.3333800838827,-10.3202238145836,0 -55.3333461986611,-10.3202474393384,0 -55.3333144718399,-10.3202612311153,0 -55.3332898761446,-10.3202867488076,0 -55.3332490657062,-10.3202986887942,0 -55.3331838814884,-10.3203362467459,0 -55.3331321147239,-10.320355986305,0 -55.3330987074203,-10.3203795649866,0 -55.3330653808619,-10.3204030862606,0 -55.33303213404389,-10.3204265518779,0 -55.33300092218801,-10.3204402285942,0 -55.3329678199766,-10.3204636046903,0 -55.332923803228,-10.3204946843048,0 -55.3328689782542,-10.3205333956351,0 -55.3328361877697,-10.32055654859,0 -55.33280533887699,-10.3205700321607,0 -55.3327708388655,-10.3206026906298,0 -55.3327147951152,-10.3206505284558,0 -55.332667991986,-10.3207000482056,0 -55.332633927869,-10.32073241148,0 -55.3325892793175,-10.3207727742438,0 -55.3325448253103,-10.3208129596047,0 -55.33248996064929,-10.3208606024731,0 -55.33243704864459,-10.3208984899585,0 -55.3324054047241,-10.3209210537363,0 -55.3323738410094,-10.3209435607235,0 -55.3323214111912,-10.3209809469151,0 -55.3320731476495,-10.3213171742287,0 -55.3320629659632,-10.3213243893474,0 -55.3331668376221,-10.3230610520973,0 
				</coordinates>
			</LineString>
		</Placemark>
		<Placemark>
			<name>T31 - Talhão 31</name>
			<Style>
				<LineStyle>
					<color>ff000000</color>
					<width>2</width>
				</LineStyle>
			</Style>
			<LineString>
				<coordinates>
					-55.3306112252582,-10.3136492879327,0 -55.32894109309859,-10.315393993411,0 -55.3290727738483,-10.3157772259874,0 -55.32869927035729,-10.3162005287841,0 -55.3312041046088,-10.3198768302795,0 -55.3316046656844,-10.3205085163889,0 -55.3316284063891,-10.3204702869179,0 -55.3318562219049,-10.3202213433357,0 -55.3318802166541,-10.3202079653013,0 -55.3321808288158,-10.3200982216438,0 -55.3323985236439,-10.3200415786761,0 -55.33244719975819,-10.3200274623793,0 -55.3326039988314,-10.3200113346564,0 -55.3328062766825,-10.3200245570511,0 -55.33294152208601,-10.3198378315775,0 -55.33296680487701,-10.3198244122905,0 -55.33311033391299,-10.3198385304805,0 -55.3331559523964,-10.3198657036291,0 -55.3333172577134,-10.3198241806339,0 -55.333511378042,-10.3196148106526,0 -55.3335515290966,-10.3195863907767,0 -55.3335655492448,-10.3195720895053,0 -55.333748831039,-10.3194854057073,0 -55.333804057413,-10.3194418846559,0 -55.3338595579381,-10.319398147756,0 -55.3339132701781,-10.3193688034922,0 -55.3339464674764,-10.3193101199974,0 -55.3339798838164,-10.3192510500835,0 -55.3340364245332,-10.3192063593136,0 -55.3340703357738,-10.3191465984615,0 -55.3341170908474,-10.319086386971,0 -55.33415149958059,-10.319025823762,0 -55.33419869755241,-10.3189651209404,0 -55.3342483274094,-10.3188893251945,0 -55.33429119247949,-10.3188589436475,0 -55.3343573384545,-10.3188437291694,0 -55.334413264902,-10.318813204224,0 -55.3344718709076,-10.3187672233901,0 -55.3345153772761,-10.318736447506,0 -55.33458733481,-10.3186900967255,0 -55.33464710215449,-10.3186427802089,0 -55.3347201851223,-10.3185950485543,0 -55.3347647793697,-10.3185631307757,0 -55.3349200848367,-10.3184666008653,0 -55.3352049281433,-10.3182053198168,0 -55.3353174830996,-10.3181374629156,0 -55.33551929883081,-10.3181164733382,0 -55.3360620306609,-10.3179519743178,0 -55.33613205944469,-10.3177420475958,0 -55.33621072476551,-10.3174752431092,0 -55.336286626338,-10.3172261397225,0 -55.3363423747921,-10.3168236612118,0 -55.3363332382925,-10.3167866272178,0 -55.3363566429455,-10.3166168258903,0 -55.33631582534319,-10.3161817335184,0 -55.3357474164932,-10.3165594346709,0 -55.3352439406714,-10.3168895482978,0 -55.3350350218929,-10.3166651017865,0 -55.33482693509,-10.3163563310413,0 -55.3348004872105,-10.3160944577463,0 -55.33481931235569,-10.3160321329072,0 -55.3349208118413,-10.3156313177131,0 -55.3348853725981,-10.3154848755917,0 -55.3349889031154,-10.315294836011,0 -55.335039513879,-10.3152278306922,0 -55.33509958237631,-10.3150322564917,0 -55.3347300281943,-10.3147765660504,0 -55.3343986720463,-10.315228142055,0 -55.3343791809726,-10.3149647472679,0 -55.33445396445299,-10.3146842545419,0 -55.33400892408421,-10.3143559950293,0 -55.3336469214967,-10.3140663802766,0 -55.3336000707586,-10.3138915305827,0 -55.33362042040859,-10.3133695366742,0 -55.333640317247,-10.3129820443844,0 -55.3334898866291,-10.3127051900343,0 -55.333336332665,-10.3125348181009,0 -55.3330578226076,-10.3122190829513,0 -55.3323852803095,-10.3127297567265,0 -55.3318191761246,-10.3136395465583,0 -55.3313603654456,-10.3141698254736,0 -55.3307991313491,-10.3148210924449,0 -55.3303918778376,-10.3153329570981,0 -55.3301874460797,-10.3150824449348,0 -55.330138200742,-10.3147553695384,0 -55.3303955316651,-10.3145889305689,0 -55.3304612342987,-10.3142517956454,0 -55.3305446373206,-10.3140293346451,0 -55.33070476662841,-10.3137509917572,0 -55.3306112252582,-10.3136492879327,0 
				</coordinates>
			</LineString>
		</Placemark>
	</Folder>
</Document>
</kml>
