{"type":"FeatureCollection","name":"Fazenda Sela de Prata I - Talhoes 2025","features":[{"type":"Feature","properties":{"id":"sela1_shape_t1","fazenda_id":"p_sela1","talhao":"T01 - 230","nome":"T01 - 230","ano":2025,"area_hectares":274.1,"fonte":"SHP Fazenda_Sela_de_Prata_I_poly","partes":4},"geometry":{"type":"MultiPolygon","coordinates":[[[[-55.339796,-10.297825],[-55.339542,-10.297753],[-55.339391,-10.297722],[-55.3391495,-10.2977076],[-55.338882,-10.297622],[-55.338726,-10.2975893],[-55.338466,-10.297476],[-55.338277,-10.297386],[-55.337964,-10.29722],[-55.337785,-10.297137],[-55.33767,-10.297098],[-55.337553,-10.297075],[-55.337435,-10.297102],[-55.337101,-10.2974453],[-55.336769,-10.297701],[-55.336604,-10.297855],[-55.336283,-10.298149],[-55.33605,-10.298368],[-55.335598,-10.298827],[-55.335489,-10.299071],[-55.335434,-10.299181],[-55.335412,-10.299314],[-55.335423,-10.299527],[-55.335427,-10.299704],[-55.335436,-10.300106],[-55.3355942,-10.3004446],[-55.335843,-10.300813],[-55.336046,-10.301091],[-55.336317,-10.301494],[-55.336519,-10.301786],[-55.336736,-10.302097],[-55.336835,-10.302383],[-55.336829,-10.30259],[-55.336792,-10.3027868],[-55.3366318,-10.3030176],[-55.33626,-10.303344],[-55.3359718,-10.3034344],[-55.335528,-10.303575],[-55.3352165,-10.3037882],[-55.334746,-10.304133],[-55.334596,-10.304252],[-55.3344879,-10.3042965],[-55.334224,-10.30463],[-55.33406,-10.305118],[-55.333994,-10.305224],[-55.333731,-10.30531],[-55.333429,-10.305508],[-55.333329,-10.305663],[-55.3332176,-10.3057451],[-55.333142,-10.306097],[-55.333256,-10.306489],[-55.333397,-10.306818],[-55.333475,-10.307331],[-55.333393,-10.307812],[-55.33328,-10.308042],[-55.333124,-10.308254],[-55.33286,-10.308723],[-55.3329124,-10.3093214],[-55.333017,-10.309532],[-55.333146,-10.309778],[-55.333403,-10.310178],[-55.333611,-10.310397],[-55.333886,-10.310749],[-55.3341255,-10.3109989],[-55.3343544,-10.3113441],[-55.3344917,-10.3116932],[-55.334645,-10.311989],[-55.334769,-10.312212],[-55.334912,-10.312545],[-55.335207,-10.312946],[-55.335413,-10.313164],[-55.335714,-10.3134],[-55.3359,-10.313509],[-55.336036,-10.313593],[-55.336274,-10.313712],[-55.336536,-10.313771],[-55.336786,-10.313866],[-55.336988,-10.313878],[-55.33727,-10.313844],[-55.33759,-10.313829],[-55.337859,-10.313803],[-55.337975,-10.3138],[-55.338078,-10.313819],[-55.338262,-10.313969],[-55.338348,-10.314076],[-55.338679,-10.314313],[-55.338735,-10.314297],[-55.33878,-10.314185],[-55.338836,-10.314054],[-55.338932,-10.313856],[-55.339004,-10.313698],[-55.339062,-10.313574],[-55.339109,-10.313474],[-55.339146,-10.313382],[-55.3391495,-10.3133469],[-55.339151,-10.313253],[-55.339006,-10.312997],[-55.338882,-10.31281],[-55.338702,-10.312544],[-55.338537,-10.3123],[-55.338232,-10.311839],[-55.337919,-10.311378],[-55.337543,-10.310821],[-55.337161,-10.310249],[-55.336929,-10.309907],[-55.336703,-10.309569],[-55.33636,-10.309051],[-55.336172,-10.308774],[-55.336093,-10.308668],[-55.336044,-10.308596],[-55.336002,-10.308514],[-55.3359871,-10.3084774],[-55.335976,-10.308402],[-55.335999,-10.308366],[-55.336047,-10.308339],[-55.336161,-10.308308],[-55.336272,-10.308272],[-55.336488,-10.308184],[-55.336615,-10.308102],[-55.336718,-10.308013],[-55.336886,-10.307859],[-55.337107,-10.307647],[-55.337326,-10.30744],[-55.337578,-10.307205],[-55.337982,-10.306833],[-55.338434,-10.306417],[-55.338638,-10.306226],[-55.338905,-10.30598],[-55.339253,-10.305655],[-55.339457,-10.305466],[-55.339732,-10.305209],[-55.340131,-10.304835],[-55.340479,-10.304507],[-55.340825,-10.304188],[-55.3409538,-10.3040781],[-55.341221,-10.303824],[-55.341566,-10.303502],[-55.341929,-10.303162],[-55.342259,-10.302854],[-55.342735,-10.30241],[-55.343026,-10.30214],[-55.343246,-10.301938],[-55.343508,-10.301696],[-55.343847,-10.30138],[-55.344203,-10.30105],[-55.344578,-10.3007],[-55.344858,-10.300445],[-55.345076,-10.300241],[-55.345406,-10.299927],[-55.345642,-10.299703],[-55.345875,-10.299486],[-55.346022,-10.299346],[-55.346167,-10.299211],[-55.346258,-10.299127],[-55.346309,-10.299076],[-55.346336,-10.299018],[-55.346344,-10.2989712],[-55.346314,-10.298856],[-55.3462143,-10.2986755],[-55.346026,-10.298324],[-55.345878,-10.298046],[-55.345813,-10.297914],[-55.345737,-10.297778],[-55.3457298,-10.29774],[-55.345684,-10.297674],[-55.345638,-10.29766],[-55.345587,-10.297665],[-55.345498,-10.297682],[-55.345265,-10.297766],[-55.344909,-10.297908],[-55.344693,-10.298025],[-55.344241,-10.298353],[-55.344078,-10.298501],[-55.343783,-10.298646],[-55.3436737,-10.2987804],[-55.343147,-10.298784],[-55.342914,-10.298714],[-55.3425179,-10.2985926],[-55.342066,-10.298474],[-55.341882,-10.298452],[-55.341475,-10.298415],[-55.34132,-10.2984486],[-55.340998,-10.298467],[-55.3408928,-10.2985115],[-55.340821,-10.298479],[-55.340607,-10.298431],[-55.340424,-10.298245],[-55.340259,-10.298042],[-55.340098,-10.297921],[-55.339796,-10.297825]]],[[[-55.337486,-10.307307],[-55.337111,-10.307677],[-55.336842,-10.30792],[-55.336664,-10.30809],[-55.336516,-10.308204],[-55.336319,-10.308293],[-55.336157,-10.308349],[-55.33607,-10.308385],[-55.336036,-10.308425],[-55.336028,-10.308497],[-55.336062,-10.308579],[-55.336133,-10.308693],[-55.33634,-10.308991],[-55.336652,-10.309455],[-55.336997,-10.30997],[-55.337358,-10.310515],[-55.337566,-10.310825],[-55.337713,-10.311045],[-55.33789,-10.311307],[-55.338078,-10.311586],[-55.338238,-10.311822],[-55.338387,-10.312048],[-55.338561,-10.312313],[-55.338738,-10.312576],[-55.338845,-10.312734],[-55.338969,-10.312918],[-55.339057,-10.313047],[-55.339126,-10.313157],[-55.339164,-10.313221],[-55.339185,-10.313287],[-55.33919,-10.313356],[-55.339177,-10.313437],[-55.339127,-10.313542],[-55.339042,-10.313715],[-55.338942,-10.313912],[-55.338866,-10.314076],[-55.338796,-10.314234],[-55.338762,-10.314365],[-55.338874,-10.314406],[-55.33897,-10.314447],[-55.339041,-10.314475],[-55.339115,-10.314517],[-55.339179,-10.314571],[-55.339226,-10.314649],[-55.339277,-10.314858],[-55.339447,-10.3152647],[-55.339592,-10.315316],[-55.339805,-10.315372],[-55.340121,-10.315339],[-55.340628,-10.315271],[-55.340866,-10.315243],[-55.341124,-10.315205],[-55.341571,-10.315145],[-55.341794,-10.31498],[-55.34193,-10.314841],[-55.34243,-10.314367],[-55.342787,-10.314022],[-55.342968,-10.313844],[-55.343259,-10.313556],[-55.343485,-10.313341],[-55.343804,-10.313025],[-55.344182,-10.312678],[-55.344694,-10.312187],[-55.34498,-10.311922],[-55.345335,-10.311582],[-55.345661,-10.311255],[-55.345909,-10.311016],[-55.346076,-10.31086],[-55.3462257,-10.3107967],[-55.3466187,-10.3104372],[-55.347042,-10.309922],[-55.347654,-10.309339],[-55.3480682,-10.3089838],[-55.3483353,-10.3086729],[-55.348599,-10.308429],[-55.348839,-10.308198],[-55.349053,-10.308007],[-55.34928,-10.307812],[-55.34985,-10.307258],[-55.349995,-10.307092],[-55.350103,-10.306972],[-55.350151,-10.30692],[-55.350175,-10.306879],[-55.350179,-10.306835],[-55.350163,-10.306783],[-55.350091,-10.30664],[-55.34998,-10.306385],[-55.349895,-10.306185],[-55.349682,-10.305748],[-55.34945,-10.30528],[-55.349177,-10.304741],[-55.3489075,-10.3042288],[-55.348675,-10.303729],[-55.34846,-10.303277],[-55.348233,-10.30281],[-55.3480263,-10.3024149],[-55.347776,-10.30187],[-55.347619,-10.301558],[-55.347455,-10.301226],[-55.347277,-10.30087],[-55.347102,-10.30051],[-55.3467789,-10.2998505],[-55.346647,-10.299575],[-55.346564,-10.299395],[-55.3465424,-10.2993088],[-55.346475,-10.299214],[-55.346451,-10.299172],[-55.346417,-10.29914],[-55.346366,-10.299131],[-55.346316,-10.299137],[-55.346259,-10.299167],[-55.346162,-10.299257],[-55.346059,-10.299355],[-55.34589,-10.299511],[-55.345685,-10.299706],[-55.34551,-10.299868],[-55.345323,-10.30004],[-55.345082,-10.300267],[-55.344839,-10.300494],[-55.34458,-10.30073],[-55.344086,-10.301188],[-55.343788,-10.30146],[-55.343603,-10.301629],[-55.343339,-10.301875],[-55.343145,-10.302052],[-55.342728,-10.302442],[-55.342457,-10.302694],[-55.342293,-10.302845],[-55.342068,-10.303061],[-55.341812,-10.303299],[-55.341419,-10.303664],[-55.341152,-10.303915],[-55.340927,-10.304119],[-55.34056,-10.304462],[-55.340177,-10.304818],[-55.339914,-10.305062],[-55.339596,-10.30536],[-55.339328,-10.305607],[-55.33906,-10.305857],[-55.33865,-10.306241],[-55.3383,-10.306562],[-55.338112,-10.306736],[-55.337839,-10.306986],[-55.337702,-10.307109],[-55.337588,-10.307213],[-55.337486,-10.307307]]],[[[-55.337113,-10.315854],[-55.337111,-10.31598],[-55.337095,-10.316095],[-55.337088,-10.316215],[-55.33711,-10.316451],[-55.337071,-10.316563],[-55.337008,-10.316638],[-55.336952,-10.316729],[-55.336923,-10.316821],[-55.336921,-10.316958],[-55.336921,-10.317128],[-55.336931,-10.317285],[-55.33697,-10.317481],[-55.337015,-10.317616],[-55.337113,-10.317812],[-55.337193,-10.317896],[-55.337312,-10.317972],[-55.337532,-10.3180532],[-55.337875,-10.31815],[-55.338002,-10.318223],[-55.338117,-10.31827],[-55.338216,-10.318285],[-55.338298,-10.318278],[-55.338446,-10.318189],[-55.338594,-10.318041],[-55.338856,-10.317781],[-55.339067,-10.317574],[-55.339271,-10.317374],[-55.339542,-10.317114],[-55.339801,-10.316869],[-55.339969,-10.316705],[-55.340081,-10.316605],[-55.340119,-10.316556],[-55.340137,-10.316515],[-55.340112,-10.316422],[-55.340066,-10.316382],[-55.339923,-10.316314],[-55.339783,-10.316259],[-55.339484,-10.316109],[-55.3393,-10.316038],[-55.339032,-10.315946],[-55.3389244,-10.3159094],[-55.3387527,-10.3158226],[-55.338648,-10.315656],[-55.338579,-10.315557],[-55.3385353,-10.3153667],[-55.33852,-10.315182],[-55.338543,-10.314994],[-55.3385048,-10.3149691],[-55.338456,-10.314942],[-55.338319,-10.314922],[-55.338246,-10.314913],[-55.338162,-10.31488],[-55.338076,-10.314839],[-55.337747,-10.314616],[-55.337605,-10.314562],[-55.337396,-10.314546],[-55.337201,-10.314528],[-55.3371201,-10.3145094],[-55.337051,-10.314515],[-55.336849,-10.314533],[-55.336769,-10.314589],[-55.336719,-10.314649],[-55.336599,-10.314907],[-55.336559,-10.31498],[-55.336542,-10.315073],[-55.33655,-10.315231],[-55.336591,-10.315313],[-55.336778,-10.315474],[-55.336983,-10.315674],[-55.337113,-10.315854]]],[[[-55.350242,-10.306792],[-55.35026,-10.306767],[-55.350286,-10.306697],[-55.350293,-10.306532],[-55.35031,-10.306277],[-55.3503647,-10.3062048],[-55.3503647,-10.3059855],[-55.350351,-10.305782],[-55.350392,-10.305387],[-55.350405,-10.304997],[-55.350425,-10.30479],[-55.350439,-10.304553],[-55.35047,-10.304131],[-55.350502,-10.3039856],[-55.3505211,-10.3037596],[-55.3505325,-10.3035746],[-55.350527,-10.303288],[-55.350518,-10.303134],[-55.3504295,-10.3029175],[-55.3502998,-10.3027458],[-55.3501244,-10.3025408],[-55.34995,-10.302289],[-55.349758,-10.301973],[-55.349549,-10.301671],[-55.34935,-10.301376],[-55.349117,-10.301058],[-55.348748,-10.30057],[-55.348574,-10.300381],[-55.3484955,-10.3002539],[-55.348408,-10.300148],[-55.348188,-10.299842],[-55.348113,-10.299713],[-55.347746,-10.299276],[-55.347441,-10.298914],[-55.347194,-10.298649],[-55.347025,-10.298399],[-55.3469,-10.298237],[-55.346738,-10.298088],[-55.346411,-10.297876],[-55.346268,-10.297772],[-55.346144,-10.297701],[-55.345992,-10.297678],[-55.345886,-10.297671],[-55.345835,-10.297658],[-55.345798,-10.297655],[-55.345784,-10.297716],[-55.345811,-10.297781],[-55.345843,-10.297853],[-55.345905,-10.297988],[-55.346004,-10.298182],[-55.346136,-10.298409],[-55.346281,-10.298709],[-55.346401,-10.298956],[-55.34662,-10.299427],[-55.346794,-10.299791],[-55.347127,-10.300477],[-55.347384,-10.301003],[-55.347596,-10.301432],[-55.347837,-10.301908],[-55.34804,-10.302316],[-55.3482,-10.302652],[-55.348437,-10.30314],[-55.34864,-10.303548],[-55.348894,-10.304057],[-55.349027,-10.304338],[-55.349235,-10.304762],[-55.349442,-10.305184],[-55.349662,-10.305625],[-55.349814,-10.305936],[-55.349916,-10.306147],[-55.350061,-10.306486],[-55.350124,-10.306632],[-55.350202,-10.306771],[-55.350242,-10.306792]]]]}},{"type":"Feature","properties":{"id":"sela1_shape_t2","fazenda_id":"p_sela1","talhao":"T02 - Sede Nova","nome":"T02 - Sede Nova","ano":2025,"area_hectares":192.8,"fonte":"SHP Fazenda_Sela_de_Prata_I_poly","partes":6},"geometry":{"type":"MultiPolygon","coordinates":[[[[-55.334614,-10.290438],[-55.3347054,-10.2903519],[-55.334838,-10.290264],[-55.334976,-10.290163],[-55.335077,-10.290084],[-55.335166,-10.290016],[-55.335279,-10.289934],[-55.335399,-10.289842],[-55.335552,-10.289729],[-55.335679,-10.289636],[-55.335788,-10.289555],[-55.335894,-10.289481],[-55.335959,-10.28943],[-55.336057,-10.289359],[-55.336142,-10.289301],[-55.3361931,-10.2892752],[-55.336252,-10.28921],[-55.336304,-10.289155],[-55.336351,-10.289136],[-55.336296,-10.289034],[-55.336229,-10.288982],[-55.336165,-10.28896],[-55.336116,-10.288966],[-55.336074,-10.288987],[-55.336038,-10.289016],[-55.335945,-10.289084],[-55.335837,-10.289161],[-55.335758,-10.28922],[-55.33568,-10.28928],[-55.335596,-10.289339],[-55.335513,-10.289403],[-55.335427,-10.289465],[-55.335252,-10.289593],[-55.335131,-10.289687],[-55.335006,-10.289783],[-55.33495,-10.289824],[-55.334849,-10.289896],[-55.334756,-10.289968],[-55.334617,-10.290064],[-55.33447,-10.290177],[-55.334372,-10.290254],[-55.334314,-10.290299],[-55.334264,-10.290338],[-55.334213,-10.290377],[-55.334042,-10.290501],[-55.333988,-10.290537],[-55.333949,-10.290561],[-55.333922,-10.290576],[-55.333909,-10.290596],[-55.333929,-10.290635],[-55.333951,-10.290652],[-55.33398,-10.290669],[-55.334011,-10.29069],[-55.334043,-10.290702],[-55.334073,-10.290711],[-55.334104,-10.290716],[-55.334137,-10.290718],[-55.334199,-10.290724],[-55.334238,-10.290712],[-55.334281,-10.290685],[-55.334358,-10.290629],[-55.334438,-10.290573],[-55.334527,-10.290506],[-55.334614,-10.290438]]],[[[-55.335553,-10.291925],[-55.335509,-10.291967],[-55.335553,-10.291925],[-55.335593,-10.291881],[-55.335628,-10.291836],[-55.335662,-10.291784],[-55.335682,-10.29172],[-55.335705,-10.291666],[-55.335736,-10.291619],[-55.335775,-10.291583],[-55.335826,-10.291557],[-55.3359108,-10.2915354],[-55.335947,-10.29154],[-55.336002,-10.291557],[-55.336044,-10.291591],[-55.336071,-10.2916231],[-55.336121,-10.291695],[-55.336178,-10.291766],[-55.3361969,-10.2917814],[-55.336244,-10.291853],[-55.336303,-10.291976],[-55.336332,-10.292034],[-55.336367,-10.292121],[-55.336394,-10.292185],[-55.336501,-10.292396],[-55.336565,-10.292449],[-55.336672,-10.292407],[-55.336889,-10.292261],[-55.337018,-10.292176],[-55.337112,-10.292121],[-55.3371735,-10.2920866],[-55.337279,-10.292025],[-55.337337,-10.291991],[-55.337381,-10.291962],[-55.337413,-10.29194],[-55.337462,-10.291905],[-55.337434,-10.291849],[-55.337391,-10.291814],[-55.337338,-10.291749],[-55.337298,-10.291664],[-55.337404,-10.291537],[-55.337497,-10.291472],[-55.337577,-10.291406],[-55.3376236,-10.2913303],[-55.3376236,-10.2912216],[-55.33757,-10.291125],[-55.337531,-10.291059],[-55.337483,-10.290997],[-55.337416,-10.29093],[-55.337382,-10.290888],[-55.337315,-10.290744],[-55.337263,-10.290624],[-55.337126,-10.29036],[-55.337036,-10.29021],[-55.336878,-10.28995],[-55.336675,-10.289632],[-55.3365898,-10.2895088],[-55.336507,-10.289376],[-55.336398,-10.289258],[-55.336366,-10.289254],[-55.336321,-10.289258],[-55.336273,-10.289269],[-55.336188,-10.289317],[-55.336136,-10.289353],[-55.33601,-10.2894392],[-55.335917,-10.289518],[-55.335771,-10.289626],[-55.335601,-10.289752],[-55.335482,-10.289842],[-55.335339,-10.289947],[-55.335165,-10.290077],[-55.334949,-10.290245],[-55.334817,-10.290351],[-55.334671,-10.29046],[-55.334571,-10.290537],[-55.334458,-10.290618],[-55.334371,-10.290684],[-55.334269,-10.290778],[-55.33424,-10.290845],[-55.334238,-10.290889],[-55.3342514,-10.2909651],[-55.334376,-10.291137],[-55.334555,-10.291335],[-55.334645,-10.29144],[-55.334701,-10.291506],[-55.334756,-10.291568],[-55.334875,-10.291706],[-55.334989,-10.291845],[-55.335062,-10.291956],[-55.335118,-10.292022],[-55.335206,-10.292079],[-55.335299,-10.292085],[-55.335338,-10.292076],[-55.335467,-10.292005],[-55.335509,-10.291967],[-55.335553,-10.291925]]],[[[-55.33751,-10.291916],[-55.337116,-10.29217],[-55.337033,-10.292226],[-55.33694,-10.292286],[-55.3368607,-10.2923479],[-55.336745,-10.292416],[-55.33666,-10.292478],[-55.336576,-10.292529],[-55.336525,-10.292564],[-55.336487,-10.292599],[-55.336468,-10.292638],[-55.336461,-10.29269],[-55.336464,-10.29275],[-55.336477,-10.292813],[-55.336485,-10.292855],[-55.336483,-10.2929144],[-55.336475,-10.292962],[-55.336473,-10.293018],[-55.336482,-10.293074],[-55.336529,-10.293184],[-55.336627,-10.29327],[-55.336742,-10.293374],[-55.336807,-10.293494],[-55.336837,-10.293656],[-55.336914,-10.293833],[-55.336993,-10.293999],[-55.337072,-10.294152],[-55.337146,-10.294301],[-55.337173,-10.294374],[-55.337254,-10.294617],[-55.337294,-10.294751],[-55.33743,-10.295101],[-55.337537,-10.295278],[-55.337617,-10.295379],[-55.337718,-10.29547],[-55.3377876,-10.295517],[-55.337895,-10.295599],[-55.338035,-10.295695],[-55.3381653,-10.2958012],[-55.338194,-10.295836],[-55.338424,-10.295976],[-55.338599,-10.296047],[-55.3388863,-10.2961531],[-55.3390465,-10.2962027],[-55.339225,-10.296258],[-55.339431,-10.296296],[-55.339506,-10.296308],[-55.339566,-10.296318],[-55.339653,-10.296358],[-55.3397293,-10.2963896],[-55.339768,-10.296416],[-55.339834,-10.296452],[-55.339896,-10.296484],[-55.339962,-10.296513],[-55.340027,-10.296538],[-55.34015,-10.29658],[-55.340286,-10.296603],[-55.340413,-10.296604],[-55.34054,-10.296617],[-55.340641,-10.296652],[-55.3407516,-10.2967091],[-55.340896,-10.296735],[-55.340996,-10.296744],[-55.3410568,-10.2967482],[-55.341225,-10.296721],[-55.341346,-10.296695],[-55.341438,-10.29668],[-55.341643,-10.296631],[-55.341902,-10.296567],[-55.342038,-10.296549],[-55.34219,-10.296521],[-55.342275,-10.296506],[-55.342391,-10.296486],[-55.34254,-10.296457],[-55.342668,-10.296441],[-55.3427582,-10.2964506],[-55.342931,-10.296392],[-55.343065,-10.29637],[-55.34321,-10.296355],[-55.343489,-10.296349],[-55.34365,-10.296333],[-55.34377,-10.296326],[-55.344011,-10.29631],[-55.344172,-10.296294],[-55.344335,-10.296278],[-55.344493,-10.296257],[-55.344619,-10.296245],[-55.344712,-10.296232],[-55.3448,-10.296209],[-55.34487,-10.29618],[-55.344935,-10.296133],[-55.344976,-10.296097],[-55.345012,-10.296061],[-55.345028,-10.296025],[-55.345005,-10.295957],[-55.344922,-10.29583],[-55.344814,-10.295706],[-55.34476,-10.295651],[-55.344662,-10.295547],[-55.344542,-10.295423],[-55.344436,-10.295316],[-55.3443222,-10.2952166],[-55.344163,-10.295049],[-55.344031,-10.294924],[-55.3439,-10.294802],[-55.343783,-10.294694],[-55.343635,-10.294559],[-55.343474,-10.294415],[-55.343315,-10.294277],[-55.3432274,-10.2942019],[-55.343067,-10.294065],[-55.342928,-10.29395],[-55.342823,-10.293862],[-55.342506,-10.293602],[-55.3423576,-10.2934885],[-55.342134,-10.293309],[-55.3419495,-10.2931557],[-55.341543,-10.292848],[-55.341352,-10.292698],[-55.341108,-10.292503],[-55.34087,-10.292308],[-55.340632,-10.292112],[-55.34042,-10.29194],[-55.340169,-10.291729],[-55.339986,-10.291573],[-55.339884,-10.291492],[-55.339818,-10.291465],[-55.339716,-10.291525],[-55.339653,-10.291577],[-55.339541,-10.291639],[-55.339451,-10.291663],[-55.339371,-10.291648],[-55.339301,-10.291612],[-55.3392754,-10.2915764],[-55.3391876,-10.2915249],[-55.339058,-10.291438],[-55.3390121,-10.2914305],[-55.338897,-10.29133],[-55.338767,-10.291209],[-55.33871,-10.29114],[-55.3386421,-10.2911348],[-55.338546,-10.291191],[-55.3384476,-10.2912817],[-55.338362,-10.291328],[-55.338141,-10.291486],[-55.3380737,-10.2915363],[-55.337883,-10.291673],[-55.337762,-10.291757],[-55.337644,-10.291837],[-55.33751,-10.291916]]],[[[-55.348522,-10.281274],[-55.34846,-10.2811],[-55.348415,-10.280976],[-55.348366,-10.280899],[-55.348315,-10.280853],[-55.348241,-10.280812],[-55.348149,-10.280791],[-55.348021,-10.280805],[-55.347841,-10.280854],[-55.347597,-10.280933],[-55.34746,-10.280977],[-55.347367,-10.28102],[-55.347328,-10.281051],[-55.347299,-10.281096],[-55.347279,-10.28114],[-55.347288,-10.281321],[-55.347325,-10.281436],[-55.3473473,-10.2814941],[-55.347411,-10.281647],[-55.347474,-10.281787],[-55.347575,-10.282074],[-55.347626,-10.282211],[-55.347748,-10.2824],[-55.347908,-10.282576],[-55.348033,-10.282715],[-55.348187,-10.28288],[-55.348309,-10.283004],[-55.348428,-10.283117],[-55.3484573,-10.2831507],[-55.348548,-10.283204],[-55.348719,-10.283207],[-55.349236,-10.283192],[-55.349416,-10.283189],[-55.349509,-10.283185],[-55.349601,-10.283176],[-55.349648,-10.28314],[-55.349508,-10.282936],[-55.349267,-10.282634],[-55.349004,-10.282291],[-55.348947,-10.28222],[-55.348823,-10.282028],[-55.348741,-10.281859],[-55.348522,-10.281274]]],[[[-55.348164,-10.282896],[-55.347706,-10.282417],[-55.34762,-10.282312],[-55.347579,-10.282217],[-55.347554,-10.282147],[-55.347538,-10.282108],[-55.347513,-10.282045],[-55.34749,-10.282027],[-55.347382,-10.281984],[-55.347322,-10.281992],[-55.347182,-10.282025],[-55.346401,-10.282221],[-55.346164,-10.28228],[-55.345951,-10.282338],[-55.345923,-10.282336],[-55.345916,-10.282317],[-55.345928,-10.282297],[-55.345995,-10.282275],[-55.346141,-10.282236],[-55.34647,-10.282152],[-55.346672,-10.282103],[-55.346866,-10.282053],[-55.347113,-10.281989],[-55.347306,-10.281927],[-55.347366,-10.281905],[-55.347409,-10.281865],[-55.347416,-10.2818],[-55.347398,-10.281732],[-55.347352,-10.281628],[-55.347315,-10.281558],[-55.3473,-10.281533],[-55.347279,-10.281518],[-55.3472,-10.281517],[-55.347078,-10.281542],[-55.347018,-10.281553],[-55.346784,-10.281615],[-55.346526,-10.281685],[-55.346073,-10.281798],[-55.34574,-10.281895],[-55.345398,-10.282004],[-55.345143,-10.282096],[-55.344905,-10.282187],[-55.34475,-10.282248],[-55.344505,-10.282351],[-55.343784,-10.282754],[-55.343548,-10.282938],[-55.343307,-10.283128],[-55.342544,-10.283654],[-55.342419,-10.283731],[-55.342285,-10.283812],[-55.342242,-10.283833],[-55.342218,-10.283854],[-55.3422,-10.283857],[-55.342206,-10.283827],[-55.342237,-10.283807],[-55.342272,-10.283786],[-55.34248,-10.283655],[-55.342682,-10.283524],[-55.342975,-10.283324],[-55.343144,-10.283198],[-55.34333,-10.283054],[-55.343519,-10.282902],[-55.343674,-10.282778],[-55.34388,-10.282636],[-55.344204,-10.282447],[-55.344285,-10.282408],[-55.344358,-10.282366],[-55.344489,-10.282299],[-55.344637,-10.282235],[-55.344772,-10.282172],[-55.345519,-10.281896],[-55.34587,-10.281781],[-55.34608,-10.281736],[-55.346283,-10.281683],[-55.346438,-10.28165],[-55.346649,-10.281595],[-55.346892,-10.281536],[-55.347005,-10.281507],[-55.347121,-10.281464],[-55.347174,-10.281378],[-55.347183,-10.281276],[-55.347152,-10.281197],[-55.34709,-10.28113],[-55.347023,-10.281085],[-55.346944,-10.281057],[-55.346857,-10.281058],[-55.346714,-10.281089],[-55.346598,-10.281131],[-55.346423,-10.281164],[-55.346192,-10.281226],[-55.346092,-10.281265],[-55.345947,-10.281326],[-55.345816,-10.281345],[-55.345661,-10.281381],[-55.345517,-10.281414],[-55.34543,-10.281441],[-55.345349,-10.281503],[-55.345246,-10.281557],[-55.345096,-10.281554],[-55.344869,-10.281613],[-55.344751,-10.28165],[-55.344441,-10.281769],[-55.344248,-10.281853],[-55.344005,-10.281971],[-55.343892,-10.282036],[-55.343667,-10.282174],[-55.343426,-10.282336],[-55.343227,-10.282479],[-55.343106,-10.282558],[-55.342867,-10.28273],[-55.342737,-10.282829],[-55.342506,-10.283022],[-55.342423,-10.283096],[-55.342334,-10.283177],[-55.34225,-10.283298],[-55.342185,-10.283392],[-55.342147,-10.283432],[-55.342113,-10.283467],[-55.342071,-10.283509],[-55.342037,-10.283553],[-55.341982,-10.283597],[-55.34197,-10.283613],[-55.341962,-10.283632],[-55.341956,-10.283653],[-55.341956,-10.283667],[-55.341971,-10.283701],[-55.342004,-10.28381],[-55.342017,-10.283843],[-55.342028,-10.283873],[-55.342041,-10.283892],[-55.342072,-10.28391],[-55.342112,-10.283901],[-55.342144,-10.283895],[-55.342146,-10.283923],[-55.342121,-10.283959],[-55.342109,-10.283998],[-55.34212,-10.284044],[-55.342166,-10.284118],[-55.342229,-10.284215],[-55.342282,-10.284226],[-55.34243,-10.284125],[-55.342682,-10.283952],[-55.342843,-10.283835],[-55.343047,-10.283681],[-55.343236,-10.283533],[-55.343527,-10.283291],[-55.343723,-10.283131],[-55.343854,-10.283053],[-55.34397,-10.283007],[-55.344135,-10.282974],[-55.344303,-10.282973],[-55.344444,-10.282985],[-55.344775,-10.283026],[-55.346215,-10.283166],[-55.346463,-10.283182],[-55.347075,-10.283197],[-55.347347,-10.283205],[-55.347374,-10.2832041],[-55.347438,-10.2832],[-55.3475037,-10.2831669],[-55.347627,-10.283153],[-55.347718,-10.283151],[-55.347867,-10.283155],[-55.34824,-10.283146],[-55.348271,-10.283142],[-55.3483,-10.283132],[-55.348317,-10.283115],[-55.348316,-10.283089],[-55.348306,-10.283062],[-55.348292,-10.283038],[-55.348255,-10.282998],[-55.348216,-10.282952],[-55.348164,-10.282896]]],[[[-55.3366,-10.288569],[-55.336387,-10.288751],[-55.336352,-10.288818],[-55.33635,-10.288884],[-55.336375,-10.288965],[-55.3364677,-10.2891254],[-55.336552,-10.289285],[-55.336778,-10.289641],[-55.336928,-10.289872],[-55.337185,-10.290292],[-55.337212,-10.290333],[-55.3372421,-10.2903576],[-55.337402,-10.290331],[-55.3375511,-10.2902565],[-55.337623,-10.290202],[-55.338154,-10.289913],[-55.338366,-10.289794],[-55.338471,-10.289732],[-55.338508,-10.289733],[-55.338529,-10.289754],[-55.338561,-10.289833],[-55.338607,-10.289922],[-55.338653,-10.289999],[-55.338702,-10.290076],[-55.338742,-10.290126],[-55.33878,-10.29016],[-55.33889,-10.290217],[-55.338988,-10.290267],[-55.3390541,-10.2903404],[-55.339072,-10.290396],[-55.339176,-10.29065],[-55.339213,-10.290771],[-55.339262,-10.290901],[-55.339338,-10.290998],[-55.339426,-10.291074],[-55.33952,-10.291151],[-55.339623,-10.291232],[-55.339778,-10.291356],[-55.339925,-10.29147],[-55.340099,-10.291616],[-55.340383,-10.291853],[-55.340595,-10.292027],[-55.340792,-10.292188],[-55.340964,-10.292329],[-55.341178,-10.292504],[-55.3414,-10.292681],[-55.341582,-10.292823],[-55.341868,-10.293051],[-55.342193,-10.293306],[-55.342436,-10.293501],[-55.342888,-10.293865],[-55.343128,-10.294063],[-55.343437,-10.294326],[-55.343714,-10.294575],[-55.343985,-10.294831],[-55.34422,-10.295054],[-55.344414,-10.29524],[-55.344563,-10.295381],[-55.34465,-10.295463],[-55.344772,-10.295584],[-55.344903,-10.295733],[-55.344978,-10.295828],[-55.345023,-10.295898],[-55.345068,-10.295959],[-55.34517,-10.295979],[-55.345216,-10.295968],[-55.345493,-10.29586],[-55.346455,-10.295649],[-55.346592,-10.295603],[-55.346917,-10.295409],[-55.3471,-10.29523],[-55.347408,-10.294885],[-55.347603,-10.294655],[-55.347744,-10.29448],[-55.347869,-10.294317],[-55.348032,-10.294058],[-55.348257,-10.293835],[-55.348594,-10.293483],[-55.348999,-10.293078],[-55.3492012,-10.2929163],[-55.349412,-10.292603],[-55.349479,-10.29252],[-55.349597,-10.292284],[-55.3495483,-10.292037],[-55.349404,-10.291661],[-55.349497,-10.291446],[-55.349778,-10.291217],[-55.350017,-10.291031],[-55.350152,-10.29091],[-55.3502579,-10.2908802],[-55.350359,-10.290715],[-55.350464,-10.290607],[-55.3505745,-10.2905226],[-55.350651,-10.290417],[-55.350738,-10.289375],[-55.350727,-10.289097],[-55.350777,-10.28882],[-55.35086,-10.28856],[-55.35093,-10.288386],[-55.351089,-10.288202],[-55.351153,-10.288007],[-55.351157,-10.28786],[-55.351169,-10.287636],[-55.351152,-10.287461],[-55.351083,-10.287214],[-55.351063,-10.286992],[-55.351189,-10.286732],[-55.351441,-10.286289],[-55.35153,-10.286004],[-55.351554,-10.28588],[-55.351495,-10.28572],[-55.351474,-10.285666],[-55.351419,-10.285558],[-55.351358,-10.285481],[-55.351298,-10.285406],[-55.351259,-10.285332],[-55.351167,-10.285223],[-55.35106,-10.285105],[-55.35088,-10.284907],[-55.350735,-10.284808],[-55.350688,-10.284772],[-55.350626,-10.284721],[-55.350578,-10.284664],[-55.350512,-10.284567],[-55.350451,-10.284464],[-55.350178,-10.284011],[-55.350055,-10.283814],[-55.349989,-10.28371],[-55.349954,-10.28365],[-55.349925,-10.283598],[-55.349893,-10.283547],[-55.349855,-10.283499],[-55.349815,-10.283462],[-55.349767,-10.283427],[-55.349517,-10.283415],[-55.349415,-10.283416],[-55.349224,-10.283415],[-55.349167,-10.283412],[-55.349124,-10.283417],[-55.349088,-10.283449],[-55.349121,-10.28352],[-55.349233,-10.283713],[-55.349671,-10.284476],[-55.349855,-10.284799],[-55.350018,-10.285088],[-55.350188,-10.285388],[-55.350231,-10.285467],[-55.350276,-10.285544],[-55.350322,-10.285626],[-55.350363,-10.285698],[-55.350395,-10.285753],[-55.350419,-10.285786],[-55.350423,-10.285816],[-55.350406,-10.285824],[-55.350367,-10.285798],[-55.350351,-10.285761],[-55.350281,-10.285633],[-55.350226,-10.285531],[-55.349995,-10.285134],[-55.349853,-10.28489],[-55.349706,-10.284637],[-55.349516,-10.284308],[-55.349323,-10.283965],[-55.349193,-10.283738],[-55.34916,-10.283677],[-55.349128,-10.283618],[-55.3491,-10.283572],[-55.349074,-10.283525],[-55.3490334,-10.2834406],[-55.349006,-10.28343],[-55.348948,-10.283426],[-55.348881,-10.283424],[-55.3488388,-10.2834244],[-55.348788,-10.283423],[-55.348744,-10.283423],[-55.348709,-10.283429],[-55.348687,-10.283441],[-55.348678,-10.28346],[-55.348687,-10.283481],[-55.348709,-10.283521],[-55.348757,-10.283629],[-55.348797,-10.28372],[-55.348957,-10.284067],[-55.349134,-10.284456],[-55.349265,-10.284741],[-55.349505,-10.285181],[-55.349665,-10.285467],[-55.349711,-10.285547],[-55.349743,-10.285595],[-55.349769,-10.285646],[-55.3497925,-10.285675],[-55.349795,-10.28571],[-55.349773,-10.285717],[-55.34974,-10.285671],[-55.349715,-10.285632],[-55.349648,-10.285521],[-55.349446,-10.285169],[-55.349238,-10.284794],[-55.349101,-10.284502],[-55.348934,-10.284145],[-55.348835,-10.283929],[-55.348776,-10.283799],[-55.348714,-10.283653],[-55.348687,-10.283603],[-55.348666,-10.283557],[-55.348646,-10.283514],[-55.348627,-10.283483],[-55.348606,-10.283452],[-55.348575,-10.283444],[-55.348465,-10.283448],[-55.34837,-10.28345],[-55.348288,-10.28345],[-55.3482056,-10.2834473],[-55.348168,-10.283453],[-55.34814,-10.283458],[-55.348122,-10.283474],[-55.348121,-10.283497],[-55.348163,-10.283591],[-55.348179,-10.283627],[-55.348247,-10.283757],[-55.348332,-10.283916],[-55.348547,-10.284337],[-55.348847,-10.284961],[-55.348955,-10.28519],[-55.349036,-10.285353],[-55.34921,-10.28569],[-55.349225,-10.285722],[-55.349222,-10.285756],[-55.349183,-10.285732],[-55.349159,-10.285692],[-55.3490791,-10.2855673],[-55.348958,-10.285283],[-55.348736,-10.284827],[-55.348664,-10.284679],[-55.348503,-10.284341],[-55.348381,-10.284101],[-55.348243,-10.283832],[-55.348137,-10.283633],[-55.348086,-10.283528],[-55.348066,-10.283485],[-55.348053,-10.283452],[-55.348054,-10.28343],[-55.348067,-10.283413],[-55.348092,-10.283418],[-55.348137,-10.283417],[-55.348236,-10.283413],[-55.348494,-10.283406],[-55.348716,-10.283398],[-55.34906,-10.283392],[-55.349303,-10.283389],[-55.349544,-10.283381],[-55.349664,-10.28337],[-55.349707,-10.28336],[-55.34975,-10.283341],[-55.349772,-10.283311],[-55.349775,-10.283278],[-55.349755,-10.283252],[-55.349727,-10.283238],[-55.34969,-10.283235],[-55.349638,-10.283239],[-55.34954,-10.283241],[-55.348949,-10.283249],[-55.348788,-10.283251],[-55.348537,-10.283254],[-55.348302,-10.283255],[-55.348002,-10.283252],[-55.3476486,-10.2832623],[-55.347501,-10.283257],[-55.347347,-10.283256],[-55.347142,-10.283258],[-55.346917,-10.283258],[-55.34668,-10.283251],[-55.34645,-10.283239],[-55.346191,-10.283221],[-55.345894,-10.283198],[-55.345703,-10.283181],[-55.344991,-10.283105],[-55.34475,-10.283079],[-55.3443985,-10.2830496],[-55.344128,-10.283039],[-55.3440208,-10.2830639],[-55.343881,-10.283111],[-55.343807,-10.283159],[-55.343733,-10.283211],[-55.343673,-10.283268],[-55.343615,-10.283336],[-55.343535,-10.283416],[-55.343412,-10.283512],[-55.343044,-10.283784],[-55.34274,-10.284003],[-55.342596,-10.284104],[-55.342512,-10.28416],[-55.342465,-10.284204],[-55.342433,-10.284248],[-55.342412,-10.284319],[-55.342425,-10.28437],[-55.342447,-10.284434],[-55.342471,-10.284512],[-55.342507,-10.284617],[-55.342552,-10.284703],[-55.342622,-10.28476],[-55.342691,-10.28478],[-55.343056,-10.284757],[-55.343281,-10.284709],[-55.343574,-10.284627],[-55.343802,-10.284559],[-55.344201,-10.284478],[-55.344398,-10.28448],[-55.344831,-10.284503],[-55.345186,-10.284483],[-55.345899,-10.284404],[-55.346415,-10.284353],[-55.346598,-10.284339],[-55.346825,-10.28432],[-55.346861,-10.284317],[-55.346886,-10.284322],[-55.346892,-10.284338],[-55.346879,-10.284359],[-55.346854,-10.28436],[-55.346815,-10.284363],[-55.3466415,-10.2843714],[-55.34646,-10.284388],[-55.346235,-10.284407],[-55.34587,-10.284445],[-55.345576,-10.284474],[-55.345318,-10.284506],[-55.344704,-10.284535],[-55.344529,-10.284523],[-55.344457,-10.284518],[-55.34428,-10.284511],[-55.34414,-10.28452],[-55.344061,-10.28453],[-55.343949,-10.284556],[-55.343875,-10.284578],[-55.343432,-10.284704],[-55.343042,-10.284791],[-55.342803,-10.284812],[-55.342697,-10.284818],[-55.342638,-10.284822],[-55.342596,-10.284836],[-55.342558,-10.284857],[-55.342526,-10.284889],[-55.342507,-10.284925],[-55.342479,-10.285015],[-55.342453,-10.28515],[-55.342399,-10.285356],[-55.342379,-10.285423],[-55.342371,-10.285485],[-55.342373,-10.285538],[-55.342389,-10.285586],[-55.342413,-10.285632],[-55.34245,-10.285672],[-55.342491,-10.285701],[-55.342534,-10.28572],[-55.342593,-10.285735],[-55.342768,-10.285737],[-55.342853,-10.285738],[-55.343062,-10.285726],[-55.343328,-10.28567],[-55.343529,-10.285615],[-55.343764,-10.28555],[-55.34399,-10.285487],[-55.344346,-10.28544],[-55.344676,-10.285432],[-55.345009,-10.285447],[-55.345285,-10.285438],[-55.345555,-10.2854],[-55.3459,-10.285367],[-55.346231,-10.285345],[-55.346441,-10.285319],[-55.346497,-10.285316],[-55.346544,-10.285312],[-55.3466,-10.285303],[-55.346645,-10.285294],[-55.346688,-10.285287],[-55.34671,-10.285291],[-55.346712,-10.285304],[-55.346669,-10.285329],[-55.346492,-10.285352],[-55.346312,-10.285375],[-55.346147,-10.285389],[-55.34588,-10.285409],[-55.345671,-10.285425],[-55.345415,-10.285467],[-55.345201,-10.285493],[-55.345056,-10.28549],[-55.34469,-10.285472],[-55.344334,-10.285484],[-55.344117,-10.285509],[-55.344012,-10.285524],[-55.343919,-10.285547],[-55.343797,-10.285581],[-55.343591,-10.285638],[-55.343272,-10.285729],[-55.342815,-10.285779],[-55.342522,-10.285774],[-55.342431,-10.285777],[-55.342364,-10.285788],[-55.342299,-10.28582],[-55.342241,-10.285876],[-55.342167,-10.286013],[-55.342072,-10.286197],[-55.342039,-10.286255],[-55.34201,-10.286317],[-55.34199,-10.286377],[-55.341972,-10.286443],[-55.341977,-10.286494],[-55.341992,-10.286537],[-55.342021,-10.286579],[-55.342059,-10.286609],[-55.342098,-10.286628],[-55.342144,-10.286631],[-55.342202,-10.286633],[-55.342529,-10.286624],[-55.342874,-10.286608],[-55.343022,-10.286589],[-55.343206,-10.286559],[-55.343481,-10.286508],[-55.343822,-10.286467],[-55.343969,-10.28645],[-55.34415,-10.286425],[-55.3444061,-10.2864103],[-55.344605,-10.28642],[-55.344753,-10.286419],[-55.345245,-10.286377],[-55.345697,-10.286346],[-55.345972,-10.286324],[-55.346032,-10.286318],[-55.346088,-10.286309],[-55.346135,-10.286304],[-55.346177,-10.2863],[-55.346212,-10.286295],[-55.346225,-10.286302],[-55.346215,-10.286315],[-55.346194,-10.286324],[-55.34617,-10.286326],[-55.346046,-10.286344],[-55.345944,-10.286354],[-55.345852,-10.286366],[-55.345601,-10.28639],[-55.345252,-10.286422],[-55.345013,-10.286451],[-55.344455,-10.286454],[-55.344151,-10.28647],[-55.343964,-10.286495],[-55.343706,-10.286524],[-55.343331,-10.286583],[-55.342968,-10.286643],[-55.342602,-10.286668],[-55.342346,-10.286669],[-55.342065,-10.286671],[-55.341965,-10.286672],[-55.341776,-10.286711],[-55.341692,-10.286756],[-55.341629,-10.286802],[-55.341572,-10.286857],[-55.341521,-10.286916],[-55.341487,-10.286965],[-55.341446,-10.287043],[-55.341415,-10.287176],[-55.341528,-10.287562],[-55.341569,-10.287587],[-55.34162,-10.287601],[-55.341662,-10.287604],[-55.341729,-10.287606],[-55.341871,-10.28761],[-55.342046,-10.287611],[-55.342215,-10.287611],[-55.342364,-10.287606],[-55.342562,-10.287593],[-55.343088,-10.287545],[-55.34324,-10.287521],[-55.343521,-10.287477],[-55.343743,-10.287448],[-55.344067,-10.287406],[-55.344376,-10.28737],[-55.344601,-10.287365],[-55.344841,-10.287354],[-55.345115,-10.287342],[-55.345346,-10.287331],[-55.345423,-10.287326],[-55.345491,-10.287321],[-55.345559,-10.287317],[-55.345626,-10.287316],[-55.345673,-10.287316],[-55.34571,-10.287319],[-55.345725,-10.287332],[-55.345722,-10.287352],[-55.345706,-10.287368],[-55.345671,-10.287372],[-55.345593,-10.28738],[-55.345439,-10.287385],[-55.345231,-10.287391],[-55.344962,-10.2874],[-55.3446007,-10.2874146],[-55.344448,-10.287413],[-55.344225,-10.287428],[-55.344021,-10.287459],[-55.343562,-10.287522],[-55.343176,-10.287574],[-55.342738,-10.287611],[-55.342407,-10.287632],[-55.341956,-10.287645],[-55.341576,-10.287642],[-55.341503,-10.287632],[-55.341479,-10.287606],[-55.341463,-10.287565],[-55.341439,-10.287494],[-55.341407,-10.287412],[-55.341368,-10.287346],[-55.341301,-10.287289],[-55.341222,-10.287245],[-55.341144,-10.287224],[-55.341058,-10.287208],[-55.34098,-10.287206],[-55.340889,-10.287211],[-55.340792,-10.287214],[-55.340651,-10.287219],[-55.34052,-10.287225],[-55.340441,-10.287219],[-55.340382,-10.287195],[-55.340314,-10.287154],[-55.3402,-10.287062],[-55.339991,-10.286895],[-55.339715,-10.286665],[-55.339661,-10.286602],[-55.339642,-10.286567],[-55.339623,-10.286556],[-55.339602,-10.28656],[-55.339574,-10.286575],[-55.339554,-10.286591],[-55.339545,-10.286629],[-55.3396263,-10.2867451],[-55.33971,-10.286847],[-55.339887,-10.287063],[-55.340299,-10.28757],[-55.340596,-10.287931],[-55.340796,-10.288174],[-55.340842,-10.28823],[-55.340879,-10.288271],[-55.340902,-10.288299],[-55.340888,-10.288338],[-55.340867,-10.28832],[-55.340821,-10.288261],[-55.340757,-10.288179],[-55.340672,-10.288077],[-55.340545,-10.287921],[-55.340095,-10.287383],[-55.33987,-10.287107],[-55.339643,-10.286821],[-55.3395996,-10.2867842],[-55.339569,-10.286721],[-55.339545,-10.286689],[-55.339524,-10.286668],[-55.339503,-10.286656],[-55.339482,-10.286666],[-55.339456,-10.286686],[-55.339387,-10.286733],[-55.339243,-10.286836],[-55.339209,-10.28686],[-55.339185,-10.286881],[-55.339171,-10.286906],[-55.339184,-10.28693],[-55.339278,-10.287052],[-55.33944,-10.287253],[-55.339506,-10.287338],[-55.339546,-10.28739],[-55.339585,-10.287438],[-55.339619,-10.287477],[-55.339659,-10.287509],[-55.339684,-10.28753],[-55.339688,-10.287559],[-55.33967,-10.287576],[-55.339644,-10.287572],[-55.339623,-10.287541],[-55.339576,-10.287479],[-55.33952,-10.287404],[-55.33937,-10.287219],[-55.339197,-10.287012],[-55.339169,-10.286979],[-55.339141,-10.28695],[-55.339127,-10.28692],[-55.339137,-10.286887],[-55.339176,-10.286859],[-55.339319,-10.28675],[-55.339465,-10.286637],[-55.339563,-10.286564],[-55.339601,-10.286542],[-55.3396111,-10.2865143],[-55.339605,-10.286492],[-55.339583,-10.286463],[-55.339557,-10.286445],[-55.339528,-10.28644],[-55.339489,-10.286446],[-55.339449,-10.286452],[-55.339385,-10.286483],[-55.338948,-10.286809],[-55.338406,-10.28722],[-55.338034,-10.28749],[-55.337403,-10.287959],[-55.337011,-10.288259],[-55.336854,-10.28838],[-55.3366,-10.288569]]]]}},{"type":"Feature","properties":{"id":"sela1_shape_t3","fazenda_id":"p_sela1","talhao":"T03 - Sede Velha 90","nome":"T03 - Sede Velha 90","ano":2025,"area_hectares":103.6,"fonte":"SHP Fazenda_Sela_de_Prata_I_poly","partes":3},"geometry":{"type":"MultiPolygon","coordinates":[[[[-55.354258,-10.283199],[-55.354076,-10.283195],[-55.353914,-10.283202],[-55.353671,-10.283209],[-55.353106,-10.283219],[-55.35296,-10.28322],[-55.352242,-10.28322],[-55.351473,-10.283226],[-55.351051,-10.28323],[-55.350974,-10.283239],[-55.350912,-10.283274],[-55.350898,-10.283324],[-55.350913,-10.2834],[-55.350992,-10.283567],[-55.351075,-10.28367],[-55.3511353,-10.2837343],[-55.351273,-10.283879],[-55.351398,-10.284015],[-55.351605,-10.284227],[-55.351836,-10.284437],[-55.352107,-10.28458],[-55.352308,-10.284601],[-55.352508,-10.284582],[-55.352611,-10.284569],[-55.352655,-10.284564],[-55.352895,-10.284517],[-55.35295,-10.284509],[-55.353046,-10.284474],[-55.353191,-10.284368],[-55.353372,-10.284216],[-55.353586,-10.284097],[-55.3536911,-10.2840462],[-55.353791,-10.284043],[-55.353907,-10.283994],[-55.354037,-10.283919],[-55.35411,-10.283865],[-55.354155,-10.283811],[-55.3541985,-10.2837057],[-55.354254,-10.283525],[-55.354278,-10.283437],[-55.354294,-10.283347],[-55.354313,-10.283247],[-55.354309,-10.283226],[-55.35429,-10.283209],[-55.354258,-10.283199]]],[[[-55.356748,-10.283172],[-55.35663,-10.283179],[-55.356224,-10.283185],[-55.355579,-10.283181],[-55.355331,-10.283171],[-55.355035,-10.283156],[-55.355017,-10.283164],[-55.355024,-10.283201],[-55.355031,-10.283245],[-55.35505,-10.283316],[-55.355139,-10.283465],[-55.355179,-10.28352],[-55.355325,-10.283606],[-55.355708,-10.283709],[-55.355742,-10.283758],[-55.355802,-10.283762],[-55.355963,-10.28375],[-55.3561,-10.283722],[-55.356293,-10.283669],[-55.356629,-10.283512],[-55.356722,-10.283423],[-55.356764,-10.283332],[-55.356788,-10.283247],[-55.356778,-10.283181],[-55.356748,-10.283172]]],[[[-55.357072,-10.278223],[-55.357149,-10.278334],[-55.35728,-10.278514],[-55.357394,-10.278675],[-55.357531,-10.278865],[-55.357628,-10.279009],[-55.357784,-10.279234],[-55.358011,-10.279575],[-55.358191,-10.279845],[-55.358322,-10.280043],[-55.358515,-10.280353],[-55.358702,-10.280624],[-55.3589,-10.28092],[-55.359038,-10.281129],[-55.359195,-10.281366],[-55.359322,-10.281553],[-55.359464,-10.281761],[-55.359694,-10.282098],[-55.359877,-10.282377],[-55.359974,-10.282536],[-55.360079,-10.282703],[-55.360157,-10.282842],[-55.360201,-10.282942],[-55.360227,-10.283037],[-55.360237,-10.283115],[-55.360282,-10.28311],[-55.36047,-10.283113],[-55.360694,-10.28311],[-55.360914,-10.283113],[-55.361172,-10.283112],[-55.361406,-10.283088],[-55.361536,-10.283044],[-55.361663,-10.282956],[-55.361936,-10.282692],[-55.362187,-10.282446],[-55.3624,-10.282239],[-55.36268,-10.281972],[-55.362921,-10.28174],[-55.363066,-10.281597],[-55.363306,-10.281367],[-55.363693,-10.281003],[-55.363898,-10.28081],[-55.364066,-10.280659],[-55.36419,-10.28053],[-55.364297,-10.280419],[-55.364336,-10.280373],[-55.364356,-10.280313],[-55.364354,-10.280242],[-55.364329,-10.280155],[-55.364296,-10.280054],[-55.36426,-10.279933],[-55.364165,-10.279778],[-55.364052,-10.279657],[-55.363963,-10.279592],[-55.363792,-10.279546],[-55.363703,-10.279553],[-55.363634,-10.279603],[-55.363581,-10.279694],[-55.363563,-10.279791],[-55.363601,-10.279866],[-55.363704,-10.279949],[-55.3638,-10.280035],[-55.363859,-10.280115],[-55.36387,-10.280178],[-55.363842,-10.280245],[-55.363751,-10.280342],[-55.363511,-10.280574],[-55.363367,-10.28072],[-55.363214,-10.280873],[-55.362885,-10.28119],[-55.362637,-10.28143],[-55.362408,-10.281635],[-55.362257,-10.281776],[-55.362131,-10.281888],[-55.362059,-10.281936],[-55.361975,-10.281946],[-55.361862,-10.281926],[-55.361741,-10.281863],[-55.361661,-10.281759],[-55.361579,-10.281646],[-55.361494,-10.281514],[-55.361433,-10.281418],[-55.361373,-10.28133],[-55.361349,-10.2813],[-55.361347,-10.281278],[-55.361361,-10.281274],[-55.361372,-10.28128],[-55.361393,-10.281312],[-55.36145,-10.281401],[-55.361567,-10.281578],[-55.3617,-10.281756],[-55.361807,-10.281873],[-55.361919,-10.281913],[-55.362024,-10.281918],[-55.362114,-10.281869],[-55.362313,-10.281686],[-55.362449,-10.281559],[-55.362595,-10.281428],[-55.362787,-10.281244],[-55.362975,-10.281058],[-55.363216,-10.280803],[-55.363391,-10.280631],[-55.363551,-10.280469],[-55.363718,-10.280298],[-55.36379,-10.280227],[-55.363819,-10.280178],[-55.363813,-10.280119],[-55.363782,-10.280077],[-55.363724,-10.280021],[-55.36363,-10.279944],[-55.36356,-10.279883],[-55.363519,-10.279816],[-55.363516,-10.279747],[-55.363562,-10.279617],[-55.36359,-10.279545],[-55.363598,-10.279484],[-55.363587,-10.279427],[-55.363541,-10.279377],[-55.36348,-10.279333],[-55.363245,-10.279249],[-55.363131,-10.279197],[-55.363028,-10.279166],[-55.362939,-10.27915],[-55.36287,-10.279131],[-55.362807,-10.279078],[-55.362748,-10.278978],[-55.362685,-10.278823],[-55.362648,-10.278697],[-55.362615,-10.278593],[-55.362567,-10.27851],[-55.362493,-10.27845],[-55.362422,-10.278427],[-55.362327,-10.278443],[-55.362211,-10.278505],[-55.362098,-10.27857],[-55.362004,-10.278628],[-55.36194,-10.278676],[-55.361899,-10.278753],[-55.361904,-10.278829],[-55.361923,-10.278915],[-55.361936,-10.278994],[-55.36195,-10.279083],[-55.361957,-10.27914],[-55.361951,-10.279157],[-55.361941,-10.27916],[-55.36193,-10.279153],[-55.361923,-10.279116],[-55.361912,-10.27904],[-55.361887,-10.278914],[-55.361864,-10.278825],[-55.361823,-10.278743],[-55.361773,-10.278696],[-55.3617287,-10.2786674],[-55.361578,-10.278647],[-55.361452,-10.278628],[-55.36136,-10.278618],[-55.361289,-10.278611],[-55.361245,-10.278599],[-55.361247,-10.278586],[-55.361265,-10.278575],[-55.361297,-10.27858],[-55.36142,-10.278607],[-55.361543,-10.278623],[-55.36176,-10.278657],[-55.361862,-10.278651],[-55.361967,-10.278602],[-55.362095,-10.278539],[-55.362214,-10.278471],[-55.362287,-10.278424],[-55.362333,-10.278374],[-55.36236,-10.278323],[-55.362357,-10.278272],[-55.362329,-10.278206],[-55.362255,-10.278111],[-55.362023,-10.277843],[-55.361815,-10.277621],[-55.36154,-10.277311],[-55.361223,-10.276995],[-55.360947,-10.276718],[-55.360752,-10.27652],[-55.360591,-10.276381],[-55.360401,-10.276278],[-55.3601,-10.276118],[-55.359838,-10.275969],[-55.359658,-10.275905],[-55.359482,-10.275877],[-55.359364,-10.275882],[-55.359276,-10.275919],[-55.359073,-10.276104],[-55.358965,-10.276204],[-55.358757,-10.276408],[-55.358504,-10.276631],[-55.358325,-10.276809],[-55.358163,-10.276961],[-55.35807,-10.277064],[-55.358029,-10.277115],[-55.35801,-10.277182],[-55.358015,-10.277246],[-55.358062,-10.277315],[-55.358168,-10.277423],[-55.358331,-10.277567],[-55.358598,-10.277787],[-55.358828,-10.277952],[-55.35921,-10.278247],[-55.359499,-10.278471],[-55.359629,-10.278579],[-55.359722,-10.278678],[-55.359793,-10.278793],[-55.359887,-10.278954],[-55.360058,-10.279223],[-55.360208,-10.279456],[-55.360357,-10.279678],[-55.360459,-10.279837],[-55.360569,-10.280002],[-55.360637,-10.280108],[-55.360661,-10.280165],[-55.360635,-10.280159],[-55.360616,-10.280123],[-55.36055,-10.280012],[-55.360373,-10.279747],[-55.360177,-10.279452],[-55.360018,-10.279208],[-55.359834,-10.278916],[-55.359733,-10.27874],[-55.359639,-10.27861],[-55.359534,-10.278525],[-55.359347,-10.278375],[-55.359125,-10.278201],[-55.358951,-10.278066],[-55.358626,-10.277833],[-55.358419,-10.277673],[-55.358233,-10.277513],[-55.358094,-10.277393],[-55.357977,-10.277304],[-55.357919,-10.277273],[-55.35783,-10.277274],[-55.357759,-10.277301],[-55.357584,-10.277466],[-55.357351,-10.277691],[-55.357185,-10.277859],[-55.356968,-10.277991],[-55.356918,-10.277959],[-55.356869,-10.277896],[-55.356804,-10.277799],[-55.356722,-10.277678],[-55.356625,-10.277533],[-55.356523,-10.277392],[-55.356385,-10.277173],[-55.356121,-10.276747],[-55.35605,-10.276635],[-55.355953,-10.276515],[-55.355867,-10.276441],[-55.355818,-10.276418],[-55.355766,-10.27641],[-55.355654,-10.276452],[-55.355522,-10.276523],[-55.355328,-10.276631],[-55.355232,-10.276678],[-55.354984,-10.276758],[-55.354892,-10.276769],[-55.354698,-10.276759],[-55.354423,-10.276682],[-55.354252,-10.276618],[-55.354057,-10.276544],[-55.35401,-10.276534],[-55.353883,-10.276529],[-55.353665,-10.276571],[-55.353582,-10.276602],[-55.35328,-10.276686],[-55.353146,-10.276751],[-55.352964,-10.276914],[-55.352929,-10.276956],[-55.352814,-10.277092],[-55.352715,-10.277205],[-55.352624,-10.277286],[-55.352543,-10.277339],[-55.352476,-10.277363],[-55.352396,-10.277373],[-55.352285,-10.277347],[-55.352191,-10.277328],[-55.352099,-10.277284],[-55.352029,-10.277213],[-55.351975,-10.277116],[-55.351907,-10.276938],[-55.351856,-10.276806],[-55.351809,-10.27668],[-55.351768,-10.276602],[-55.351738,-10.2765608],[-55.351713,-10.276511],[-55.351681,-10.276498],[-55.351637,-10.276504],[-55.351552,-10.276546],[-55.351417,-10.276641],[-55.351338,-10.276703],[-55.3512,-10.276812],[-55.351096,-10.27689],[-55.35083,-10.277083],[-55.350245,-10.277484],[-55.350105,-10.277577],[-55.348937,-10.278455],[-55.348399,-10.278852],[-55.347796,-10.279304],[-55.347658,-10.279417],[-55.347509,-10.27953],[-55.347408,-10.279634],[-55.347378,-10.27969],[-55.347393,-10.27982],[-55.347423,-10.279896],[-55.347473,-10.279953],[-55.34756,-10.280006],[-55.347647,-10.280021],[-55.34775,-10.280021],[-55.347836,-10.280007],[-55.34805,-10.279897],[-55.348533,-10.279565],[-55.348771,-10.279392],[-55.349087,-10.27917],[-55.349496,-10.278872],[-55.349891,-10.27859],[-55.350065,-10.278466],[-55.3501587,-10.2784014],[-55.350281,-10.278313],[-55.350374,-10.278254],[-55.350409,-10.278228],[-55.350437,-10.27822],[-55.350451,-10.27823],[-55.350446,-10.278252],[-55.350395,-10.278285],[-55.350211,-10.278404],[-55.349981,-10.278564],[-55.349807,-10.27868],[-55.349608,-10.278818],[-55.349063,-10.279214],[-55.34891,-10.279325],[-55.34873,-10.279453],[-55.348487,-10.279631],[-55.348368,-10.279724],[-55.348323,-10.279779],[-55.348308,-10.279859],[-55.348327,-10.279936],[-55.348373,-10.279987],[-55.348597,-10.280067],[-55.348823,-10.280072],[-55.348977,-10.280062],[-55.349135,-10.279971],[-55.349217,-10.279852],[-55.349243,-10.279719],[-55.349265,-10.279604],[-55.349297,-10.279529],[-55.349371,-10.279464],[-55.349673,-10.2794],[-55.349848,-10.27938],[-55.35015,-10.279324],[-55.350388,-10.279296],[-55.350674,-10.279237],[-55.350823,-10.279181],[-55.350941,-10.279093],[-55.351111,-10.278941],[-55.351235,-10.278836],[-55.351351,-10.278744],[-55.351427,-10.278701],[-55.351494,-10.278685],[-55.351549,-10.278687],[-55.351596,-10.278718],[-55.35163,-10.278777],[-55.351642,-10.278885],[-55.351659,-10.279049],[-55.351681,-10.279238],[-55.351712,-10.279466],[-55.351754,-10.279803],[-55.351801,-10.280154],[-55.351832,-10.280435],[-55.35186,-10.280677],[-55.351894,-10.280956],[-55.351929,-10.281241],[-55.35194,-10.281376],[-55.351956,-10.281497],[-55.351981,-10.281645],[-55.351994,-10.281724],[-55.351995,-10.281756],[-55.351979,-10.281769],[-55.35196,-10.28177],[-55.351947,-10.281758],[-55.351947,-10.281695],[-55.35193,-10.281504],[-55.351906,-10.281308],[-55.351876,-10.281078],[-55.351837,-10.280786],[-55.351812,-10.280559],[-55.351789,-10.280354],[-55.351776,-10.280244],[-55.35175,-10.280068],[-55.3517418,-10.2799339],[-55.351711,-10.279767],[-55.351683,-10.279484],[-55.351662,-10.279326],[-55.351652,-10.27925],[-55.351602,-10.279166],[-55.351518,-10.279077],[-55.35144,-10.279036],[-55.351264,-10.279037],[-55.351149,-10.279082],[-55.351062,-10.279154],[-55.350986,-10.279371],[-55.351007,-10.279672],[-55.351029,-10.279972],[-55.351066,-10.280192],[-55.35114,-10.280498],[-55.351204,-10.280752],[-55.351295,-10.281103],[-55.351339,-10.281273],[-55.35138,-10.281424],[-55.351411,-10.281533],[-55.351426,-10.281598],[-55.351429,-10.281622],[-55.351423,-10.281637],[-55.351413,-10.281642],[-55.351398,-10.281627],[-55.351369,-10.281503],[-55.351301,-10.281234],[-55.351228,-10.280957],[-55.35115,-10.280651],[-55.351089,-10.280409],[-55.351035,-10.280205],[-55.351013,-10.280112],[-55.350986,-10.280042],[-55.350901,-10.279978],[-55.350835,-10.279958],[-55.35066,-10.279956],[-55.35054,-10.279957],[-55.350404,-10.279989],[-55.350305,-10.280034],[-55.350185,-10.280146],[-55.350151,-10.280211],[-55.350134,-10.280278],[-55.350153,-10.280383],[-55.350179,-10.280451],[-55.350284,-10.280643],[-55.35036,-10.28077],[-55.350503,-10.280942],[-55.350611,-10.281054],[-55.35071,-10.281131],[-55.350813,-10.281211],[-55.350886,-10.281283],[-55.350919,-10.281348],[-55.350956,-10.28149],[-55.350989,-10.281653],[-55.351042,-10.281873],[-55.351158,-10.282362],[-55.35121,-10.282571],[-55.351285,-10.282874],[-55.351298,-10.282941],[-55.351285,-10.282963],[-55.351268,-10.282963],[-55.351248,-10.282933],[-55.351233,-10.282856],[-55.351196,-10.282686],[-55.351149,-10.282471],[-55.351095,-10.282237],[-55.351021,-10.281913],[-55.35097,-10.281702],[-55.350926,-10.281533],[-55.35091,-10.28148],[-55.350892,-10.281452],[-55.350858,-10.281427],[-55.350785,-10.28142],[-55.3507,-10.281424],[-55.350578,-10.28146],[-55.350493,-10.28149],[-55.350422,-10.281537],[-55.350373,-10.281597],[-55.350348,-10.281662],[-55.350343,-10.281742],[-55.350363,-10.281839],[-55.350451,-10.282115],[-55.350544,-10.282388],[-55.35063,-10.282661],[-55.350678,-10.282821],[-55.350713,-10.282946],[-55.350739,-10.283045],[-55.350737,-10.283102],[-55.35075,-10.283153],[-55.350792,-10.283175],[-55.350933,-10.283183],[-55.35113,-10.283181],[-55.351703,-10.283175],[-55.352403,-10.283179],[-55.352578,-10.283179],[-55.352789,-10.283177],[-55.353006,-10.283178],[-55.353563,-10.283173],[-55.353772,-10.283164],[-55.354226,-10.283135],[-55.354451,-10.283112],[-55.354848,-10.283105],[-55.35511,-10.283118],[-55.355244,-10.283124],[-55.355788,-10.283138],[-55.355965,-10.283146],[-55.356231,-10.283146],[-55.356476,-10.28314],[-55.35686,-10.283131],[-55.357346,-10.283126],[-55.357629,-10.283126],[-55.357933,-10.283121],[-55.358522,-10.283107],[-55.358994,-10.283105],[-55.359852,-10.283096],[-55.360027,-10.283096],[-55.360141,-10.283086],[-55.360159,-10.283071],[-55.36018,-10.283049],[-55.360194,-10.283008],[-55.360187,-10.282958],[-55.360159,-10.282898],[-55.360107,-10.282797],[-55.360035,-10.282665],[-55.359933,-10.282506],[-55.359858,-10.28239],[-55.359719,-10.282187],[-55.359565,-10.281963],[-55.359449,-10.281773],[-55.359324,-10.281587],[-55.359187,-10.28138],[-55.35911,-10.281258],[-55.358981,-10.281071],[-55.358861,-10.28089],[-55.3587532,-10.280735],[-55.358381,-10.280149],[-55.358239,-10.279936],[-55.35799,-10.279564],[-55.357801,-10.279289],[-55.357539,-10.278903],[-55.357354,-10.278635],[-55.357186,-10.278411],[-55.357095,-10.278284],[-55.357018,-10.278183],[-55.356988,-10.278143],[-55.356983,-10.278118],[-55.356993,-10.278108],[-55.357008,-10.278119],[-55.357024,-10.278148],[-55.357072,-10.278223]]]]}},{"type":"Feature","properties":{"id":"sela1_shape_t4","fazenda_id":"p_sela1","talhao":"T04 - Sede Velha 60","nome":"T04 - Sede Velha 60","ano":2025,"area_hectares":66.4,"fonte":"SHP Fazenda_Sela_de_Prata_I_poly","partes":2},"geometry":{"type":"MultiPolygon","coordinates":[[[[-55.361607,-10.286445],[-55.3607864,-10.2843218],[-55.3604698,-10.2835274],[-55.360328,-10.283136],[-55.360362,-10.283175],[-55.360447,-10.283404],[-55.360531,-10.283636],[-55.360702,-10.284062],[-55.360915,-10.284598],[-55.361141,-10.285176],[-55.361373,-10.285761],[-55.361511,-10.286107],[-55.361612,-10.286358],[-55.361737,-10.286659],[-55.361831,-10.286931],[-55.361831,-10.286952],[-55.361834,-10.28699],[-55.361828,-10.287057],[-55.361815,-10.28712],[-55.361786,-10.287187],[-55.361724,-10.287278],[-55.361637,-10.287398],[-55.361519,-10.28755],[-55.361405,-10.287698],[-55.361186,-10.287988],[-55.361021,-10.288207],[-55.360759,-10.28855],[-55.360615,-10.288741],[-55.360455,-10.288964],[-55.360359,-10.289095],[-55.360264,-10.289231],[-55.360145,-10.289379],[-55.360087,-10.289426],[-55.360075,-10.289459],[-55.360097,-10.289468],[-55.360119,-10.289468],[-55.360146,-10.289464],[-55.360178,-10.289463],[-55.360611,-10.289506],[-55.360731,-10.289519],[-55.360901,-10.28955],[-55.360968,-10.289567],[-55.361019,-10.289588],[-55.361061,-10.28961],[-55.361132,-10.289683],[-55.361158,-10.289755],[-55.361195,-10.28985],[-55.361297,-10.290081],[-55.361337,-10.290163],[-55.361354,-10.290199],[-55.361405,-10.290301],[-55.361441,-10.290366],[-55.361475,-10.290406],[-55.361503,-10.29043],[-55.361536,-10.290449],[-55.361579,-10.290466],[-55.361624,-10.290474],[-55.361665,-10.290469],[-55.361706,-10.290445],[-55.36174,-10.290422],[-55.361777,-10.290388],[-55.361798,-10.290359],[-55.361821,-10.290304],[-55.361825,-10.290262],[-55.361817,-10.290212],[-55.361805,-10.290172],[-55.361784,-10.290121],[-55.361706,-10.289977],[-55.361673,-10.289901],[-55.361656,-10.289845],[-55.361658,-10.289808],[-55.36169,-10.289773],[-55.36172,-10.289767],[-55.361749,-10.289777],[-55.361775,-10.289808],[-55.361804,-10.289865],[-55.361827,-10.289906],[-55.361868,-10.289957],[-55.361909,-10.289986],[-55.361945,-10.290003],[-55.361992,-10.290015],[-55.362039,-10.29001],[-55.362076,-10.29],[-55.362111,-10.289979],[-55.362147,-10.289937],[-55.362174,-10.28989],[-55.362336,-10.289654],[-55.362393,-10.289591],[-55.362446,-10.289531],[-55.362496,-10.289486],[-55.362598,-10.289428],[-55.362676,-10.289376],[-55.362746,-10.289319],[-55.362784,-10.289271],[-55.36281,-10.289208],[-55.362825,-10.289138],[-55.362827,-10.289051],[-55.362815,-10.289006],[-55.362779,-10.288939],[-55.362752,-10.288881],[-55.362726,-10.288828],[-55.362676,-10.288697],[-55.362631,-10.288599],[-55.362573,-10.288481],[-55.362518,-10.288375],[-55.3625,-10.288337],[-55.36244,-10.288214],[-55.36228,-10.287916],[-55.3622398,-10.2878017],[-55.362197,-10.287731],[-55.362108,-10.28755],[-55.362078,-10.28748],[-55.362038,-10.287386],[-55.361988,-10.287283],[-55.361866,-10.287056],[-55.36186,-10.287035],[-55.361859,-10.287016],[-55.361868,-10.28701],[-55.361882,-10.287009],[-55.361891,-10.287014],[-55.3619,-10.287035],[-55.361909,-10.287063],[-55.361925,-10.287099],[-55.361944,-10.287132],[-55.361962,-10.28717],[-55.361981,-10.287207],[-55.362,-10.287247],[-55.362021,-10.287292],[-55.362042,-10.287336],[-55.362063,-10.28738],[-55.362085,-10.287424],[-55.362105,-10.287464],[-55.362145,-10.287526],[-55.362196,-10.287574],[-55.362238,-10.287615],[-55.362292,-10.287693],[-55.362325,-10.287761],[-55.362397,-10.2879],[-55.362618,-10.288351],[-55.36274,-10.288596],[-55.362843,-10.288801],[-55.362863,-10.288848],[-55.362891,-10.288897],[-55.362916,-10.288927],[-55.362941,-10.288947],[-55.362971,-10.28897],[-55.363023,-10.288982],[-55.363065,-10.288988],[-55.363099,-10.288979],[-55.363133,-10.288963],[-55.363169,-10.288935],[-55.363198,-10.288905],[-55.363225,-10.288873],[-55.363248,-10.288834],[-55.363266,-10.288797],[-55.363282,-10.288746],[-55.36329,-10.288698],[-55.363295,-10.288646],[-55.363295,-10.288599],[-55.36329,-10.288521],[-55.363271,-10.288381],[-55.363248,-10.288196],[-55.363238,-10.288142],[-55.36323,-10.288087],[-55.363213,-10.288015],[-55.363203,-10.287951],[-55.363185,-10.287904],[-55.363152,-10.287855],[-55.36312,-10.287815],[-55.363077,-10.28778],[-55.363023,-10.287756],[-55.362949,-10.287748],[-55.362864,-10.287751],[-55.36283,-10.287745],[-55.362801,-10.287728],[-55.362781,-10.2877],[-55.362772,-10.287663],[-55.362781,-10.287626],[-55.362811,-10.287595],[-55.362865,-10.287541],[-55.36292,-10.287476],[-55.362945,-10.287417],[-55.3629646,-10.2872953],[-55.362964,-10.287235],[-55.362945,-10.287153],[-55.362896,-10.287069],[-55.362792,-10.286914],[-55.36275,-10.286847],[-55.362691,-10.286772],[-55.362659,-10.286726],[-55.362606,-10.286625],[-55.362504,-10.286463],[-55.362423,-10.28633],[-55.362416,-10.286308],[-55.362453,-10.286252],[-55.362538,-10.286174],[-55.362628,-10.286105],[-55.362946,-10.285776],[-55.363019,-10.285666],[-55.363138,-10.28556],[-55.363322,-10.285398],[-55.363383,-10.28534],[-55.363465,-10.285267],[-55.363542,-10.285186],[-55.363578,-10.285114],[-55.363576,-10.285031],[-55.363533,-10.284825],[-55.363494,-10.284668],[-55.363471,-10.284549],[-55.363409,-10.284351],[-55.363394,-10.284238],[-55.363402,-10.284194],[-55.363418,-10.284122],[-55.363426,-10.283711],[-55.363423,-10.283584],[-55.363408,-10.283448],[-55.363413,-10.283281],[-55.363409,-10.283149],[-55.363402,-10.282929],[-55.363398,-10.282762],[-55.363371,-10.282529],[-55.363339,-10.282202],[-55.363351,-10.28203],[-55.363337,-10.28174],[-55.363336,-10.281674],[-55.363327,-10.281643],[-55.363306,-10.281626],[-55.363279,-10.281625],[-55.363245,-10.281627],[-55.363179,-10.281642],[-55.363132,-10.281672],[-55.363082,-10.281714],[-55.363003,-10.281781],[-55.362892,-10.281845],[-55.362803,-10.281909],[-55.362716,-10.281987],[-55.362625,-10.282071],[-55.362313,-10.28236],[-55.362044,-10.282622],[-55.361853,-10.282804],[-55.361719,-10.282937],[-55.361557,-10.28306],[-55.361408,-10.283112],[-55.361194,-10.283121],[-55.360989,-10.283116],[-55.360465,-10.283115],[-55.360392,-10.283115],[-55.360325,-10.283116],[-55.360263,-10.283122],[-55.360219,-10.283122],[-55.35981,-10.283124],[-55.359288,-10.28313],[-55.358958,-10.283134],[-55.358624,-10.283142],[-55.358212,-10.283148],[-55.357846,-10.283156],[-55.357572,-10.283164],[-55.357361,-10.283167],[-55.357155,-10.283165],[-55.357073,-10.283167],[-55.357021,-10.283174],[-55.356968,-10.283184],[-55.356923,-10.28325],[-55.357053,-10.283464],[-55.357112,-10.283494],[-55.357119,-10.283523],[-55.357127,-10.283842],[-55.357187,-10.284033],[-55.357279,-10.284229],[-55.357429,-10.28455],[-55.357527,-10.284741],[-55.357576,-10.284822],[-55.357619,-10.284867],[-55.357765,-10.284916],[-55.3578224,-10.2849188],[-55.357849,-10.284919],[-55.358011,-10.28495],[-55.358262,-10.285008],[-55.358679,-10.285112],[-55.359034,-10.285197],[-55.359245,-10.285267],[-55.359318,-10.285304],[-55.359466,-10.285397],[-55.35953,-10.285453],[-55.359559,-10.285481],[-55.35959,-10.285517],[-55.359603,-10.285552],[-55.359604,-10.285591],[-55.359592,-10.285625],[-55.359549,-10.285658],[-55.359517,-10.285635],[-55.359473,-10.28559],[-55.359364,-10.285491],[-55.359247,-10.285424],[-55.359143,-10.285376],[-55.359024,-10.285339],[-55.358827,-10.285294],[-55.358764,-10.285302],[-55.358682,-10.285328],[-55.35861,-10.285362],[-55.358521,-10.285399],[-55.358438,-10.285434],[-55.358323,-10.285465],[-55.35818,-10.285496],[-55.358072,-10.285494],[-55.357981,-10.285495],[-55.357884,-10.285523],[-55.357823,-10.285571],[-55.35778,-10.285624],[-55.357755,-10.285661],[-55.357715,-10.285744],[-55.3576927,-10.2858429],[-55.357715,-10.285908],[-55.357764,-10.285996],[-55.357833,-10.286059],[-55.357956,-10.286171],[-55.358049,-10.286239],[-55.35815,-10.286326],[-55.35832,-10.286457],[-55.358417,-10.286535],[-55.358512,-10.28661],[-55.358588,-10.286687],[-55.358638,-10.28676],[-55.358668,-10.286823],[-55.358689,-10.286883],[-55.3587074,-10.2869549],[-55.3587,-10.286992],[-55.358702,-10.287058],[-55.358704,-10.287158],[-55.358699,-10.287206],[-55.358678,-10.287315],[-55.358671,-10.287378],[-55.358657,-10.287435],[-55.358637,-10.28749],[-55.358611,-10.287539],[-55.358581,-10.287584],[-55.358546,-10.28763],[-55.358502,-10.287653],[-55.358457,-10.287663],[-55.358396,-10.287664],[-55.358336,-10.28766],[-55.358119,-10.287612],[-55.357931,-10.287578],[-55.357794,-10.287551],[-55.357747,-10.287527],[-55.357559,-10.28739],[-55.357447,-10.287313],[-55.3572,-10.287115],[-55.357126,-10.287023],[-55.357076,-10.286952],[-55.357053,-10.28692],[-55.357047,-10.286867],[-55.357065,-10.286808],[-55.357094,-10.286671],[-55.357136,-10.28656],[-55.357177,-10.286484],[-55.357325,-10.28621],[-55.35759,-10.285723],[-55.357647,-10.285615],[-55.357673,-10.285526],[-55.357677,-10.285428],[-55.357669,-10.285366],[-55.357646,-10.285309],[-55.357598,-10.285209],[-55.357544,-10.285092],[-55.3574181,-10.2848091],[-55.357397,-10.284775],[-55.357296,-10.284583],[-55.35721,-10.28441],[-55.357156,-10.284298],[-55.357118,-10.284211],[-55.357101,-10.284165],[-55.357076,-10.284114],[-55.35705,-10.284064],[-55.357024,-10.284017],[-55.356997,-10.283968],[-55.356964,-10.28393],[-55.356929,-10.283904],[-55.356887,-10.283886],[-55.356848,-10.283881],[-55.356808,-10.283885],[-55.356769,-10.283902],[-55.356738,-10.28393],[-55.356565,-10.284068],[-55.356519,-10.284089],[-55.356473,-10.284117],[-55.35644,-10.284151],[-55.356419,-10.284186],[-55.356406,-10.28422],[-55.356404,-10.284254],[-55.35641,-10.284283],[-55.356421,-10.284319],[-55.356437,-10.284355],[-55.356474,-10.284426],[-55.356524,-10.284518],[-55.356614,-10.284677],[-55.356765,-10.284956],[-55.3568802,-10.2851505],[-55.357002,-10.285379],[-55.35715,-10.285625],[-55.357219,-10.285736],[-55.357244,-10.285818],[-55.357241,-10.285876],[-55.357224,-10.285929],[-55.357187,-10.285992],[-55.357129,-10.286087],[-55.357017,-10.286262],[-55.356846,-10.286477],[-55.356818,-10.286509],[-55.35674,-10.286457],[-55.356753,-10.286437],[-55.35679,-10.286383],[-55.35686,-10.2863],[-55.356987,-10.286115],[-55.35702,-10.28607],[-55.357053,-10.286023],[-55.357077,-10.285978],[-55.357088,-10.28593],[-55.35709,-10.285881],[-55.357039,-10.285732],[-55.357005,-10.285671],[-55.356918,-10.285515],[-55.356754,-10.285207],[-55.356575,-10.284891],[-55.356504,-10.284759],[-55.356482,-10.284717],[-55.356463,-10.284677],[-55.356441,-10.284634],[-55.356414,-10.284587],[-55.356386,-10.284539],[-55.356363,-10.284496],[-55.356339,-10.284452],[-55.356307,-10.284419],[-55.356265,-10.284388],[-55.356221,-10.284369],[-55.356173,-10.284359],[-55.356129,-10.284357],[-55.356084,-10.284365],[-55.356041,-10.284382],[-55.355977,-10.284419],[-55.355878,-10.284485],[-55.355794,-10.284549],[-55.355758,-10.284582],[-55.355723,-10.284624],[-55.355686,-10.284694],[-55.355666,-10.284817],[-55.355683,-10.284906],[-55.355782,-10.285055],[-55.355874,-10.285133],[-55.35599,-10.285203],[-55.356159,-10.285272],[-55.35628,-10.285363],[-55.356361,-10.285419],[-55.356572,-10.285567],[-55.356671,-10.285715],[-55.356702,-10.285778],[-55.356764,-10.28589],[-55.356786,-10.285925],[-55.356796,-10.285958],[-55.356766,-10.285992],[-55.356707,-10.286048],[-55.356672,-10.286112],[-55.356627,-10.286226],[-55.356583,-10.286318],[-55.356561,-10.286355],[-55.356513,-10.286395],[-55.356452,-10.286385],[-55.356426,-10.286368],[-55.356401,-10.286334],[-55.356345,-10.286256],[-55.356302,-10.286212],[-55.356213,-10.286159],[-55.356108,-10.286122],[-55.356013,-10.286107],[-55.355887,-10.286093],[-55.3557434,-10.2860823],[-55.355688,-10.286062],[-55.355632,-10.28603],[-55.355572,-10.285997],[-55.355514,-10.285972],[-55.355461,-10.285957],[-55.355347,-10.285946],[-55.3553,-10.285955],[-55.355239,-10.285979],[-55.35515,-10.286026],[-55.354954,-10.286149],[-55.354898,-10.286164],[-55.354835,-10.286168],[-55.354774,-10.286162],[-55.354712,-10.286159],[-55.354585,-10.286176],[-55.354531,-10.286203],[-55.354478,-10.286248],[-55.354429,-10.286307],[-55.354396,-10.286369],[-55.354354,-10.286456],[-55.3542595,-10.2866516],[-55.354173,-10.28679],[-55.354099,-10.286914],[-55.353927,-10.287225],[-55.353801,-10.28745],[-55.35363,-10.28781],[-55.353616,-10.287898],[-55.353623,-10.287976],[-55.353648,-10.288051],[-55.353697,-10.288125],[-55.353742,-10.288165],[-55.353806,-10.288188],[-55.3539,-10.288203],[-55.353977,-10.288196],[-55.354038,-10.288176],[-55.354081,-10.288141],[-55.354144,-10.288064],[-55.35426,-10.287856],[-55.354537,-10.287388],[-55.354599,-10.287284],[-55.354681,-10.287133],[-55.354762,-10.287003],[-55.354825,-10.286937],[-55.354852,-10.286921],[-55.354882,-10.286911],[-55.354896,-10.286897],[-55.354945,-10.286893],[-55.354959,-10.286895],[-55.354939,-10.286948],[-55.354914,-10.286996],[-55.354721,-10.28734],[-55.354562,-10.287624],[-55.354395,-10.287921],[-55.354345,-10.288083],[-55.354349,-10.288188],[-55.354385,-10.28828],[-55.354444,-10.288355],[-55.354511,-10.288407],[-55.354571,-10.288429],[-55.354625,-10.288442],[-55.354713,-10.288439],[-55.354794,-10.288397],[-55.354867,-10.288325],[-55.354928,-10.288243],[-55.355007,-10.288114],[-55.355096,-10.287949],[-55.355166,-10.287821],[-55.355286,-10.287623],[-55.355365,-10.287505],[-55.355434,-10.287435],[-55.35552,-10.287339],[-55.355557,-10.287279],[-55.355581,-10.287272],[-55.355616,-10.287301],[-55.35557,-10.287463],[-55.355343,-10.287833],[-55.355165,-10.288136],[-55.355026,-10.28855],[-55.355112,-10.28871],[-55.355167,-10.288753],[-55.355233,-10.288788],[-55.355302,-10.288814],[-55.355365,-10.288861],[-55.355411,-10.288891],[-55.355534,-10.288954],[-55.355609,-10.288959],[-55.355712,-10.288942],[-55.35577,-10.288911],[-55.355815,-10.288873],[-55.355843,-10.288834],[-55.355895,-10.28873],[-55.355932,-10.288686],[-55.356009,-10.288668],[-55.356083,-10.288676],[-55.356191,-10.288703],[-55.356261,-10.288758],[-55.356338,-10.288865],[-55.356437,-10.289003],[-55.356547,-10.289179],[-55.3566,-10.289286],[-55.356656,-10.28938],[-55.356725,-10.28944],[-55.356836,-10.289482],[-55.356975,-10.28949],[-55.35706,-10.289496],[-55.357148,-10.289565],[-55.357205,-10.28966],[-55.357297,-10.28974],[-55.357442,-10.289765],[-55.357547,-10.289745],[-55.357849,-10.289708],[-55.357979,-10.289739],[-55.358096,-10.289826],[-55.35818,-10.289914],[-55.358255,-10.289997],[-55.358387,-10.290074],[-55.358561,-10.290131],[-55.358727,-10.290168],[-55.358868,-10.290205],[-55.3589745,-10.2902622],[-55.359008,-10.290266],[-55.359098,-10.290325],[-55.359195,-10.29036],[-55.359303,-10.290377],[-55.359434,-10.290374],[-55.359522,-10.290351],[-55.359609,-10.290313],[-55.359676,-10.290274],[-55.359781,-10.290198],[-55.359839,-10.290136],[-55.359879,-10.290054],[-55.359878,-10.289993],[-55.359859,-10.289862],[-55.359849,-10.289778],[-55.359857,-10.289677],[-55.359896,-10.289602],[-55.359941,-10.289551],[-55.359989,-10.289506],[-55.360115,-10.289385],[-55.36021,-10.289255],[-55.360979,-10.288211],[-55.361108,-10.28804],[-55.361374,-10.287692],[-55.361608,-10.287381],[-55.361667,-10.287304],[-55.361707,-10.287246],[-55.361744,-10.287185],[-55.361765,-10.287127],[-55.361769,-10.287076],[-55.361769,-10.287022],[-55.361764,-10.286951],[-55.361752,-10.286849],[-55.361715,-10.286712],[-55.361672,-10.286604],[-55.361607,-10.286445]]],[[[-55.36543,-10.290711],[-55.365372,-10.29063],[-55.365326,-10.290589],[-55.365278,-10.290576],[-55.365204,-10.290587],[-55.365097,-10.290644],[-55.36493,-10.290771],[-55.364849,-10.290836],[-55.364778,-10.290882],[-55.364607,-10.290926],[-55.364325,-10.291005],[-55.36406,-10.291072],[-55.363669,-10.291187],[-55.363479,-10.291257],[-55.363392,-10.291269],[-55.36333,-10.291252],[-55.363311,-10.291219],[-55.363306,-10.291195],[-55.363314,-10.29117],[-55.363355,-10.291147],[-55.363495,-10.291104],[-55.363705,-10.29105],[-55.363944,-10.290983],[-55.364071,-10.290945],[-55.364146,-10.290917],[-55.364188,-10.290871],[-55.364199,-10.290805],[-55.364195,-10.290732],[-55.364156,-10.290671],[-55.364095,-10.290624],[-55.364029,-10.290603],[-55.363892,-10.290633],[-55.3637,-10.290696],[-55.363535,-10.290751],[-55.363329,-10.290835],[-55.363058,-10.290913],[-55.362851,-10.29095],[-55.362633,-10.291003],[-55.362493,-10.291044],[-55.362354,-10.291108],[-55.362229,-10.291169],[-55.362138,-10.291207],[-55.362052,-10.291226],[-55.361986,-10.291224],[-55.361918,-10.291212],[-55.361903,-10.291193],[-55.361922,-10.291161],[-55.361979,-10.291112],[-55.362085,-10.291014],[-55.362205,-10.290923],[-55.36236,-10.290816],[-55.362471,-10.290712],[-55.362513,-10.290598],[-55.362515,-10.290477],[-55.362482,-10.290359],[-55.362441,-10.290275],[-55.362439,-10.290218],[-55.36247,-10.29014],[-55.362535,-10.290066],[-55.362644,-10.289978],[-55.362865,-10.289779],[-55.363094,-10.289584],[-55.363333,-10.289383],[-55.363543,-10.289198],[-55.363668,-10.289076],[-55.363829,-10.288975],[-55.363931,-10.288915],[-55.364004,-10.288862],[-55.364039,-10.288801],[-55.364049,-10.288729],[-55.364041,-10.288666],[-55.364016,-10.288608],[-55.363967,-10.288564],[-55.363924,-10.288537],[-55.363864,-10.288534],[-55.36378,-10.288562],[-55.363679,-10.288624],[-55.363469,-10.288825],[-55.363294,-10.289],[-55.363138,-10.289165],[-55.362951,-10.289328],[-55.36265,-10.289519],[-55.362461,-10.289689],[-55.362335,-10.289836],[-55.3623047,-10.2898998],[-55.362246,-10.289983],[-55.362123,-10.290187],[-55.362007,-10.290502],[-55.36192,-10.29071],[-55.361824,-10.290911],[-55.361763,-10.2910576],[-55.361752,-10.291225],[-55.36179,-10.291352],[-55.36183,-10.29143],[-55.361856,-10.29149],[-55.361851,-10.29155],[-55.361819,-10.291607],[-55.361762,-10.291659],[-55.3617,-10.291715],[-55.361672,-10.291776],[-55.361685,-10.291812],[-55.361689,-10.29186],[-55.361753,-10.291913],[-55.361885,-10.291973],[-55.362039,-10.292013],[-55.362229,-10.292058],[-55.362337,-10.292095],[-55.362484,-10.292215],[-55.362592,-10.292325],[-55.362727,-10.292445],[-55.36285,-10.292501],[-55.363024,-10.29252],[-55.363137,-10.292501],[-55.36328,-10.292435],[-55.363475,-10.292337],[-55.363698,-10.292223],[-55.363925,-10.292104],[-55.364082,-10.29202],[-55.364254,-10.291944],[-55.364417,-10.29187],[-55.364565,-10.291817],[-55.364755,-10.291728],[-55.3648415,-10.2916775],[-55.364954,-10.291688],[-55.365029,-10.291707],[-55.365103,-10.291744],[-55.365172,-10.291796],[-55.365269,-10.291904],[-55.365339,-10.292015],[-55.3654,-10.292119],[-55.365548,-10.292279],[-55.365725,-10.292351],[-55.365791,-10.292351],[-55.365944,-10.292261],[-55.366091,-10.292122],[-55.366154,-10.292069],[-55.366199,-10.291956],[-55.366197,-10.291875],[-55.366162,-10.291795],[-55.366024,-10.291592],[-55.365895,-10.291398],[-55.365716,-10.291136],[-55.36543,-10.290711]]]]}},{"type":"Feature","properties":{"id":"sela1_shape_t5","fazenda_id":"p_sela1","talhao":"T05 - Sede Velha 16","nome":"T05 - Sede Velha 16","ano":2025,"area_hectares":57.0,"fonte":"SHP Fazenda_Sela_de_Prata_I_poly","partes":1},"geometry":{"type":"Polygon","coordinates":[[[-55.351971,-10.296249],[-55.351763,-10.296208],[-55.35153,-10.296136],[-55.351314,-10.296031],[-55.350994,-10.295876],[-55.350822,-10.295784],[-55.350671,-10.295714],[-55.350473,-10.295629],[-55.350263,-10.295525],[-55.350037,-10.295409],[-55.34986,-10.29532],[-55.349671,-10.295185],[-55.34952,-10.295061],[-55.349352,-10.294937],[-55.349214,-10.294823],[-55.349096,-10.294714],[-55.349006,-10.294655],[-55.348963,-10.294637],[-55.348908,-10.294624],[-55.3488426,-10.2946243],[-55.348742,-10.294662],[-55.34863,-10.294765],[-55.348513,-10.2949],[-55.348394,-10.295046],[-55.348261,-10.295199],[-55.348094,-10.295373],[-55.34799,-10.295532],[-55.347874,-10.295695],[-55.347736,-10.295833],[-55.347581,-10.295963],[-55.347442,-10.296085],[-55.347318,-10.296246],[-55.34726,-10.296416],[-55.347279,-10.296565],[-55.347378,-10.296789],[-55.347646,-10.297206],[-55.347907,-10.29754],[-55.348169,-10.297795],[-55.348498,-10.298148],[-55.348667,-10.298319],[-55.34899,-10.298626],[-55.349301,-10.298891],[-55.349732,-10.299259],[-55.349993,-10.299442],[-55.350259,-10.299627],[-55.350483,-10.299808],[-55.350659,-10.299909],[-55.350783,-10.299929],[-55.350905,-10.299884],[-55.351074,-10.299751],[-55.351262,-10.299655],[-55.351544,-10.299511],[-55.3517609,-10.2993746],[-55.351828,-10.299307],[-55.351945,-10.299096],[-55.352039,-10.298873],[-55.352157,-10.298707],[-55.352272,-10.298524],[-55.352341,-10.298301],[-55.352336,-10.298175],[-55.352339,-10.298077],[-55.352375,-10.297978],[-55.352423,-10.297909],[-55.352509,-10.297856],[-55.352892,-10.297778],[-55.353004,-10.297698],[-55.353062,-10.297571],[-55.353084,-10.29747],[-55.353112,-10.297365],[-55.353175,-10.297267],[-55.353249,-10.297281],[-55.353309,-10.297336],[-55.35337,-10.297406],[-55.353461,-10.297488],[-55.353581,-10.297393],[-55.353527,-10.29736],[-55.353503,-10.297333],[-55.353488,-10.297306],[-55.353499,-10.29728],[-55.35353,-10.297258],[-55.353593,-10.297236],[-55.353674,-10.297241],[-55.353734,-10.297279],[-55.353782,-10.297347],[-55.353809,-10.297425],[-55.353813,-10.297489],[-55.353805,-10.297517],[-55.353777,-10.297506],[-55.353711,-10.29747],[-55.353637,-10.297426],[-55.3535881,-10.2973967],[-55.353466,-10.297492],[-55.35356,-10.297549],[-55.353705,-10.297731],[-55.353946,-10.29761],[-55.353968,-10.297573],[-55.353987,-10.297531],[-55.354006,-10.297492],[-55.354065,-10.297447],[-55.354083,-10.297435],[-55.354121,-10.297445],[-55.35415,-10.297455],[-55.35432,-10.297363],[-55.354226,-10.297235],[-55.35419,-10.297215],[-55.35418,-10.29719],[-55.354166,-10.297171],[-55.354159,-10.297143],[-55.354169,-10.297107],[-55.354198,-10.297072],[-55.354248,-10.297038],[-55.354301,-10.297021],[-55.354366,-10.297022],[-55.354465,-10.297052],[-55.354545,-10.29709],[-55.354628,-10.297144],[-55.354694,-10.297203],[-55.354758,-10.29727],[-55.354808,-10.297341],[-55.354848,-10.297413],[-55.354877,-10.297475],[-55.354881,-10.297522],[-55.354868,-10.297561],[-55.354839,-10.297587],[-55.354802,-10.297598],[-55.354741,-10.297573],[-55.354664,-10.297531],[-55.354581,-10.297507],[-55.354485,-10.297492],[-55.354414,-10.297464],[-55.354362,-10.29742],[-55.3543243,-10.297369],[-55.3541565,-10.2974586],[-55.354185,-10.297479],[-55.35421,-10.29752],[-55.354233,-10.29757],[-55.354235,-10.297602],[-55.354219,-10.297631],[-55.354182,-10.297657],[-55.354128,-10.297675],[-55.354072,-10.297694],[-55.354036,-10.297702],[-55.354003,-10.297697],[-55.35397,-10.297678],[-55.353952,-10.297645],[-55.3539467,-10.297617],[-55.3537102,-10.2977381],[-55.353797,-10.297837],[-55.353904,-10.297902],[-55.353991,-10.297934],[-55.354017,-10.29795],[-55.354044,-10.297984],[-55.354105,-10.298126],[-55.354099,-10.29816],[-55.35409,-10.298236],[-55.354061,-10.298315],[-55.354016,-10.298393],[-55.353997,-10.298465],[-55.354009,-10.29854],[-55.35405,-10.29863],[-55.354104,-10.298716],[-55.354185,-10.298864],[-55.354266,-10.298996],[-55.354348,-10.299125],[-55.354463,-10.299289],[-55.354574,-10.299421],[-55.354667,-10.299497],[-55.354752,-10.299537],[-55.354838,-10.299542],[-55.354962,-10.299489],[-55.35503,-10.299465],[-55.355112,-10.299458],[-55.355139,-10.299488],[-55.355167,-10.299542],[-55.355211,-10.299697],[-55.35526,-10.299853],[-55.35531,-10.300013],[-55.35534,-10.30014],[-55.355374,-10.300255],[-55.355424,-10.300336],[-55.355481,-10.300387],[-55.355548,-10.300421],[-55.355677,-10.300444],[-55.355792,-10.300429],[-55.355913,-10.300383],[-55.356128,-10.300316],[-55.356287,-10.300256],[-55.35645,-10.300162],[-55.356559,-10.300093],[-55.356625,-10.300044],[-55.356682,-10.300007],[-55.356767,-10.299983],[-55.356859,-10.299968],[-55.356968,-10.299947],[-55.357058,-10.299894],[-55.357131,-10.299794],[-55.35718,-10.29967],[-55.357189,-10.29954],[-55.357226,-10.29925],[-55.3572,-10.299153],[-55.357121,-10.299027],[-55.357004,-10.298883],[-55.356912,-10.298784],[-55.356843,-10.298697],[-55.356819,-10.298654],[-55.356814,-10.29862],[-55.356845,-10.298591],[-55.356917,-10.298571],[-55.357037,-10.298539],[-55.357161,-10.298504],[-55.357275,-10.298455],[-55.35737,-10.298422],[-55.357494,-10.298447],[-55.35758,-10.298488],[-55.357659,-10.298557],[-55.357718,-10.298626],[-55.3578,-10.298696],[-55.357873,-10.298726],[-55.357964,-10.298721],[-55.358051,-10.298684],[-55.358136,-10.298609],[-55.358261,-10.298482],[-55.358407,-10.298316],[-55.35852,-10.298191],[-55.358631,-10.29803],[-55.358661,-10.297896],[-55.358685,-10.297758],[-55.358702,-10.297657],[-55.358715,-10.297598],[-55.358733,-10.297568],[-55.358777,-10.29756],[-55.358802,-10.297566],[-55.358818,-10.297585],[-55.358821,-10.297629],[-55.358809,-10.297717],[-55.358785,-10.297825],[-55.35875,-10.298001],[-55.35871,-10.298111],[-55.358637,-10.298228],[-55.358452,-10.298446],[-55.358323,-10.298586],[-55.358173,-10.298741],[-55.358102,-10.298816],[-55.358069,-10.2989],[-55.358068,-10.29898],[-55.358115,-10.299075],[-55.358172,-10.299126],[-55.358239,-10.299136],[-55.358408,-10.299055],[-55.358539,-10.298934],[-55.358658,-10.298817],[-55.358748,-10.298726],[-55.358841,-10.298623],[-55.3589,-10.298525],[-55.358966,-10.298446],[-55.359019,-10.298378],[-55.359056,-10.298282],[-55.359051,-10.298166],[-55.359029,-10.298072],[-55.359031,-10.297985],[-55.359096,-10.297859],[-55.359167,-10.297739],[-55.359229,-10.297541],[-55.359252,-10.297433],[-55.359292,-10.297342],[-55.359409,-10.297227],[-55.359537,-10.297124],[-55.359631,-10.297035],[-55.359726,-10.296971],[-55.359857,-10.296942],[-55.36007,-10.296844],[-55.360164,-10.296797],[-55.360272,-10.296785],[-55.360368,-10.296783],[-55.360449,-10.296744],[-55.360501,-10.296682],[-55.360531,-10.2966],[-55.360516,-10.296485],[-55.360481,-10.296363],[-55.3604774,-10.2962952],[-55.360399,-10.296151],[-55.360347,-10.296141],[-55.36027,-10.29615],[-55.360182,-10.296184],[-55.360088,-10.296257],[-55.360021,-10.296317],[-55.359956,-10.296357],[-55.35986,-10.296364],[-55.359717,-10.296383],[-55.359509,-10.296487],[-55.359359,-10.296601],[-55.35915,-10.296809],[-55.359034,-10.296935],[-55.358929,-10.297046],[-55.358807,-10.297175],[-55.358632,-10.297361],[-55.358492,-10.297523],[-55.3580322,-10.2980433],[-55.3579063,-10.2981691],[-55.35783,-10.2982082],[-55.3577347,-10.2982302],[-55.3576355,-10.2982283],[-55.3574944,-10.2982302],[-55.3572502,-10.2982693],[-55.356991,-10.298364],[-55.356967,-10.298368],[-55.356911,-10.298391],[-55.356865,-10.29841],[-55.356833,-10.298422],[-55.356816,-10.298419],[-55.356811,-10.298408],[-55.356815,-10.298394],[-55.356845,-10.29838],[-55.356919,-10.298353],[-55.357011,-10.298314],[-55.357123,-10.298271],[-55.357295,-10.298222],[-55.357455,-10.298196],[-55.35762,-10.298188],[-55.357728,-10.298187],[-55.35781,-10.298173],[-55.357887,-10.298125],[-55.357985,-10.29802],[-55.358121,-10.297873],[-55.358422,-10.297547],[-55.358586,-10.297373],[-55.358811,-10.297137],[-55.358959,-10.296975],[-55.359078,-10.296836],[-55.359208,-10.296695],[-55.359309,-10.296588],[-55.359416,-10.296501],[-55.359648,-10.296352],[-55.35984,-10.296231],[-55.359986,-10.296154],[-55.360094,-10.296096],[-55.360224,-10.296018],[-55.360273,-10.29599],[-55.360303,-10.295967],[-55.360317,-10.295935],[-55.360307,-10.295896],[-55.360274,-10.295846],[-55.36024,-10.295803],[-55.360176,-10.295765],[-55.360115,-10.295736],[-55.360028,-10.295718],[-55.359941,-10.295734],[-55.359829,-10.295792],[-55.359648,-10.295914],[-55.35945,-10.296035],[-55.359262,-10.296165],[-55.359011,-10.296399],[-55.358825,-10.29659],[-55.358662,-10.296746],[-55.358416,-10.297024],[-55.357985,-10.297459],[-55.357797,-10.297655],[-55.357647,-10.297817],[-55.357567,-10.297883],[-55.357456,-10.297939],[-55.357209,-10.298027],[-55.357062,-10.298084],[-55.356926,-10.298135],[-55.356802,-10.298181],[-55.356744,-10.298205],[-55.356704,-10.29822],[-55.356677,-10.298218],[-55.356658,-10.298206],[-55.356654,-10.29819],[-55.356677,-10.298163],[-55.356766,-10.298139],[-55.356873,-10.298104],[-55.357062,-10.298041],[-55.357317,-10.297936],[-55.357461,-10.297844],[-55.357613,-10.297704],[-55.358328,-10.296946],[-55.358845,-10.296381],[-55.358968,-10.296244],[-55.359096,-10.296149],[-55.3593025,-10.2960176],[-55.35944,-10.295927],[-55.35949,-10.295877],[-55.359518,-10.295807],[-55.35951,-10.29572],[-55.359468,-10.295642],[-55.359398,-10.295574],[-55.359354,-10.295511],[-55.359336,-10.295418],[-55.359346,-10.295274],[-55.359356,-10.295104],[-55.35933,-10.294972],[-55.359277,-10.29487],[-55.359181,-10.294799],[-55.359082,-10.294758],[-55.358986,-10.294729],[-55.358829,-10.294747],[-55.358701,-10.29477],[-55.358612,-10.294783],[-55.358543,-10.29477],[-55.358489,-10.294737],[-55.358462,-10.294677],[-55.358456,-10.294604],[-55.358491,-10.29452],[-55.358677,-10.294253],[-55.358748,-10.294151],[-55.358818,-10.293983],[-55.358811,-10.293878],[-55.358758,-10.293753],[-55.358686,-10.293645],[-55.358567,-10.293552],[-55.358315,-10.293434],[-55.358181,-10.293386],[-55.357984,-10.293356],[-55.357918,-10.293357],[-55.357883,-10.293358],[-55.357838,-10.293379],[-55.357798,-10.293447],[-55.357719,-10.293563],[-55.357527,-10.293734],[-55.357399,-10.293833],[-55.357258,-10.293944],[-55.357067,-10.294068],[-55.356797,-10.294229],[-55.356613,-10.294327],[-55.356425,-10.294427],[-55.356243,-10.294534],[-55.356124,-10.294621],[-55.356021,-10.294688],[-55.355917,-10.294726],[-55.355834,-10.294737],[-55.355716,-10.294725],[-55.355599,-10.29471],[-55.355485,-10.294713],[-55.35536,-10.294742],[-55.355161,-10.294873],[-55.355012,-10.295049],[-55.354922,-10.295354],[-55.354877,-10.295419],[-55.354787,-10.29548],[-55.354735,-10.295435],[-55.354567,-10.295218],[-55.3544922,-10.2950926],[-55.354386,-10.294975],[-55.354276,-10.294834],[-55.354204,-10.294736],[-55.354082,-10.29456],[-55.35404,-10.294481],[-55.353926,-10.294403],[-55.353872,-10.294425],[-55.353766,-10.294553],[-55.353705,-10.294634],[-55.353616,-10.29472],[-55.35349,-10.294806],[-55.353273,-10.294961],[-55.353211,-10.29513],[-55.353236,-10.295325],[-55.35324,-10.295414],[-55.353226,-10.295486],[-55.353168,-10.295557],[-55.353044,-10.295618],[-55.352849,-10.295688],[-55.352693,-10.295744],[-55.352591,-10.295806],[-55.352497,-10.29589],[-55.352371,-10.29609],[-55.352339,-10.296182],[-55.352293,-10.296268],[-55.35221,-10.296296],[-55.351971,-10.296249]]]}},{"type":"Feature","properties":{"id":"sela1_shape_t6","fazenda_id":"p_sela1","talhao":"T06 - Areia","nome":"T06 - Areia","ano":2025,"area_hectares":218.3,"fonte":"SHP Fazenda_Sela_de_Prata_I_poly","partes":3},"geometry":{"type":"MultiPolygon","coordinates":[[[[-55.331215,-10.266004],[-55.331287,-10.266142],[-55.331416,-10.266345],[-55.331557,-10.266558],[-55.331721,-10.266813],[-55.331884,-10.267059],[-55.332106,-10.267396],[-55.332239,-10.267596],[-55.332554,-10.268095],[-55.332753,-10.26841],[-55.332943,-10.268706],[-55.333043,-10.268854],[-55.333259,-10.269193],[-55.333553,-10.26959],[-55.333722,-10.269907],[-55.333925,-10.270224],[-55.334194,-10.270671],[-55.33437,-10.27094],[-55.33455,-10.271217],[-55.334853,-10.271719],[-55.335075,-10.272073],[-55.335224,-10.272319],[-55.335347,-10.272521],[-55.335549,-10.272853],[-55.335679,-10.273079],[-55.33589,-10.273424],[-55.336007,-10.273613],[-55.336215,-10.273941],[-55.336351,-10.274163],[-55.336571,-10.27453],[-55.336691,-10.274738],[-55.336827,-10.274961],[-55.337016,-10.275274],[-55.337265,-10.275675],[-55.337495,-10.27607],[-55.337601,-10.276249],[-55.337813,-10.276587],[-55.337946,-10.276801],[-55.33806,-10.276997],[-55.338089,-10.277016],[-55.338142,-10.276984],[-55.338446,-10.276786],[-55.338699,-10.276616],[-55.339069,-10.276367],[-55.339421,-10.276134],[-55.33967,-10.275966],[-55.339961,-10.275766],[-55.340223,-10.275579],[-55.340578,-10.27532],[-55.340848,-10.275118],[-55.341108,-10.274954],[-55.341409,-10.274792],[-55.341759,-10.274606],[-55.342124,-10.274415],[-55.342472,-10.274238],[-55.342722,-10.27411],[-55.342954,-10.273994],[-55.343164,-10.273894],[-55.343471,-10.273773],[-55.343786,-10.27366],[-55.344103,-10.273546],[-55.344429,-10.273432],[-55.344831,-10.273315],[-55.345325,-10.2732],[-55.345585,-10.273142],[-55.34585,-10.273085],[-55.346033,-10.273062],[-55.3461266,-10.2730532],[-55.346238,-10.273078],[-55.346302,-10.2731],[-55.346335,-10.273109],[-55.346363,-10.2731],[-55.346386,-10.273056],[-55.346401,-10.272979],[-55.346446,-10.272782],[-55.346527,-10.272616],[-55.346623,-10.272424],[-55.346808,-10.272063],[-55.34692,-10.2717295],[-55.347083,-10.271324],[-55.347094,-10.270993],[-55.347085,-10.270719],[-55.347084,-10.270446],[-55.347042,-10.270134],[-55.346925,-10.269657],[-55.346624,-10.269363],[-55.346486,-10.269278],[-55.346347,-10.269209],[-55.346104,-10.269018],[-55.345958,-10.268847],[-55.345763,-10.268588],[-55.34555,-10.268347],[-55.3454742,-10.2682934],[-55.345272,-10.268148],[-55.3449287,-10.2681303],[-55.344663,-10.268041],[-55.344454,-10.268056],[-55.343947,-10.268191],[-55.3437,-10.268366],[-55.343418,-10.268557],[-55.343243,-10.268652],[-55.342949,-10.268747],[-55.342675,-10.268778],[-55.342411,-10.268803],[-55.342145,-10.268783],[-55.342018,-10.268745],[-55.341815,-10.268621],[-55.341718,-10.268504],[-55.341645,-10.268417],[-55.341497,-10.268335],[-55.341392,-10.268339],[-55.340822,-10.26852],[-55.340604,-10.268528],[-55.340433,-10.268543],[-55.340101,-10.268577],[-55.339835,-10.268561],[-55.339519,-10.268636],[-55.339349,-10.268759],[-55.33896,-10.269124],[-55.338623,-10.2695723],[-55.338426,-10.269763],[-55.338159,-10.270123],[-55.3380203,-10.2702122],[-55.337834,-10.270473],[-55.337709,-10.270617],[-55.337447,-10.270844],[-55.3372,-10.271007],[-55.336993,-10.271164],[-55.33668,-10.271402],[-55.336556,-10.271475],[-55.336452,-10.271529],[-55.336359,-10.271543],[-55.336255,-10.271546],[-55.335971,-10.271459],[-55.335832,-10.271314],[-55.335747,-10.271232],[-55.335667,-10.271174],[-55.335557,-10.271126],[-55.3354492,-10.2711325],[-55.335314,-10.271155],[-55.335211,-10.271188],[-55.335119,-10.271226],[-55.33509,-10.271238],[-55.3350716,-10.2712402],[-55.33505,-10.271217],[-55.335061,-10.271191],[-55.335163,-10.271109],[-55.3352661,-10.2710323],[-55.335388,-10.270926],[-55.335436,-10.270831],[-55.335384,-10.27066],[-55.335208,-10.270385],[-55.335047,-10.270159],[-55.334858,-10.269921],[-55.334756,-10.269677],[-55.334647,-10.26945],[-55.334515,-10.269161],[-55.334275,-10.268764],[-55.334216,-10.268632],[-55.334132,-10.268501],[-55.333875,-10.268231],[-55.333472,-10.26787],[-55.333139,-10.267512],[-55.332978,-10.267331],[-55.332655,-10.26713],[-55.332554,-10.266937],[-55.332396,-10.266703],[-55.33235,-10.26654],[-55.332179,-10.266276],[-55.331991,-10.265984],[-55.331901,-10.265795],[-55.331865,-10.265715],[-55.3318558,-10.265687],[-55.331773,-10.265637],[-55.331718,-10.265632],[-55.33166,-10.265651],[-55.331579,-10.265693],[-55.3315315,-10.2657299],[-55.331413,-10.265773],[-55.331335,-10.26582],[-55.331272,-10.265851],[-55.331229,-10.265885],[-55.331206,-10.265931],[-55.331215,-10.266004]]],[[[-55.326298,-10.269174],[-55.326282,-10.269245],[-55.326285,-10.269314],[-55.326385,-10.269469],[-55.326609,-10.269663],[-55.326758,-10.269825],[-55.3270111,-10.2701216],[-55.327227,-10.270563],[-55.327358,-10.270791],[-55.327577,-10.271174],[-55.327723,-10.271748],[-55.327828,-10.272006],[-55.3280106,-10.2722788],[-55.328181,-10.272619],[-55.328447,-10.272833],[-55.328666,-10.272995],[-55.329241,-10.273367],[-55.329563,-10.273624],[-55.329894,-10.273871],[-55.330239,-10.274424],[-55.330444,-10.275132],[-55.3307343,-10.2756147],[-55.330872,-10.275876],[-55.330901,-10.276144],[-55.330766,-10.276544],[-55.330647,-10.27685],[-55.330588,-10.277056],[-55.330572,-10.277194],[-55.330615,-10.277367],[-55.3308945,-10.2776728],[-55.331426,-10.278124],[-55.331896,-10.278526],[-55.332139,-10.278753],[-55.332496,-10.279094],[-55.332854,-10.279419],[-55.3331871,-10.2796755],[-55.333405,-10.279872],[-55.333585,-10.280011],[-55.333702,-10.280126],[-55.333767,-10.280194],[-55.333802,-10.280225],[-55.333841,-10.280235],[-55.333886,-10.280208],[-55.333981,-10.280112],[-55.334219,-10.279884],[-55.334564,-10.279571],[-55.334952,-10.279275],[-55.335305,-10.279008],[-55.335762,-10.278669],[-55.336076,-10.278448],[-55.336404,-10.278208],[-55.336694,-10.278008],[-55.336985,-10.277797],[-55.337241,-10.277613],[-55.337434,-10.277478],[-55.337599,-10.277359],[-55.337726,-10.277267],[-55.33783,-10.277194],[-55.337907,-10.277122],[-55.337961,-10.277008],[-55.337951,-10.276904],[-55.337887,-10.276769],[-55.337727,-10.276514],[-55.337572,-10.276259],[-55.337355,-10.275887],[-55.337015,-10.275337],[-55.336807,-10.274996],[-55.336632,-10.274716],[-55.336379,-10.274274],[-55.3361778,-10.2739735],[-55.335953,-10.273592],[-55.33581,-10.273359],[-55.335538,-10.272903],[-55.335297,-10.272516],[-55.335001,-10.272026],[-55.334733,-10.27159],[-55.33445,-10.271136],[-55.334181,-10.270725],[-55.334029,-10.270475],[-55.333878,-10.270226],[-55.33375,-10.270024],[-55.333578,-10.26975],[-55.333276,-10.269302],[-55.333001,-10.268845],[-55.332612,-10.268232],[-55.33237,-10.267851],[-55.331992,-10.267276],[-55.331732,-10.266881],[-55.331639,-10.266739],[-55.331497,-10.26652],[-55.331378,-10.266346],[-55.331208,-10.266084],[-55.3311691,-10.2660208],[-55.331124,-10.26595],[-55.331094,-10.265934],[-55.331055,-10.265946],[-55.330918,-10.266039],[-55.330783,-10.26612],[-55.33069,-10.266176],[-55.330634,-10.266222],[-55.330602,-10.266271],[-55.33058,-10.26632],[-55.330583,-10.266394],[-55.330651,-10.266525],[-55.330812,-10.266724],[-55.330848,-10.266803],[-55.330848,-10.267045],[-55.330762,-10.267347],[-55.33063,-10.267626],[-55.330482,-10.267911],[-55.330391,-10.268049],[-55.330178,-10.268278],[-55.330044,-10.268384],[-55.329811,-10.268556],[-55.329678,-10.268603],[-55.329583,-10.268621],[-55.329396,-10.2686],[-55.329283,-10.268565],[-55.329169,-10.26855],[-55.329058,-10.26852],[-55.32897,-10.268456],[-55.328866,-10.268342],[-55.328774,-10.268226],[-55.328679,-10.268129],[-55.328571,-10.268018],[-55.328503,-10.26794],[-55.328302,-10.267847],[-55.328232,-10.267856],[-55.328161,-10.267885],[-55.327999,-10.268005],[-55.327768,-10.268168],[-55.327453,-10.268374],[-55.3272743,-10.2685261],[-55.326973,-10.268695],[-55.326592,-10.268942],[-55.326395,-10.269074],[-55.326298,-10.269174]]],[[[-55.333952,-10.280177],[-55.33388,-10.280259],[-55.333902,-10.280307],[-55.333966,-10.280303],[-55.334033,-10.280274],[-55.334415,-10.280218],[-55.334658,-10.280155],[-55.334855,-10.280119],[-55.335042,-10.280102],[-55.335443,-10.280131],[-55.335812,-10.280178],[-55.336076,-10.280191],[-55.336504,-10.280212],[-55.336683,-10.280234],[-55.337204,-10.280237],[-55.337546,-10.280251],[-55.33785,-10.280258],[-55.338249,-10.28026],[-55.33856,-10.280257],[-55.339046,-10.280316],[-55.339383,-10.280421],[-55.339641,-10.280498],[-55.339839,-10.280551],[-55.340017,-10.280621],[-55.340224,-10.280743],[-55.340368,-10.280895],[-55.340574,-10.281082],[-55.340636,-10.281105],[-55.340702,-10.281106],[-55.340874,-10.280961],[-55.340991,-10.280799],[-55.341106,-10.280667],[-55.341294,-10.280408],[-55.341363,-10.280331],[-55.341506,-10.280204],[-55.341784,-10.279975],[-55.34208,-10.279638],[-55.342397,-10.279276],[-55.3424873,-10.2791653],[-55.342732,-10.278835],[-55.34291,-10.278585],[-55.343057,-10.278377],[-55.343183,-10.278175],[-55.343372,-10.277791],[-55.34359,-10.277481],[-55.343886,-10.277029],[-55.34436,-10.276271],[-55.344761,-10.275658],[-55.344975,-10.275311],[-55.345981,-10.27364],[-55.346101,-10.273404],[-55.346172,-10.273317],[-55.346224,-10.273252],[-55.346276,-10.273207],[-55.346283,-10.2731953],[-55.346309,-10.273164],[-55.346297,-10.273138],[-55.346272,-10.273116],[-55.346223,-10.273099],[-55.346116,-10.273087],[-55.34602,-10.273088],[-55.34585,-10.273107],[-55.345676,-10.273141],[-55.345466,-10.273187],[-55.345328,-10.273218],[-55.345114,-10.273265],[-55.344913,-10.273312],[-55.344727,-10.273358],[-55.344415,-10.27345],[-55.344063,-10.27357],[-55.343757,-10.273677],[-55.343506,-10.273766],[-55.343252,-10.273865],[-55.342981,-10.273992],[-55.342791,-10.274084],[-55.342594,-10.274184],[-55.342352,-10.274311],[-55.342144,-10.274424],[-55.3419,-10.274552],[-55.341626,-10.274702],[-55.3415947,-10.274725],[-55.341359,-10.274844],[-55.341111,-10.274978],[-55.340845,-10.275145],[-55.34056,-10.275355],[-55.340314,-10.275534],[-55.339959,-10.275789],[-55.339719,-10.275958],[-55.339387,-10.276178],[-55.339158,-10.276333],[-55.338966,-10.27646],[-55.338753,-10.276605],[-55.338581,-10.276721],[-55.338204,-10.276966],[-55.338091,-10.277039],[-55.338039,-10.277084],[-55.337925,-10.2772036],[-55.33768,-10.27736],[-55.337433,-10.277533],[-55.337133,-10.277743],[-55.336761,-10.278009],[-55.336467,-10.278218],[-55.336183,-10.278418],[-55.335827,-10.278676],[-55.335556,-10.278867],[-55.33538,-10.278996],[-55.335163,-10.279158],[-55.334916,-10.279348],[-55.334676,-10.279534],[-55.334384,-10.279785],[-55.334249,-10.279896],[-55.334083,-10.28005],[-55.333952,-10.280177]]]]}},{"type":"Feature","properties":{"id":"sela1_shape_t7","fazenda_id":"p_sela1","talhao":"T07 - Mambassa","nome":"T07 - Mambassa","ano":2025,"area_hectares":298.9,"fonte":"SHP Fazenda_Sela_de_Prata_I_poly","partes":3},"geometry":{"type":"MultiPolygon","coordinates":[[[[-55.327723,-10.297319],[-55.327818,-10.297007],[-55.327832,-10.296841],[-55.327821,-10.296661],[-55.327766,-10.296454],[-55.327681,-10.296252],[-55.327622,-10.296097],[-55.327509,-10.295903],[-55.327465,-10.295819],[-55.327414,-10.295742],[-55.32738,-10.295691],[-55.327359,-10.295657],[-55.327329,-10.295636],[-55.327301,-10.295636],[-55.327259,-10.29566],[-55.327197,-10.295706],[-55.327135,-10.295736],[-55.327041,-10.295772],[-55.326876,-10.295892],[-55.326747,-10.295986],[-55.326613,-10.296086],[-55.326509,-10.29617],[-55.326417,-10.296243],[-55.32636,-10.296298],[-55.326326,-10.296344],[-55.32628,-10.296381],[-55.326221,-10.2964],[-55.326106,-10.296478],[-55.326025,-10.296533],[-55.325727,-10.296745],[-55.325615,-10.296829],[-55.32552,-10.2969],[-55.325479,-10.296955],[-55.325444,-10.297004],[-55.3254242,-10.2970438],[-55.32537,-10.297049],[-55.325145,-10.29719],[-55.325036,-10.297272],[-55.324912,-10.297365],[-55.324785,-10.297459],[-55.324702,-10.297524],[-55.324592,-10.297617],[-55.324515,-10.297667],[-55.324404,-10.297751],[-55.324227,-10.297883],[-55.324058,-10.298013],[-55.32372,-10.298259],[-55.323651,-10.298313],[-55.323405,-10.298498],[-55.323151,-10.298692],[-55.322671,-10.299073],[-55.322439,-10.29924],[-55.32217,-10.299439],[-55.321989,-10.299567],[-55.321723,-10.299769],[-55.321419,-10.299991],[-55.321098,-10.300229],[-55.320871,-10.300401],[-55.320522,-10.300655],[-55.320179,-10.300906],[-55.319843,-10.301159],[-55.319578,-10.301357],[-55.319454,-10.301447],[-55.319297,-10.301564],[-55.31909,-10.301728],[-55.319002,-10.3018],[-55.318956,-10.301847],[-55.31893,-10.301892],[-55.318922,-10.301948],[-55.318957,-10.302016],[-55.31906,-10.302169],[-55.3193283,-10.3025274],[-55.319555,-10.302881],[-55.319766,-10.303195],[-55.320048,-10.303627],[-55.320112,-10.303712],[-55.320186,-10.303765],[-55.320273,-10.303793],[-55.320339,-10.303808],[-55.320408,-10.303842],[-55.320446,-10.303877],[-55.320463,-10.303923],[-55.320452,-10.303982],[-55.320436,-10.304082],[-55.320441,-10.304172],[-55.320504,-10.304314],[-55.320568,-10.304424],[-55.320651,-10.304554],[-55.320715,-10.304627],[-55.320786,-10.304669],[-55.32092,-10.30469],[-55.321136,-10.304678],[-55.321388,-10.304669],[-55.321623,-10.304568],[-55.32186,-10.304341],[-55.32205,-10.304182],[-55.322306,-10.304033],[-55.322543,-10.303932],[-55.322744,-10.30383],[-55.323033,-10.303588],[-55.323202,-10.303445],[-55.323339,-10.303302],[-55.323409,-10.303207],[-55.323505,-10.303089],[-55.323597,-10.302982],[-55.3236008,-10.3029499],[-55.323637,-10.302847],[-55.323622,-10.302743],[-55.323589,-10.302676],[-55.323517,-10.302603],[-55.323457,-10.302547],[-55.323414,-10.302494],[-55.323406,-10.30244],[-55.323458,-10.302333],[-55.323539,-10.30222],[-55.323692,-10.302027],[-55.324079,-10.301705],[-55.324363,-10.301492],[-55.324695,-10.30119],[-55.324953,-10.300898],[-55.325186,-10.300606],[-55.325385,-10.300402],[-55.325569,-10.30023],[-55.325691,-10.300147],[-55.325817,-10.300022],[-55.325934,-10.299853],[-55.326044,-10.299701],[-55.326169,-10.299547],[-55.326355,-10.299273],[-55.326552,-10.298933],[-55.3268242,-10.2986879],[-55.326975,-10.298522],[-55.327259,-10.298188],[-55.327416,-10.297952],[-55.32759,-10.297615],[-55.327723,-10.297319]]],[[[-55.321949,-10.299554],[-55.322113,-10.299434],[-55.322224,-10.299352],[-55.322375,-10.299241],[-55.322421,-10.299204],[-55.322401,-10.299188],[-55.32234,-10.299094],[-55.32219,-10.298669],[-55.322062,-10.298323],[-55.321948,-10.297993],[-55.321879,-10.297804],[-55.32179,-10.297551],[-55.321622,-10.29708],[-55.321478,-10.296668],[-55.32132,-10.296239],[-55.321115,-10.295668],[-55.320879,-10.295008],[-55.320733,-10.294594],[-55.320503,-10.293953],[-55.320321,-10.293443],[-55.32019,-10.29308],[-55.320053,-10.292696],[-55.319655,-10.291591],[-55.319448,-10.291035],[-55.319298,-10.290614],[-55.319197,-10.290337],[-55.319078,-10.289999],[-55.318908,-10.289465],[-55.318789,-10.289117],[-55.318692,-10.288837],[-55.318581,-10.288494],[-55.318501,-10.288238],[-55.318415,-10.287974],[-55.318355,-10.287786],[-55.31829,-10.287569],[-55.31824,-10.287414],[-55.318201,-10.287316],[-55.318118,-10.28721],[-55.318028,-10.287179],[-55.317944,-10.287174],[-55.317837,-10.287205],[-55.317658,-10.2873],[-55.317536,-10.287373],[-55.317407,-10.287452],[-55.317231,-10.287559],[-55.317055,-10.287657],[-55.3169327,-10.287755],[-55.316735,-10.287834],[-55.316481,-10.287974],[-55.316022,-10.288221],[-55.315782,-10.288352],[-55.315555,-10.288473],[-55.315274,-10.288612],[-55.315023,-10.288732],[-55.314741,-10.288872],[-55.314556,-10.28897],[-55.314239,-10.289143],[-55.313683,-10.289454],[-55.313207,-10.289733],[-55.313024,-10.28984],[-55.312792,-10.289973],[-55.312581,-10.290092],[-55.31237,-10.29021],[-55.312087,-10.29036],[-55.31188,-10.29047],[-55.311742,-10.290538],[-55.31161,-10.290603],[-55.311381,-10.29073],[-55.311348,-10.290764],[-55.311336,-10.290809],[-55.311381,-10.290882],[-55.311526,-10.291091],[-55.311916,-10.291664],[-55.312332,-10.292255],[-55.312528,-10.292548],[-55.312823,-10.292965],[-55.312957,-10.293168],[-55.313155,-10.293438],[-55.313264,-10.293601],[-55.313332,-10.293694],[-55.3134,-10.293766],[-55.31347,-10.29382],[-55.31355,-10.293877],[-55.313586,-10.293899],[-55.313638,-10.293897],[-55.313668,-10.293878],[-55.313698,-10.293837],[-55.313732,-10.29375],[-55.313815,-10.29358],[-55.31389,-10.293405],[-55.313964,-10.293284],[-55.314043,-10.293174],[-55.314133,-10.293084],[-55.314222,-10.293013],[-55.314299,-10.292982],[-55.314388,-10.292973],[-55.314479,-10.29301],[-55.314554,-10.293102],[-55.314591,-10.293212],[-55.314581,-10.293355],[-55.314536,-10.293571],[-55.314504,-10.293695],[-55.314444,-10.294025],[-55.314431,-10.294206],[-55.314463,-10.294458],[-55.314473,-10.294636],[-55.314476,-10.294767],[-55.314465,-10.294853],[-55.314409,-10.295041],[-55.314391,-10.295127],[-55.314399,-10.295191],[-55.314487,-10.295322],[-55.314569,-10.295442],[-55.314748,-10.295709],[-55.315055,-10.296187],[-55.315346,-10.296618],[-55.31544,-10.296767],[-55.315611,-10.297023],[-55.315909,-10.297458],[-55.316082,-10.297714],[-55.31636,-10.298135],[-55.316635,-10.298563],[-55.316831,-10.298846],[-55.317033,-10.299153],[-55.317228,-10.29943],[-55.317434,-10.299742],[-55.317802,-10.300291],[-55.318063,-10.300666],[-55.318298,-10.301018],[-55.318487,-10.301304],[-55.318621,-10.301509],[-55.318719,-10.301653],[-55.318808,-10.301795],[-55.318837,-10.301827],[-55.318873,-10.301832],[-55.31892,-10.301821],[-55.318993,-10.301764],[-55.319192,-10.301612],[-55.319346,-10.301497],[-55.319675,-10.301254],[-55.320041,-10.300977],[-55.320397,-10.30071],[-55.320658,-10.300521],[-55.320834,-10.30039],[-55.321105,-10.300193],[-55.32124,-10.30009],[-55.321476,-10.299911],[-55.321776,-10.299686],[-55.321949,-10.299554]]],[[[-55.3259915,-10.2965156],[-55.325975,-10.296528],[-55.3259915,-10.2965156],[-55.326257,-10.296317],[-55.326459,-10.296164],[-55.326646,-10.296024],[-55.326813,-10.295897],[-55.326988,-10.295763],[-55.327118,-10.295662],[-55.327205,-10.295595],[-55.327251,-10.295562],[-55.327266,-10.295537],[-55.327268,-10.29551],[-55.327248,-10.295473],[-55.327193,-10.295375],[-55.327134,-10.295282],[-55.326936,-10.295095],[-55.326808,-10.294994],[-55.326567,-10.294808],[-55.326344,-10.294641],[-55.32598,-10.294485],[-55.325673,-10.29435],[-55.325451,-10.294194],[-55.325304,-10.294092],[-55.3252411,-10.294013],[-55.325092,-10.293671],[-55.324989,-10.293285],[-55.324859,-10.29295],[-55.324777,-10.29272],[-55.324675,-10.292296],[-55.324645,-10.292026],[-55.324647,-10.291742],[-55.324686,-10.291507],[-55.324769,-10.291329],[-55.32501,-10.290917],[-55.325181,-10.290581],[-55.325358,-10.290217],[-55.3255,-10.289904],[-55.325617,-10.289617],[-55.325685,-10.289243],[-55.325725,-10.28905],[-55.325819,-10.288778],[-55.325918,-10.288469],[-55.325927,-10.288271],[-55.325927,-10.2881],[-55.325951,-10.287924],[-55.326003,-10.287713],[-55.326073,-10.287655],[-55.326173,-10.287587],[-55.326258,-10.2875],[-55.326327,-10.287395],[-55.326395,-10.287197],[-55.326414,-10.287111],[-55.326407,-10.287024],[-55.326304,-10.286772],[-55.32622,-10.286662],[-55.326076,-10.286471],[-55.325909,-10.286172],[-55.325808,-10.285968],[-55.325688,-10.28571],[-55.325572,-10.285496],[-55.325383,-10.28521],[-55.32527,-10.285007],[-55.325192,-10.284856],[-55.325116,-10.284666],[-55.324998,-10.284426],[-55.32495,-10.284347],[-55.324863,-10.28428],[-55.32465,-10.284195],[-55.324268,-10.284106],[-55.324119,-10.284088],[-55.323947,-10.284118],[-55.323694,-10.28422],[-55.323502,-10.28429],[-55.323259,-10.284379],[-55.322785,-10.28453],[-55.322449,-10.284616],[-55.322072,-10.284777],[-55.321733,-10.284939],[-55.3216133,-10.285017],[-55.321217,-10.285208],[-55.321058,-10.285273],[-55.320585,-10.285469],[-55.320424,-10.285543],[-55.320199,-10.285652],[-55.319939,-10.28573],[-55.319689,-10.285836],[-55.319466,-10.285926],[-55.319294,-10.2860003],[-55.318983,-10.286058],[-55.318682,-10.286128],[-55.318279,-10.286205],[-55.317952,-10.286253],[-55.31771,-10.286301],[-55.317494,-10.286385],[-55.317216,-10.286506],[-55.316853,-10.286679],[-55.316696,-10.286753],[-55.316578,-10.286844],[-55.316477,-10.286963],[-55.316283,-10.287155],[-55.316075,-10.287359],[-55.315812,-10.287582],[-55.315635,-10.287739],[-55.3152847,-10.288064],[-55.315026,-10.288257],[-55.314842,-10.288391],[-55.314683,-10.288481],[-55.314519,-10.28859],[-55.31439,-10.288693],[-55.314303,-10.288758],[-55.314274,-10.288765],[-55.314247,-10.288759],[-55.314225,-10.288746],[-55.314118,-10.288579],[-55.314093,-10.288504],[-55.313979,-10.288344],[-55.313867,-10.288217],[-55.313802,-10.288132],[-55.313794,-10.287988],[-55.313866,-10.287842],[-55.313912,-10.287654],[-55.313928,-10.287494],[-55.313909,-10.287339],[-55.313821,-10.287125],[-55.313731,-10.287002],[-55.313553,-10.286726],[-55.313519,-10.286643],[-55.313476,-10.286433],[-55.313486,-10.286387],[-55.31353,-10.286318],[-55.313591,-10.286252],[-55.313669,-10.286043],[-55.313666,-10.285995],[-55.313649,-10.285915],[-55.313588,-10.285798],[-55.313458,-10.285585],[-55.313354,-10.285436],[-55.313204,-10.285242],[-55.313148,-10.285167],[-55.313089,-10.285079],[-55.313069,-10.28486],[-55.313148,-10.284696],[-55.313215,-10.284567],[-55.313367,-10.284319],[-55.313472,-10.284171],[-55.313588,-10.283981],[-55.313771,-10.283719],[-55.313908,-10.28352],[-55.313979,-10.283409],[-55.314024,-10.283331],[-55.314048,-10.283258],[-55.314025,-10.28311],[-55.313986,-10.283037],[-55.313939,-10.282982],[-55.313854,-10.282915],[-55.31364,-10.28277],[-55.313517,-10.282678],[-55.313402,-10.282544],[-55.313326,-10.282406],[-55.313237,-10.28219],[-55.313139,-10.281954],[-55.312997,-10.281701],[-55.312888,-10.281477],[-55.312796,-10.281311],[-55.312745,-10.281219],[-55.312726,-10.281152],[-55.31273,-10.281069],[-55.312763,-10.280985],[-55.312815,-10.280881],[-55.312859,-10.280761],[-55.312868,-10.280586],[-55.312825,-10.280397],[-55.312798,-10.28032],[-55.31278,-10.280256],[-55.31281,-10.280167],[-55.312851,-10.280115],[-55.312929,-10.28005],[-55.313089,-10.279946],[-55.313275,-10.279848],[-55.313437,-10.279724],[-55.313594,-10.279542],[-55.313677,-10.279426],[-55.31378,-10.279286],[-55.313882,-10.279179],[-55.31405,-10.27907],[-55.314214,-10.278967],[-55.314307,-10.278893],[-55.314353,-10.278798],[-55.31436,-10.27868],[-55.314319,-10.278555],[-55.314247,-10.278421],[-55.314186,-10.278318],[-55.314139,-10.278222],[-55.314109,-10.278098],[-55.314111,-10.277975],[-55.314114,-10.277845],[-55.314082,-10.277727],[-55.314035,-10.277606],[-55.313996,-10.277504],[-55.313962,-10.277424],[-55.313929,-10.277386],[-55.313888,-10.277367],[-55.313828,-10.277379],[-55.313757,-10.277413],[-55.313605,-10.277518],[-55.312583,-10.278179],[-55.310316,-10.279667],[-55.30837,-10.280981],[-55.306616,-10.282111],[-55.306213,-10.282398],[-55.306008,-10.282537],[-55.30598,-10.282605],[-55.305997,-10.282703],[-55.306112,-10.282874],[-55.306251,-10.283076],[-55.306576,-10.283585],[-55.306873,-10.284053],[-55.307091,-10.284382],[-55.307411,-10.28487],[-55.307588,-10.28513],[-55.3077,-10.285303],[-55.307806,-10.28543],[-55.307889,-10.285504],[-55.307977,-10.285612],[-55.3080826,-10.2857733],[-55.308445,-10.2854099],[-55.308379,-10.285369],[-55.308332,-10.285327],[-55.308285,-10.285224],[-55.308272,-10.285137],[-55.30828,-10.285031],[-55.308297,-10.284938],[-55.308309,-10.284846],[-55.308341,-10.28476],[-55.308385,-10.284698],[-55.308436,-10.284643],[-55.308509,-10.284604],[-55.308595,-10.284591],[-55.308686,-10.284606],[-55.308782,-10.284646],[-55.3089,-10.284722],[-55.309015,-10.284809],[-55.309094,-10.284862],[-55.309172,-10.28492],[-55.309248,-10.284992],[-55.3093262,-10.2850838],[-55.309346,-10.285136],[-55.309362,-10.285218],[-55.309349,-10.285285],[-55.309321,-10.285348],[-55.309292,-10.28539],[-55.309248,-10.285412],[-55.309186,-10.285427],[-55.309095,-10.28544],[-55.308986,-10.285453],[-55.308871,-10.285464],[-55.308689,-10.285453],[-55.308529,-10.285433],[-55.308509,-10.285427],[-55.308449,-10.285412],[-55.308084,-10.285777],[-55.308161,-10.285895],[-55.3083,-10.286041],[-55.308366,-10.286098],[-55.308429,-10.286212],[-55.308464,-10.286322],[-55.308514,-10.286449],[-55.308545,-10.286538],[-55.3086052,-10.2866755],[-55.308673,-10.286775],[-55.308806,-10.286982],[-55.308949,-10.287186],[-55.309104,-10.287421],[-55.3094,-10.28787],[-55.309773,-10.288444],[-55.31017,-10.289042],[-55.310328,-10.289282],[-55.310516,-10.289553],[-55.310971,-10.290244],[-55.311136,-10.290499],[-55.311222,-10.290634],[-55.311279,-10.290717],[-55.311306,-10.290744],[-55.311351,-10.290732],[-55.311406,-10.290708],[-55.311642,-10.290576],[-55.311889,-10.290448],[-55.312183,-10.29029],[-55.312486,-10.290123],[-55.312951,-10.289862],[-55.313374,-10.289616],[-55.313653,-10.289454],[-55.314014,-10.28925],[-55.314489,-10.288987],[-55.314896,-10.28877],[-55.315126,-10.288653],[-55.315899,-10.288258],[-55.316258,-10.288061],[-55.316527,-10.287915],[-55.316729,-10.287803],[-55.316876,-10.287758],[-55.316965,-10.287674],[-55.317189,-10.287546],[-55.317369,-10.287437],[-55.317566,-10.287317],[-55.317727,-10.287223],[-55.317826,-10.287178],[-55.317917,-10.28715],[-55.317993,-10.287143],[-55.318074,-10.287153],[-55.318148,-10.287195],[-55.318208,-10.287263],[-55.318266,-10.287379],[-55.318328,-10.287593],[-55.318399,-10.287828],[-55.318493,-10.288125],[-55.318562,-10.288345],[-55.318627,-10.288559],[-55.318703,-10.288801],[-55.318841,-10.289201],[-55.318952,-10.289537],[-55.319123,-10.290063],[-55.319337,-10.290658],[-55.319482,-10.291057],[-55.319789,-10.291888],[-55.319928,-10.292273],[-55.320169,-10.292947],[-55.320405,-10.293602],[-55.320616,-10.294194],[-55.320798,-10.29471],[-55.320894,-10.294987],[-55.321015,-10.295328],[-55.321234,-10.295932],[-55.321442,-10.296514],[-55.321562,-10.296848],[-55.32169,-10.297202],[-55.321859,-10.297692],[-55.322024,-10.29815],[-55.322093,-10.298347],[-55.322177,-10.298586],[-55.322256,-10.298803],[-55.322306,-10.298941],[-55.322351,-10.299044],[-55.322387,-10.299095],[-55.322422,-10.299121],[-55.322508,-10.299136],[-55.322587,-10.299078],[-55.32261,-10.299069],[-55.322762,-10.298946],[-55.323092,-10.29869],[-55.323399,-10.298457],[-55.324043,-10.297981],[-55.324291,-10.297794],[-55.324639,-10.297529],[-55.325032,-10.297237],[-55.325378,-10.296978],[-55.325697,-10.296735],[-55.3259915,-10.2965156]]]]}},{"type":"Feature","properties":{"id":"sela1_shape_t8","fazenda_id":"p_sela1","talhao":"T08 - Fogo","nome":"T08 - Fogo","ano":2025,"area_hectares":127.5,"fonte":"SHP Fazenda_Sela_de_Prata_I_poly","partes":2},"geometry":{"type":"MultiPolygon","coordinates":[[[[-55.343131,-10.258018],[-55.342895,-10.258177],[-55.342565,-10.258394],[-55.341688,-10.258972],[-55.341319,-10.259217],[-55.340376,-10.25984],[-55.339849,-10.260194],[-55.33938,-10.260507],[-55.339182,-10.260626],[-55.338957,-10.260782],[-55.338658,-10.260986],[-55.338354,-10.261191],[-55.338175,-10.261313],[-55.338099,-10.26139],[-55.33803,-10.261471],[-55.337949,-10.261542],[-55.337846,-10.261606],[-55.337726,-10.261684],[-55.337641,-10.26174],[-55.337556,-10.261763],[-55.337465,-10.26179],[-55.337377,-10.261841],[-55.337248,-10.261927],[-55.337064,-10.262047],[-55.336697,-10.262299],[-55.336472,-10.262451],[-55.336357,-10.262521],[-55.336274,-10.26258],[-55.336163,-10.262699],[-55.336033,-10.262814],[-55.335696,-10.263033],[-55.33551,-10.263152],[-55.335228,-10.263334],[-55.335018,-10.263465],[-55.33488,-10.263512],[-55.334802,-10.263542],[-55.3347,-10.263604],[-55.334645,-10.263652],[-55.334612,-10.263713],[-55.334502,-10.263825],[-55.334387,-10.263895],[-55.333956,-10.264184],[-55.333752,-10.264291],[-55.333695,-10.264327],[-55.333595,-10.264386],[-55.333528,-10.264436],[-55.333456,-10.264537],[-55.333469,-10.26462],[-55.333563,-10.264703],[-55.333598,-10.264766],[-55.333631,-10.264847],[-55.333691,-10.264941],[-55.333758,-10.265059],[-55.333844,-10.265198],[-55.333954,-10.26535],[-55.3341,-10.265537],[-55.3342743,-10.2657728],[-55.334502,-10.266015],[-55.334657,-10.266217],[-55.335033,-10.26666],[-55.335427,-10.267218],[-55.335623,-10.267476],[-55.335767,-10.267663],[-55.335868,-10.267791],[-55.335994,-10.267917],[-55.336263,-10.268082],[-55.336472,-10.268196],[-55.336734,-10.268289],[-55.336832,-10.268321],[-55.33691,-10.268336],[-55.337053,-10.268304],[-55.337177,-10.268233],[-55.337425,-10.268094],[-55.337662,-10.26799],[-55.337939,-10.2679],[-55.33832,-10.267795],[-55.33852,-10.267759],[-55.338779,-10.267699],[-55.338989,-10.267623],[-55.339132,-10.267545],[-55.339401,-10.267329],[-55.339865,-10.267064],[-55.340133,-10.26692],[-55.34031,-10.266832],[-55.340398,-10.266779],[-55.340513,-10.266728],[-55.340599,-10.266703],[-55.340685,-10.266696],[-55.340804,-10.266699],[-55.341056,-10.266705],[-55.341417,-10.266726],[-55.341801,-10.266782],[-55.342074,-10.266802],[-55.342393,-10.266819],[-55.342966,-10.266908],[-55.343174,-10.26692],[-55.343317,-10.266907],[-55.343619,-10.26686],[-55.343819,-10.266843],[-55.343977,-10.266837],[-55.344202,-10.266856],[-55.344438,-10.266913],[-55.344826,-10.267051],[-55.344966,-10.267111],[-55.345165,-10.267219],[-55.345407,-10.26729],[-55.345647,-10.267362],[-55.345845,-10.267428],[-55.346041,-10.26748],[-55.346321,-10.267564],[-55.346477,-10.267619],[-55.346646,-10.26769],[-55.34679,-10.267777],[-55.3468056,-10.2678385],[-55.346975,-10.267889],[-55.347045,-10.267914],[-55.347143,-10.267927],[-55.347227,-10.267942],[-55.347322,-10.267934],[-55.347396,-10.267911],[-55.347564,-10.267778],[-55.347703,-10.267669],[-55.347847,-10.2675257],[-55.347896,-10.267438],[-55.348025,-10.26725],[-55.348408,-10.26669],[-55.348494,-10.26659],[-55.348687,-10.266406],[-55.348766,-10.266295],[-55.348802,-10.266194],[-55.348812,-10.266097],[-55.348801,-10.266005],[-55.348775,-10.265936],[-55.348711,-10.26584],[-55.348621,-10.265708],[-55.348523,-10.265563],[-55.348382,-10.265346],[-55.348249,-10.265134],[-55.348111,-10.264913],[-55.347936,-10.26464],[-55.34768,-10.264256],[-55.347496,-10.2640219],[-55.347341,-10.263763],[-55.347119,-10.263435],[-55.346976,-10.263213],[-55.346819,-10.262979],[-55.346568,-10.262598],[-55.346289,-10.262181],[-55.346094,-10.261881],[-55.345811,-10.261464],[-55.345555,-10.261078],[-55.345359,-10.260782],[-55.345114,-10.260425],[-55.344869,-10.260076],[-55.344623,-10.259701],[-55.344278,-10.259187],[-55.343989,-10.25876],[-55.343793,-10.258469],[-55.343643,-10.258247],[-55.343479,-10.257994],[-55.343429,-10.257927],[-55.3434,-10.257885],[-55.343373,-10.257867],[-55.343332,-10.257875],[-55.343287,-10.257899],[-55.343231,-10.257939],[-55.343131,-10.258018]]],[[[-55.346954,-10.263153],[-55.347466,-10.263924],[-55.347542,-10.264054],[-55.347789,-10.264393],[-55.348098,-10.264853],[-55.348305,-10.26518],[-55.348423,-10.265359],[-55.348507,-10.265491],[-55.348588,-10.265618],[-55.348685,-10.265758],[-55.348712,-10.265799],[-55.348731,-10.265833],[-55.34878,-10.26586],[-55.348823,-10.265831],[-55.348855,-10.265747],[-55.348912,-10.265594],[-55.349009,-10.265429],[-55.3491,-10.265257],[-55.349216,-10.265091],[-55.349317,-10.264969],[-55.349448,-10.264793],[-55.349532,-10.26468],[-55.349651,-10.264533],[-55.349718,-10.264447],[-55.349782,-10.264335],[-55.349805,-10.264279],[-55.349806,-10.264216],[-55.349792,-10.264156],[-55.349758,-10.264083],[-55.349717,-10.264019],[-55.349619,-10.263882],[-55.349503,-10.263715],[-55.349422,-10.263588],[-55.349352,-10.263489],[-55.349255,-10.263349],[-55.349172,-10.26322],[-55.349071,-10.263056],[-55.348945,-10.262868],[-55.34884,-10.262705],[-55.348689,-10.262479],[-55.34857,-10.262311],[-55.348475,-10.262172],[-55.348365,-10.262005],[-55.348254,-10.261842],[-55.348024,-10.261497],[-55.347808,-10.261164],[-55.34742,-10.260593],[-55.347138,-10.260158],[-55.346853,-10.25973],[-55.346294,-10.258892],[-55.34567,-10.257942],[-55.34531,-10.257405],[-55.345113,-10.257114],[-55.344999,-10.256942],[-55.344956,-10.256888],[-55.344932,-10.256863],[-55.344908,-10.256849],[-55.344877,-10.256856],[-55.344841,-10.256879],[-55.344746,-10.256949],[-55.344618,-10.257028],[-55.344399,-10.257179],[-55.343894,-10.257513],[-55.343687,-10.257639],[-55.343594,-10.257693],[-55.343492,-10.257758],[-55.343445,-10.257788],[-55.343434,-10.257837],[-55.343471,-10.257905],[-55.343676,-10.25821],[-55.343835,-10.258467],[-55.344175,-10.258978],[-55.344375,-10.259274],[-55.344668,-10.25972],[-55.345091,-10.260356],[-55.345341,-10.260728],[-55.346234,-10.262064],[-55.346595,-10.262603],[-55.346954,-10.263153]]]]}},{"type":"Feature","properties":{"id":"sela1_shape_t9","fazenda_id":"p_sela1","talhao":"T09 - Mandiocal","nome":"T09 - Mandiocal","ano":2025,"area_hectares":89.4,"fonte":"SHP Fazenda_Sela_de_Prata_I_poly","partes":1},"geometry":{"type":"Polygon","coordinates":[[[-55.335582,-10.2813389],[-55.335437,-10.2813669],[-55.335309,-10.2813929],[-55.335212,-10.2814119],[-55.3351099,-10.2814299],[-55.335002,-10.2814459],[-55.3348869,-10.2814679],[-55.33474,-10.2814889],[-55.334641,-10.2815049],[-55.3345209,-10.2815239],[-55.334425,-10.2815419],[-55.334281,-10.2815709],[-55.334181,-10.2815879],[-55.33407,-10.2816069],[-55.3339249,-10.2816369],[-55.333824,-10.2816559],[-55.3337119,-10.2816749],[-55.333627,-10.2816929],[-55.33343,-10.2817389],[-55.333288,-10.2817659],[-55.333154,-10.2817899],[-55.333048,-10.2817999],[-55.332964,-10.2817919],[-55.3327429,-10.2817699],[-55.33262,-10.2817289],[-55.332542,-10.2816859],[-55.332385,-10.2815899],[-55.33227,-10.2815159],[-55.3321709,-10.2814509],[-55.332072,-10.2813809],[-55.331968,-10.2813119],[-55.33185,-10.2812349],[-55.3317509,-10.2811619],[-55.331647,-10.2810939],[-55.331535,-10.2810149],[-55.3313879,-10.2809129],[-55.331245,-10.2808129],[-55.331123,-10.2807309],[-55.3310069,-10.2806529],[-55.3308959,-10.2805719],[-55.330717,-10.2804539],[-55.330561,-10.2803519],[-55.3303859,-10.2802359],[-55.330264,-10.2801539],[-55.33017,-10.2800939],[-55.330055,-10.2800249],[-55.329926,-10.2799489],[-55.32982,-10.2798959],[-55.3296989,-10.2798379],[-55.329594,-10.2797829],[-55.3294779,-10.2797439],[-55.329378,-10.2797369],[-55.3292989,-10.2797619],[-55.329226,-10.2798099],[-55.329146,-10.2798829],[-55.329086,-10.2799559],[-55.3290199,-10.2800339],[-55.328963,-10.2801039],[-55.3289049,-10.2801839],[-55.328841,-10.2802589],[-55.328759,-10.2803489],[-55.328686,-10.2804279],[-55.328618,-10.2805009],[-55.32856,-10.2805709],[-55.32848,-10.2806729],[-55.328371,-10.2808089],[-55.328309,-10.2808909],[-55.328199,-10.2810059],[-55.3281,-10.2810839],[-55.327982,-10.2811709],[-55.327861,-10.2812639],[-55.3277209,-10.2813719],[-55.3276179,-10.2814559],[-55.327483,-10.2815799],[-55.327382,-10.2816649],[-55.327296,-10.2817419],[-55.327216,-10.2818309],[-55.327148,-10.2819239],[-55.3270809,-10.2820199],[-55.3270279,-10.2820879],[-55.326937,-10.2821989],[-55.326889,-10.2822739],[-55.326835,-10.2823779],[-55.3267989,-10.2824779],[-55.326778,-10.2825869],[-55.3267602,-10.2826629],[-55.3267375,-10.2827596],[-55.3267013,-10.2829225],[-55.326692,-10.2830636],[-55.3266915,-10.2832315],[-55.326696,-10.2833776],[-55.326723,-10.283537],[-55.3268085,-10.2836077],[-55.3269616,-10.283612],[-55.3272624,-10.2835541],[-55.327441,-10.283527],[-55.327526,-10.283523],[-55.327692,-10.283513],[-55.3277999,-10.2835169],[-55.3278869,-10.283541],[-55.327972,-10.28359],[-55.3280889,-10.283677],[-55.32823,-10.283803],[-55.328343,-10.28389],[-55.328462,-10.283985],[-55.3285889,-10.284098],[-55.3287039,-10.284202],[-55.3287969,-10.284285],[-55.3288969,-10.28439],[-55.3290149,-10.284518],[-55.329115,-10.284629],[-55.329233,-10.284769],[-55.329321,-10.284883],[-55.329403,-10.2849909],[-55.329482,-10.2850929],[-55.329577,-10.285206],[-55.329644,-10.285293],[-55.329756,-10.285426],[-55.329872,-10.285558],[-55.3299869,-10.285671],[-55.33008,-10.285757],[-55.330148,-10.285847],[-55.330226,-10.2859379],[-55.330298,-10.286051],[-55.330357,-10.2861539],[-55.330418,-10.286257],[-55.3305189,-10.2864079],[-55.3306059,-10.286547],[-55.3306939,-10.286691],[-55.330768,-10.286819],[-55.330842,-10.286936],[-55.330924,-10.287067],[-55.331057,-10.28728],[-55.331197,-10.2875],[-55.331289,-10.287632],[-55.331369,-10.287748],[-55.3315,-10.287906],[-55.3315829,-10.288],[-55.3316719,-10.288091],[-55.331775,-10.2882569],[-55.331846,-10.28837],[-55.331953,-10.288544],[-55.332085,-10.28876],[-55.3322049,-10.288938],[-55.33228,-10.28912],[-55.332333,-10.289222],[-55.332383,-10.289307],[-55.3324549,-10.289411],[-55.3325259,-10.289521],[-55.3326,-10.289625],[-55.332674,-10.289744],[-55.3327229,-10.289818],[-55.332774,-10.289881],[-55.332841,-10.289932],[-55.33292,-10.289959],[-55.3330619,-10.289995],[-55.3331439,-10.2900229],[-55.333245,-10.290062],[-55.333345,-10.290085],[-55.3334823,-10.2901235],[-55.3335849,-10.290141],[-55.3336879,-10.290169],[-55.333791,-10.290185],[-55.33393,-10.2901889],[-55.334029,-10.290142],[-55.3341929,-10.290026],[-55.3343033,-10.2899432],[-55.3343526,-10.2899037],[-55.334509,-10.2898054],[-55.3346455,-10.2897065],[-55.3347341,-10.2896456],[-55.334776,-10.2896184],[-55.3348328,-10.2896615],[-55.3344048,-10.2900108],[-55.3342199,-10.2901558],[-55.3340125,-10.290322],[-55.3339312,-10.2903942],[-55.3338996,-10.2904397],[-55.3338674,-10.2904839],[-55.333912,-10.2905408],[-55.333968,-10.290502],[-55.334057,-10.290436],[-55.334185,-10.290331],[-55.334307,-10.2902269],[-55.334436,-10.290124],[-55.33455,-10.290037],[-55.334654,-10.28996],[-55.3347919,-10.289854],[-55.334931,-10.289743],[-55.335045,-10.289654],[-55.335172,-10.289562],[-55.335276,-10.289485],[-55.3353919,-10.289405],[-55.335593,-10.2892315],[-55.335559,-10.289171],[-55.335497,-10.289095],[-55.33535,-10.288933],[-55.335254,-10.288811],[-55.335183,-10.288696],[-55.335081,-10.288526],[-55.334963,-10.288348],[-55.334876,-10.288214],[-55.334781,-10.288039],[-55.334709,-10.287893],[-55.3346089,-10.28767],[-55.334523,-10.287443],[-55.334459,-10.287264],[-55.3343899,-10.287078],[-55.334312,-10.286843],[-55.3341899,-10.286434],[-55.334125,-10.286227],[-55.334043,-10.285993],[-55.3339009,-10.285565],[-55.333839,-10.285345],[-55.333767,-10.285092],[-55.333679,-10.284792],[-55.333604,-10.284549],[-55.333535,-10.28433],[-55.3334609,-10.284092],[-55.333339,-10.28371],[-55.333216,-10.283323],[-55.333131,-10.2830839],[-55.333024,-10.2828379],[-55.33292,-10.2826279],[-55.3328449,-10.2824489],[-55.3328489,-10.2823079],[-55.3328899,-10.2821309],[-55.3329279,-10.2820179],[-55.332976,-10.2818759],[-55.3330099,-10.2817982],[-55.333043,-10.2818016],[-55.332935,-10.2821119],[-55.332893,-10.2822499],[-55.332879,-10.2823769],[-55.332901,-10.2824919],[-55.332949,-10.2826149],[-55.333044,-10.2828139],[-55.333115,-10.2829799],[-55.33318,-10.2831419],[-55.3332959,-10.283487],[-55.333355,-10.283662],[-55.333408,-10.283838],[-55.3334679,-10.28403],[-55.33352,-10.284196],[-55.333585,-10.284396],[-55.3336429,-10.284579],[-55.333703,-10.284765],[-55.333752,-10.2849339],[-55.333822,-10.285175],[-55.333882,-10.285371],[-55.333949,-10.2856009],[-55.334011,-10.285787],[-55.334141,-10.286157],[-55.33421,-10.286357],[-55.3342519,-10.286501],[-55.334296,-10.2866619],[-55.334349,-10.28683],[-55.334416,-10.287029],[-55.334556,-10.287404],[-55.3346269,-10.287587],[-55.334704,-10.287771],[-55.334799,-10.2879649],[-55.334913,-10.288177],[-55.335071,-10.28842],[-55.3351799,-10.288591],[-55.335308,-10.288798],[-55.335429,-10.288945],[-55.335513,-10.289035],[-55.335569,-10.28909],[-55.335595,-10.289113],[-55.3357037,-10.2891639],[-55.335781,-10.289138],[-55.3358659,-10.289074],[-55.335996,-10.288972],[-55.3360779,-10.288903],[-55.336211,-10.288805],[-55.336342,-10.288702],[-55.336747,-10.288404],[-55.336973,-10.288232],[-55.3371929,-10.288069],[-55.337411,-10.287905],[-55.337697,-10.287691],[-55.337976,-10.287481],[-55.3382639,-10.287267],[-55.3385489,-10.287049],[-55.3389039,-10.286781],[-55.3390719,-10.286649],[-55.3392359,-10.286524],[-55.3393119,-10.286467],[-55.3394516,-10.2863609],[-55.3393714,-10.2861745],[-55.3393239,-10.2860698],[-55.339273,-10.2859569],[-55.3392159,-10.285818],[-55.339173,-10.285714],[-55.339106,-10.285554],[-55.339033,-10.285372],[-55.338965,-10.285216],[-55.338898,-10.285049],[-55.338827,-10.284852],[-55.338781,-10.284721],[-55.3387481,-10.2846102],[-55.3382564,-10.2832175],[-55.3381786,-10.2830251],[-55.3381073,-10.2828519],[-55.3380169,-10.2826205],[-55.3379487,-10.2824287],[-55.3378733,-10.282242],[-55.3378041,-10.2820485],[-55.3377411,-10.281874],[-55.3376882,-10.2817135],[-55.3376415,-10.2815854],[-55.3375435,-10.2814568],[-55.3374848,-10.281386],[-55.3373813,-10.281321],[-55.3372006,-10.2812802],[-55.3370911,-10.2812787],[-55.3368173,-10.2812708],[-55.336647,-10.2812575],[-55.3365161,-10.2812507],[-55.3364139,-10.2812409],[-55.3360369,-10.2812659],[-55.335824,-10.2812939],[-55.3356929,-10.2813159],[-55.335582,-10.2813389]]]}},{"type":"Feature","properties":{"id":"sela1_shape_t10","fazenda_id":"p_sela1","talhao":"T10 - Casali","nome":"T10 - Casali","ano":2025,"area_hectares":82.7,"fonte":"SHP Fazenda_Sela_de_Prata_I_poly","partes":1},"geometry":{"type":"Polygon","coordinates":[[[-55.3321448,-10.2918668],[-55.3321792,-10.2919117],[-55.3318339,-10.292144],[-55.3316269,-10.292305],[-55.331364,-10.292505],[-55.331079,-10.292721],[-55.330788,-10.292938],[-55.3305669,-10.293104],[-55.330133,-10.2934289],[-55.32993,-10.293587],[-55.329713,-10.293759],[-55.3295019,-10.293921],[-55.329288,-10.294083],[-55.329069,-10.294242],[-55.3288019,-10.294446],[-55.32861,-10.29459],[-55.328393,-10.294756],[-55.328317,-10.294818],[-55.328246,-10.294889],[-55.328234,-10.29495],[-55.328243,-10.295014],[-55.3282959,-10.29513],[-55.328327,-10.295224],[-55.328372,-10.295465],[-55.328423,-10.295722],[-55.328507,-10.296214],[-55.3285639,-10.29657],[-55.3286259,-10.297009],[-55.328727,-10.297513],[-55.328759,-10.297631],[-55.328844,-10.2978009],[-55.328976,-10.297987],[-55.329131,-10.298213],[-55.329296,-10.298462],[-55.329463,-10.298719],[-55.329615,-10.298947],[-55.330235,-10.2998729],[-55.330418,-10.3001459],[-55.3305469,-10.3003429],[-55.3306849,-10.300547],[-55.330878,-10.300831],[-55.331036,-10.30106],[-55.331245,-10.301375],[-55.33139,-10.301591],[-55.3315379,-10.301806],[-55.331776,-10.302163],[-55.331923,-10.302386],[-55.3320899,-10.302653],[-55.332221,-10.302851],[-55.3323509,-10.303043],[-55.332514,-10.303282],[-55.332634,-10.30346],[-55.332793,-10.303693],[-55.3328729,-10.303813],[-55.332927,-10.303892],[-55.332992,-10.303909],[-55.333139,-10.303813],[-55.333237,-10.303752],[-55.333331,-10.303674],[-55.333499,-10.30352],[-55.3336129,-10.303388],[-55.33372,-10.30326],[-55.333829,-10.303099],[-55.3339259,-10.3029539],[-55.333993,-10.302829],[-55.334095,-10.302626],[-55.334165,-10.302469],[-55.3342589,-10.302286],[-55.334312,-10.302182],[-55.334332,-10.302087],[-55.334321,-10.301983],[-55.3342919,-10.301867],[-55.334263,-10.301729],[-55.3342319,-10.301592],[-55.3342019,-10.301463],[-55.334174,-10.301318],[-55.334145,-10.301194],[-55.334116,-10.3010859],[-55.3340809,-10.3009269],[-55.334055,-10.300803],[-55.334019,-10.300632],[-55.3339939,-10.300485],[-55.333991,-10.300338],[-55.334002,-10.300202],[-55.334032,-10.300051],[-55.334041,-10.299919],[-55.3340189,-10.299777],[-55.333989,-10.299653],[-55.3339259,-10.299417],[-55.333878,-10.299257],[-55.333837,-10.299126],[-55.333782,-10.298932],[-55.333751,-10.29873],[-55.333742,-10.298503],[-55.3337429,-10.298221],[-55.3337469,-10.2979789],[-55.3337509,-10.297786],[-55.333749,-10.297564],[-55.333743,-10.297387],[-55.333764,-10.297189],[-55.333782,-10.297082],[-55.333825,-10.296942],[-55.333886,-10.296788],[-55.333938,-10.2965999],[-55.3339929,-10.296357],[-55.334056,-10.296103],[-55.3341189,-10.295804],[-55.3341499,-10.295557],[-55.3341419,-10.295395],[-55.3340989,-10.295265],[-55.334047,-10.295139],[-55.333978,-10.294969],[-55.33392,-10.294839],[-55.333773,-10.294525],[-55.333636,-10.294249],[-55.333541,-10.294051],[-55.333373,-10.293703],[-55.333281,-10.2935],[-55.333189,-10.293285],[-55.332992,-10.2928829],[-55.332918,-10.29274],[-55.332808,-10.2925079],[-55.332709,-10.292307],[-55.332597,-10.292089],[-55.3325289,-10.291967],[-55.332436,-10.291899],[-55.332365,-10.291863],[-55.332251,-10.291871],[-55.332208,-10.291887],[-55.3321813,-10.2919107],[-55.332138,-10.291846],[-55.331962,-10.291573],[-55.3318439,-10.291322],[-55.331771,-10.291159],[-55.331703,-10.2909959],[-55.331635,-10.290828],[-55.33156,-10.290679],[-55.33148,-10.29055],[-55.3313749,-10.290428],[-55.331232,-10.2902839],[-55.3310829,-10.290131],[-55.330931,-10.289968],[-55.330726,-10.289751],[-55.330538,-10.289563],[-55.33043,-10.289441],[-55.330276,-10.289263],[-55.330145,-10.289105],[-55.329969,-10.288865],[-55.329817,-10.288695],[-55.329653,-10.288526],[-55.329328,-10.288161],[-55.329152,-10.287969],[-55.3289409,-10.2877869],[-55.3288249,-10.28769],[-55.3286769,-10.28754],[-55.328552,-10.287399],[-55.328461,-10.287284],[-55.3283819,-10.2871959],[-55.328299,-10.287114],[-55.3282049,-10.2870304],[-55.3280849,-10.2869568],[-55.3279877,-10.2869483],[-55.3278887,-10.2869978],[-55.3277687,-10.2871999],[-55.3276661,-10.2874782],[-55.3275894,-10.2876856],[-55.3275398,-10.2878367],[-55.3274682,-10.2879715],[-55.3273899,-10.288104],[-55.327319,-10.2882189],[-55.32726,-10.288339],[-55.3272119,-10.288477],[-55.327153,-10.288616],[-55.3270839,-10.288732],[-55.327048,-10.288846],[-55.326855,-10.289376],[-55.326827,-10.28949],[-55.3268009,-10.289627],[-55.32674,-10.289767],[-55.3266639,-10.28991],[-55.3266009,-10.290007],[-55.3265669,-10.290078],[-55.326528,-10.290173],[-55.326489,-10.290276],[-55.326458,-10.290409],[-55.326463,-10.290505],[-55.3264679,-10.290615],[-55.32647,-10.290743],[-55.326473,-10.290848],[-55.326484,-10.290974],[-55.326506,-10.291103],[-55.326555,-10.291275],[-55.3266019,-10.291419],[-55.3266559,-10.291564],[-55.326827,-10.292043],[-55.326889,-10.292187],[-55.3269629,-10.292341],[-55.3270479,-10.292504],[-55.3271279,-10.292651],[-55.327202,-10.292774],[-55.3272879,-10.292929],[-55.327362,-10.293058],[-55.327505,-10.29329],[-55.327582,-10.293418],[-55.327668,-10.293557],[-55.327762,-10.293697],[-55.327911,-10.2939],[-55.328012,-10.294057],[-55.328113,-10.294225],[-55.328176,-10.294359],[-55.328251,-10.294558],[-55.3282819,-10.294648],[-55.328299,-10.2947129],[-55.328312,-10.294762],[-55.328773,-10.294404],[-55.329062,-10.294187],[-55.3293089,-10.294004],[-55.3296399,-10.293748],[-55.329937,-10.2935119],[-55.330276,-10.293256],[-55.330705,-10.292942],[-55.3309669,-10.292742],[-55.331242,-10.292537],[-55.331604,-10.292255],[-55.3318515,-10.2920753],[-55.3320909,-10.2919078],[-55.3321448,-10.2918668]]]}},{"type":"Feature","properties":{"id":"sela1_shape_t11","fazenda_id":"p_sela1","talhao":"T11 - Arroz","nome":"T11 - Arroz","ano":2025,"area_hectares":123.0,"fonte":"SHP Fazenda_Sela_de_Prata_I_poly","partes":1},"geometry":{"type":"Polygon","coordinates":[[[-55.32949,-10.2988719],[-55.329383,-10.298713],[-55.329309,-10.2986019],[-55.329226,-10.2984799],[-55.329164,-10.298391],[-55.329105,-10.2983009],[-55.329038,-10.2982029],[-55.3289749,-10.2981109],[-55.3289239,-10.298036],[-55.328871,-10.2979639],[-55.328781,-10.297821],[-55.328744,-10.2977449],[-55.3287151,-10.2976659],[-55.3286929,-10.297593],[-55.3286745,-10.2975468],[-55.3286635,-10.2974904],[-55.3286508,-10.2974686],[-55.3286213,-10.2974612],[-55.3285979,-10.2974789],[-55.328577,-10.2975089],[-55.3285619,-10.2975429],[-55.32854,-10.2976169],[-55.328521,-10.2976699],[-55.3285039,-10.297723],[-55.3284969,-10.297781],[-55.3284909,-10.297843],[-55.328475,-10.297912],[-55.328443,-10.2979879],[-55.328412,-10.298081],[-55.328371,-10.298172],[-55.328329,-10.2982569],[-55.3282929,-10.29833],[-55.328235,-10.2984339],[-55.328208,-10.2984909],[-55.3281839,-10.2985469],[-55.328165,-10.298591],[-55.328155,-10.298626],[-55.3281359,-10.2986639],[-55.3281061,-10.2987019],[-55.32807,-10.298743],[-55.3280279,-10.298804],[-55.32799,-10.298867],[-55.3279311,-10.298944],[-55.327874,-10.2990309],[-55.327723,-10.2992359],[-55.327683,-10.299288],[-55.3276371,-10.2993509],[-55.3275809,-10.2994229],[-55.327534,-10.2994829],[-55.32749,-10.299547],[-55.3274409,-10.2996229],[-55.327374,-10.299716],[-55.327324,-10.2997789],[-55.327273,-10.2998439],[-55.3272339,-10.299899],[-55.327197,-10.2999489],[-55.32716,-10.30001],[-55.3271139,-10.3001219],[-55.327115,-10.300179],[-55.3271269,-10.3002759],[-55.327135,-10.3003349],[-55.32714,-10.300397],[-55.3271509,-10.300459],[-55.32716,-10.3005589],[-55.3271569,-10.3006179],[-55.327153,-10.300671],[-55.327138,-10.300723],[-55.3270969,-10.3007739],[-55.327052,-10.3007999],[-55.326989,-10.300813],[-55.3269349,-10.3008169],[-55.32688,-10.3008209],[-55.326785,-10.3007919],[-55.326747,-10.300781],[-55.3267019,-10.300772],[-55.326633,-10.300756],[-55.3265799,-10.300756],[-55.326527,-10.3007669],[-55.326485,-10.300798],[-55.32645,-10.300832],[-55.326397,-10.300884],[-55.3263519,-10.3009279],[-55.32631,-10.300978],[-55.3262589,-10.301034],[-55.3262159,-10.3010779],[-55.32617,-10.301125],[-55.326115,-10.3011989],[-55.3260059,-10.3013209],[-55.325895,-10.30144],[-55.3258309,-10.3015099],[-55.325761,-10.3016],[-55.3256969,-10.301681],[-55.325634,-10.301759],[-55.3255269,-10.3018919],[-55.3254629,-10.3019659],[-55.3253909,-10.302039],[-55.3253181,-10.3021109],[-55.325264,-10.3021669],[-55.325204,-10.302236],[-55.325144,-10.302309],[-55.325089,-10.3023859],[-55.3250499,-10.302454],[-55.325,-10.302502],[-55.324943,-10.302546],[-55.324891,-10.3025879],[-55.324826,-10.3026479],[-55.3247709,-10.3027229],[-55.324729,-10.3027829],[-55.324686,-10.3028379],[-55.324635,-10.302916],[-55.3245741,-10.303019],[-55.3244999,-10.3031739],[-55.3244839,-10.303237],[-55.3244209,-10.3033929],[-55.324404,-10.303438],[-55.324389,-10.303518],[-55.324365,-10.303613],[-55.324364,-10.3036359],[-55.324346,-10.303741],[-55.324332,-10.3038339],[-55.324308,-10.3039239],[-55.3242749,-10.304002],[-55.324245,-10.304073],[-55.3242111,-10.3041479],[-55.324173,-10.304222],[-55.324135,-10.3042939],[-55.324049,-10.3044229],[-55.323996,-10.3045179],[-55.3239169,-10.3046579],[-55.3238529,-10.304768],[-55.3237869,-10.3048849],[-55.3236839,-10.3050499],[-55.3235819,-10.305192],[-55.3235099,-10.305283],[-55.3234609,-10.305354],[-55.3234089,-10.3054229],[-55.3233569,-10.3054929],[-55.3233109,-10.305554],[-55.323257,-10.30562],[-55.32318,-10.305708],[-55.323125,-10.305761],[-55.323073,-10.3058029],[-55.323005,-10.305846],[-55.322947,-10.305883],[-55.322856,-10.3059409],[-55.322779,-10.305989],[-55.322705,-10.3060399],[-55.322622,-10.306102],[-55.322533,-10.306156],[-55.322459,-10.306217],[-55.322405,-10.306263],[-55.322312,-10.306336],[-55.3222651,-10.3063849],[-55.322224,-10.3064449],[-55.322207,-10.306502],[-55.3221939,-10.3065499],[-55.322194,-10.306607],[-55.322207,-10.306662],[-55.322232,-10.3067309],[-55.322264,-10.306797],[-55.3223001,-10.3068609],[-55.322362,-10.3069479],[-55.32241,-10.307016],[-55.322462,-10.3070719],[-55.3225859,-10.3072259],[-55.3226339,-10.3073069],[-55.3227,-10.307391],[-55.322754,-10.307473],[-55.3227809,-10.307514],[-55.322817,-10.3075759],[-55.3228599,-10.3076289],[-55.3229759,-10.3078099],[-55.3230381,-10.3079009],[-55.3231289,-10.308038],[-55.3232139,-10.308172],[-55.3233039,-10.3083109],[-55.3234249,-10.3084899],[-55.32349,-10.308593],[-55.3235649,-10.3087019],[-55.3236514,-10.3088219],[-55.3236747,-10.3088502],[-55.3236901,-10.308872],[-55.323758,-10.3089496],[-55.3237743,-10.3089759],[-55.323811,-10.309029],[-55.3238459,-10.3090839],[-55.3238859,-10.309145],[-55.323932,-10.309204],[-55.324077,-10.309403],[-55.324239,-10.3096509],[-55.3243271,-10.3097829],[-55.3244179,-10.309921],[-55.324485,-10.310016],[-55.3245749,-10.3101429],[-55.324676,-10.3102929],[-55.3248099,-10.3104969],[-55.324898,-10.3106279],[-55.3249929,-10.3107659],[-55.325095,-10.3109149],[-55.3251869,-10.311055],[-55.3252769,-10.3111969],[-55.325391,-10.3113679],[-55.3254709,-10.311489],[-55.325576,-10.3116409],[-55.325702,-10.3118249],[-55.325797,-10.3119619],[-55.3258929,-10.3121029],[-55.326019,-10.312293],[-55.326097,-10.31242],[-55.3261901,-10.3125659],[-55.326271,-10.312695],[-55.3263609,-10.3128399],[-55.326448,-10.312962],[-55.3265389,-10.313093],[-55.32662,-10.313208],[-55.326697,-10.3133209],[-55.326785,-10.3134479],[-55.326873,-10.3135829],[-55.3269539,-10.313703],[-55.327054,-10.3138539],[-55.327158,-10.314007],[-55.3272709,-10.314193],[-55.3273759,-10.3143479],[-55.327463,-10.314472],[-55.327553,-10.3146119],[-55.327689,-10.3148099],[-55.327862,-10.315061],[-55.327965,-10.315208],[-55.328058,-10.315341],[-55.3281419,-10.3154609],[-55.3282089,-10.3155549],[-55.328263,-10.3156379],[-55.328306,-10.3156809],[-55.3283609,-10.3156979],[-55.328424,-10.3156879],[-55.3284779,-10.315655],[-55.328522,-10.315617],[-55.328557,-10.31558],[-55.3286979,-10.315447],[-55.328797,-10.3153569],[-55.3288689,-10.3152899],[-55.328957,-10.3152109],[-55.329046,-10.3151299],[-55.329175,-10.315012],[-55.32927,-10.314922],[-55.329367,-10.3148379],[-55.329486,-10.314731],[-55.3295819,-10.314643],[-55.3297169,-10.314519],[-55.329826,-10.3144159],[-55.329964,-10.3142869],[-55.3300109,-10.3142512],[-55.32966,-10.3138678],[-55.329628,-10.3138856],[-55.329598,-10.3139],[-55.329534,-10.313937],[-55.3294809,-10.3139599],[-55.3294309,-10.313976],[-55.329383,-10.3139829],[-55.3293491,-10.3139739],[-55.3293189,-10.31395],[-55.329254,-10.313904],[-55.329178,-10.3138419],[-55.329115,-10.3137839],[-55.3290479,-10.313727],[-55.329013,-10.313681],[-55.3289789,-10.313614],[-55.32895,-10.3135469],[-55.328932,-10.3134849],[-55.328926,-10.3134259],[-55.328947,-10.3133629],[-55.328987,-10.3133179],[-55.3290319,-10.313271],[-55.3290919,-10.3132349],[-55.3291589,-10.31321],[-55.329221,-10.313202],[-55.3292889,-10.313204],[-55.329346,-10.313208],[-55.3294,-10.3132119],[-55.3294679,-10.3132149],[-55.3295311,-10.313219],[-55.329586,-10.313236],[-55.329639,-10.3132589],[-55.329687,-10.313298],[-55.32971,-10.313347],[-55.329724,-10.3134039],[-55.329736,-10.313472],[-55.329738,-10.3135289],[-55.329735,-10.313583],[-55.329733,-10.313638],[-55.3297357,-10.3136672],[-55.3297386,-10.3137119],[-55.329733,-10.3137539],[-55.329719,-10.3137939],[-55.3296948,-10.3138296],[-55.3296602,-10.3138666],[-55.3300109,-10.3142489],[-55.330026,-10.314235],[-55.3300539,-10.3142089],[-55.3300879,-10.3141749],[-55.3301301,-10.314138],[-55.330199,-10.314075],[-55.3302539,-10.314021],[-55.330333,-10.3139419],[-55.3303969,-10.31388],[-55.3304759,-10.3138009],[-55.330545,-10.313723],[-55.330613,-10.313637],[-55.330677,-10.3135639],[-55.33074,-10.313492],[-55.330812,-10.313402],[-55.3308719,-10.313342],[-55.3309319,-10.3132759],[-55.330982,-10.3131889],[-55.331006,-10.313122],[-55.331026,-10.3130489],[-55.331046,-10.3129579],[-55.331058,-10.312874],[-55.3310619,-10.312797],[-55.331061,-10.312729],[-55.3310519,-10.3126649],[-55.331043,-10.3126099],[-55.331023,-10.312549],[-55.330995,-10.312487],[-55.330972,-10.3124389],[-55.3309662,-10.3124128],[-55.3309722,-10.3123867],[-55.330987,-10.312348],[-55.3310039,-10.312302],[-55.3310199,-10.312186],[-55.3310479,-10.3120519],[-55.331088,-10.311936],[-55.3311189,-10.3118129],[-55.3311449,-10.311724],[-55.3311839,-10.3116089],[-55.331217,-10.311501],[-55.331245,-10.3114169],[-55.3312749,-10.3113349],[-55.331324,-10.3112319],[-55.331381,-10.3111369],[-55.331428,-10.311055],[-55.331488,-10.3109449],[-55.33152,-10.310866],[-55.3315259,-10.310802],[-55.3315149,-10.3107229],[-55.3314869,-10.3106489],[-55.3314469,-10.3105889],[-55.331398,-10.3105259],[-55.3313549,-10.3104729],[-55.3312779,-10.3103689],[-55.331197,-10.3102549],[-55.33113,-10.310173],[-55.331082,-10.3100989],[-55.330966,-10.30995],[-55.3309129,-10.309834],[-55.3308915,-10.3097011],[-55.3308915,-10.3096753],[-55.3308949,-10.3096519],[-55.330944,-10.3094789],[-55.330989,-10.309318],[-55.330999,-10.309279],[-55.3310497,-10.3091601],[-55.3311177,-10.3090106],[-55.331199,-10.3088179],[-55.331241,-10.3087289],[-55.33128,-10.3086439],[-55.33131,-10.308572],[-55.3313389,-10.3085069],[-55.331382,-10.308423],[-55.331424,-10.308332],[-55.331462,-10.30824],[-55.3315089,-10.3081269],[-55.331548,-10.3080149],[-55.331611,-10.3078229],[-55.331644,-10.3076759],[-55.331673,-10.3075579],[-55.331699,-10.3074649],[-55.331753,-10.3073189],[-55.3317851,-10.307211],[-55.331837,-10.3070659],[-55.33187,-10.306962],[-55.331893,-10.3068419],[-55.331913,-10.306706],[-55.331907,-10.306618],[-55.331884,-10.3065206],[-55.3318601,-10.3064471],[-55.331839,-10.306377],[-55.331804,-10.306276],[-55.331767,-10.306174],[-55.3317349,-10.3060869],[-55.331707,-10.305975],[-55.331695,-10.305895],[-55.3316869,-10.305804],[-55.3317089,-10.305616],[-55.3317449,-10.3055089],[-55.331778,-10.305433],[-55.331813,-10.305366],[-55.331845,-10.3053059],[-55.331884,-10.3052429],[-55.331936,-10.305155],[-55.331975,-10.3050839],[-55.33202,-10.3050079],[-55.332063,-10.3049499],[-55.3321041,-10.304899],[-55.33215,-10.304845],[-55.332192,-10.304804],[-55.3322979,-10.304707],[-55.332421,-10.304608],[-55.332535,-10.304518],[-55.332639,-10.3044409],[-55.332742,-10.3043599],[-55.33283,-10.304269],[-55.3329309,-10.3041496],[-55.332968,-10.3040789],[-55.332972,-10.304052],[-55.3329659,-10.304031],[-55.3329404,-10.3040046],[-55.332916,-10.3039779],[-55.33284,-10.303866],[-55.332798,-10.3038019],[-55.332731,-10.303703],[-55.332645,-10.3035759],[-55.332545,-10.303428],[-55.3324759,-10.3033259],[-55.332379,-10.3031829],[-55.332302,-10.303068],[-55.332189,-10.302901],[-55.3320961,-10.302759],[-55.331996,-10.3026109],[-55.331922,-10.3024939],[-55.331864,-10.3024],[-55.331794,-10.3022899],[-55.3317661,-10.302251],[-55.3317423,-10.3022396],[-55.3317215,-10.3022382],[-55.3317,-10.3022519],[-55.3316709,-10.302279],[-55.33162,-10.302317],[-55.3314769,-10.3023849],[-55.331411,-10.302416],[-55.331335,-10.3024639],[-55.331263,-10.3025189],[-55.3311829,-10.3025859],[-55.3310969,-10.3026569],[-55.3308559,-10.302862],[-55.3306779,-10.3030169],[-55.3305249,-10.303144],[-55.330352,-10.303292],[-55.33016,-10.303456],[-55.329929,-10.303652],[-55.329696,-10.3038479],[-55.3294599,-10.3040439],[-55.329278,-10.304204],[-55.329038,-10.304406],[-55.3288709,-10.30455],[-55.3287,-10.3046929],[-55.3285329,-10.304838],[-55.3283519,-10.304994],[-55.3281519,-10.3051599],[-55.327924,-10.3053509],[-55.327735,-10.305512],[-55.327554,-10.3056649],[-55.32734,-10.30585],[-55.32715,-10.306013],[-55.3269709,-10.306161],[-55.3267299,-10.3063699],[-55.326562,-10.306515],[-55.326401,-10.3066489],[-55.32628,-10.3067479],[-55.326146,-10.306859],[-55.3260189,-10.3069639],[-55.3258759,-10.3070859],[-55.325725,-10.307217],[-55.325585,-10.307345],[-55.325422,-10.307488],[-55.3252949,-10.307604],[-55.325187,-10.3077009],[-55.3250749,-10.307791],[-55.324972,-10.307873],[-55.324879,-10.307948],[-55.324798,-10.308019],[-55.3246729,-10.3081189],[-55.324501,-10.308263],[-55.3242189,-10.3084999],[-55.324033,-10.308658],[-55.323917,-10.3087579],[-55.323836,-10.308833],[-55.3237886,-10.3088912],[-55.323777,-10.3089209],[-55.323766,-10.3089476],[-55.3236964,-10.3088701],[-55.3237266,-10.3088672],[-55.3237554,-10.3088488],[-55.3238014,-10.3088149],[-55.323854,-10.308772],[-55.323968,-10.3086749],[-55.3241191,-10.308546],[-55.324288,-10.3083989],[-55.324415,-10.3082859],[-55.3246739,-10.3080719],[-55.324885,-10.307905],[-55.325119,-10.307716],[-55.325304,-10.3075489],[-55.325436,-10.3074309],[-55.325558,-10.3073169],[-55.325728,-10.3071659],[-55.3258859,-10.3070329],[-55.326051,-10.3068939],[-55.3261829,-10.306783],[-55.326411,-10.306601],[-55.326595,-10.306446],[-55.326808,-10.306267],[-55.327066,-10.3060439],[-55.327308,-10.3058389],[-55.3275089,-10.305666],[-55.32772,-10.3054899],[-55.327914,-10.3053269],[-55.328125,-10.305145],[-55.3283289,-10.304971],[-55.3284539,-10.304864],[-55.328578,-10.3047589],[-55.3287379,-10.3046229],[-55.328864,-10.3045169],[-55.3289789,-10.3044239],[-55.3290391,-10.3043709],[-55.32921,-10.304225],[-55.329357,-10.304099],[-55.32953,-10.303947],[-55.3297079,-10.3038009],[-55.329904,-10.3036349],[-55.330093,-10.303474],[-55.3303099,-10.303289],[-55.330439,-10.303181],[-55.330541,-10.303095],[-55.3306479,-10.3030049],[-55.330768,-10.3029029],[-55.3308929,-10.302798],[-55.330997,-10.3027059],[-55.331097,-10.3026239],[-55.331189,-10.3025449],[-55.3312659,-10.30248],[-55.3313961,-10.302383],[-55.3314649,-10.302348],[-55.3315321,-10.302319],[-55.3315939,-10.302278],[-55.3316389,-10.3022418],[-55.3316609,-10.3022138],[-55.3316786,-10.3021864],[-55.3316759,-10.3021469],[-55.331668,-10.3021049],[-55.331645,-10.3020559],[-55.3315959,-10.301985],[-55.3315469,-10.3019109],[-55.331476,-10.3018099],[-55.331399,-10.301698],[-55.331313,-10.3015769],[-55.331242,-10.301473],[-55.3311669,-10.3013629],[-55.3311009,-10.301259],[-55.331015,-10.301127],[-55.3309449,-10.3010239],[-55.330846,-10.3008789],[-55.330774,-10.300772],[-55.330689,-10.3006499],[-55.330611,-10.300533],[-55.3305249,-10.300407],[-55.330441,-10.3002819],[-55.3303279,-10.3001109],[-55.3302479,-10.2999929],[-55.33016,-10.2998629],[-55.3300659,-10.2997229],[-55.329961,-10.299567],[-55.3298499,-10.2994019],[-55.32976,-10.2992699],[-55.329685,-10.299158],[-55.329564,-10.298978],[-55.32949,-10.2988719]]]}},{"type":"Feature","properties":{"id":"sela1_shape_t12","fazenda_id":"p_sela1","talhao":"T12 - Dos Nene","nome":"T12 - Dos Nene","ano":2025,"area_hectares":62.7,"fonte":"SHP Fazenda_Sela_de_Prata_I_poly","partes":2},"geometry":{"type":"MultiPolygon","coordinates":[[[[-55.350681,-10.306936],[-55.350653,-10.306976],[-55.350639,-10.306997],[-55.350629,-10.307026],[-55.350646,-10.307048],[-55.350681,-10.307062],[-55.350732,-10.307071],[-55.350802,-10.307087],[-55.35089,-10.307107],[-55.351004,-10.307131],[-55.351103,-10.307152],[-55.351207,-10.307175],[-55.351342,-10.307201],[-55.351498,-10.307231],[-55.351654,-10.307259],[-55.351816,-10.307288],[-55.351981,-10.30732],[-55.352156,-10.307356],[-55.352301,-10.307385],[-55.352417,-10.3074141],[-55.352594,-10.307441],[-55.352763,-10.307471],[-55.352872,-10.307491],[-55.353003,-10.307518],[-55.353147,-10.307545],[-55.353224,-10.307561],[-55.353299,-10.307576],[-55.35336,-10.307589],[-55.353439,-10.30762],[-55.353524,-10.307667],[-55.353577,-10.307702],[-55.353613,-10.30773],[-55.35364,-10.307756],[-55.353664,-10.307769],[-55.353687,-10.30776],[-55.3537254,-10.3077431],[-55.353728,-10.307689],[-55.353671,-10.307646],[-55.353589,-10.307581],[-55.353504,-10.307537],[-55.353454,-10.307516],[-55.353377,-10.307488],[-55.3533096,-10.307478],[-55.3531837,-10.3073454],[-55.3530731,-10.3072414],[-55.352942,-10.307068],[-55.352608,-10.306731],[-55.352529,-10.306647],[-55.352497,-10.306619],[-55.352459,-10.306617],[-55.352416,-10.30662],[-55.352373,-10.30662],[-55.352338,-10.306602],[-55.352287,-10.306549],[-55.352217,-10.306481],[-55.352123,-10.306378],[-55.352096,-10.306333],[-55.352086,-10.30629],[-55.352077,-10.306229],[-55.352058,-10.30617],[-55.352009,-10.306109],[-55.351948,-10.306043],[-55.351879,-10.305979],[-55.351796,-10.305891],[-55.351704,-10.305797],[-55.351603,-10.305745],[-55.351553,-10.30575],[-55.351502,-10.305781],[-55.351447,-10.305822],[-55.351311,-10.305939],[-55.351211,-10.306023],[-55.351021,-10.306184],[-55.3510056,-10.3061981],[-55.350972,-10.306233],[-55.350929,-10.306291],[-55.350895,-10.306361],[-55.350877,-10.306467],[-55.350862,-10.306521],[-55.350856,-10.306582],[-55.3508568,-10.3066158],[-55.350812,-10.30673],[-55.35078,-10.306799],[-55.350732,-10.306877],[-55.350681,-10.306936]]],[[[-55.350622,-10.307097],[-55.350617,-10.307238],[-55.350629,-10.307344],[-55.35063,-10.30744],[-55.3506546,-10.3076],[-55.350663,-10.307777],[-55.350659,-10.307855],[-55.350639,-10.307954],[-55.350598,-10.308105],[-55.350582,-10.30817],[-55.350565,-10.308241],[-55.350546,-10.30834],[-55.350546,-10.308434],[-55.350559,-10.308502],[-55.350634,-10.30864],[-55.350696,-10.308726],[-55.350736,-10.308787],[-55.350807,-10.308954],[-55.350832,-10.309087],[-55.350826,-10.309158],[-55.3508224,-10.3093004],[-55.350811,-10.309413],[-55.3507957,-10.3095694],[-55.350733,-10.309744],[-55.350714,-10.309829],[-55.350705,-10.309888],[-55.350703,-10.309939],[-55.350729,-10.310048],[-55.350762,-10.310111],[-55.350827,-10.310188],[-55.350965,-10.310329],[-55.351056,-10.310421],[-55.35118,-10.310542],[-55.351568,-10.310941],[-55.351741,-10.311111],[-55.351973,-10.311348],[-55.352201,-10.311581],[-55.352419,-10.311809],[-55.352606,-10.311997],[-55.352814,-10.312207],[-55.352907,-10.312298],[-55.352978,-10.312369],[-55.353108,-10.312493],[-55.353235,-10.312585],[-55.353337,-10.312634],[-55.353404,-10.312658],[-55.353452,-10.31267],[-55.353592,-10.312681],[-55.353663,-10.312675],[-55.353755,-10.312675],[-55.353879,-10.312688],[-55.353954,-10.312687],[-55.354159,-10.312691],[-55.354361,-10.312695],[-55.354478,-10.312692],[-55.354577,-10.312696],[-55.354791,-10.312716],[-55.354891,-10.312725],[-55.355008,-10.312737],[-55.355212,-10.312789],[-55.3553123,-10.3128138],[-55.355462,-10.312936],[-55.355575,-10.313024],[-55.355678,-10.3131],[-55.355791,-10.313187],[-55.355918,-10.313285],[-55.356033,-10.31338],[-55.356134,-10.313466],[-55.356207,-10.31353],[-55.356279,-10.3136],[-55.356323,-10.313638],[-55.356369,-10.313688],[-55.356369,-10.313713],[-55.356341,-10.313714],[-55.356316,-10.313695],[-55.3563004,-10.3136759],[-55.3562508,-10.3136425],[-55.356147,-10.31353],[-55.356106,-10.31349],[-55.3560295,-10.3134279],[-55.355898,-10.313325],[-55.355842,-10.313282],[-55.355776,-10.313231],[-55.355682,-10.313171],[-55.355536,-10.31309],[-55.355349,-10.312966],[-55.355071,-10.312838],[-55.35484,-10.312847],[-55.35467,-10.312851],[-55.354461,-10.312885],[-55.354291,-10.312952],[-55.354073,-10.313047],[-55.353953,-10.313162],[-55.353932,-10.313285],[-55.354024,-10.31344],[-55.354127,-10.31354],[-55.354379,-10.313799],[-55.354643,-10.314071],[-55.354903,-10.314336],[-55.355097,-10.314534],[-55.355307,-10.314742],[-55.355581,-10.315023],[-55.355875,-10.315328],[-55.356106,-10.315566],[-55.356294,-10.315759],[-55.356451,-10.315921],[-55.35663,-10.316111],[-55.356842,-10.316328],[-55.357219,-10.316713],[-55.357733,-10.317211],[-55.357919,-10.317374],[-55.358122,-10.317613],[-55.358252,-10.317747],[-55.358462,-10.31797],[-55.358616,-10.318125],[-55.358813,-10.318321],[-55.359157,-10.318685],[-55.359294,-10.318838],[-55.3593292,-10.3189344],[-55.359478,-10.31891],[-55.359525,-10.318884],[-55.3597069,-10.3187933],[-55.359904,-10.318559],[-55.360085,-10.318402],[-55.36033,-10.318191],[-55.360518,-10.318026],[-55.3607903,-10.3178015],[-55.361145,-10.3174667],[-55.3613396,-10.3172865],[-55.361552,-10.317105],[-55.361764,-10.316925],[-55.361969,-10.3167553],[-55.362072,-10.316663],[-55.36212,-10.316624],[-55.36214,-10.316592],[-55.362147,-10.316566],[-55.362141,-10.316534],[-55.362099,-10.316494],[-55.361905,-10.316298],[-55.361759,-10.316149],[-55.36145,-10.315817],[-55.359604,-10.313933],[-55.35733,-10.311604],[-55.354506,-10.308706],[-55.354311,-10.308498],[-55.354134,-10.308312],[-55.353978,-10.308146],[-55.353747,-10.307904],[-55.353644,-10.307804],[-55.353573,-10.307746],[-55.353505,-10.307694],[-55.353433,-10.30765],[-55.353346,-10.307615],[-55.35326,-10.307587],[-55.35317,-10.307569],[-55.353074,-10.307551],[-55.352977,-10.307534],[-55.352879,-10.307517],[-55.352515,-10.307451],[-55.352286,-10.30741],[-55.352061,-10.307373],[-55.351851,-10.307331],[-55.351572,-10.307278],[-55.351435,-10.307249],[-55.351235,-10.307208],[-55.350657,-10.307088],[-55.3506393,-10.307085],[-55.350622,-10.307097]]]]}},{"type":"Feature","properties":{"id":"sela1_shape_t13","fazenda_id":"p_sela1","talhao":"T14 - Dos Nene","nome":"T14 - Dos Nene","ano":2025,"area_hectares":95.8,"fonte":"SHP Fazenda_Sela_de_Prata_I_poly","partes":4},"geometry":{"type":"MultiPolygon","coordinates":[[[[-55.364083,-10.323283],[-55.36405,-10.323357],[-55.364034,-10.323425],[-55.364028,-10.323482],[-55.364068,-10.32363],[-55.36422,-10.323809],[-55.36665,-10.3263],[-55.372038,-10.331758],[-55.372397,-10.332122],[-55.37266,-10.332372],[-55.372777,-10.332493],[-55.3728333,-10.3325605],[-55.372932,-10.33255],[-55.372983,-10.332518],[-55.373092,-10.332401],[-55.373222,-10.33228],[-55.373476,-10.33198],[-55.373707,-10.331766],[-55.3737869,-10.3316832],[-55.373951,-10.331642],[-55.374035,-10.33163],[-55.374092,-10.331599],[-55.374143,-10.331545],[-55.374186,-10.331451],[-55.374217,-10.331357],[-55.374247,-10.331265],[-55.374263,-10.33123],[-55.374297,-10.331212],[-55.3742867,-10.3312092],[-55.374302,-10.331223],[-55.374292,-10.331249],[-55.374259,-10.33132],[-55.374227,-10.331402],[-55.374204,-10.331489],[-55.374196,-10.331564],[-55.37423,-10.331653],[-55.374321,-10.3317518],[-55.374578,-10.331863],[-55.37516,-10.331828],[-55.3755913,-10.3317776],[-55.375881,-10.331786],[-55.376044,-10.331767],[-55.376273,-10.331685],[-55.376417,-10.331633],[-55.376518,-10.331583],[-55.376595,-10.331522],[-55.3766747,-10.3314705],[-55.376649,-10.331304],[-55.376599,-10.331233],[-55.376515,-10.331145],[-55.374382,-10.328956],[-55.367756,-10.322184],[-55.364824,-10.319197],[-55.364609,-10.319009],[-55.364514,-10.318902],[-55.364458,-10.318851],[-55.36439,-10.318812],[-55.364348,-10.318813],[-55.364312,-10.318845],[-55.364282,-10.318882],[-55.364263,-10.318965],[-55.3642387,-10.3191519],[-55.364235,-10.319352],[-55.364192,-10.319787],[-55.364148,-10.320416],[-55.364176,-10.320791],[-55.36429,-10.321113],[-55.364459,-10.321605],[-55.3645706,-10.3221874],[-55.3645096,-10.3224468],[-55.364231,-10.323055],[-55.364083,-10.323283]]],[[[-55.376535,-10.332296],[-55.376809,-10.332279],[-55.376535,-10.332296],[-55.376377,-10.332242],[-55.3761292,-10.3321533],[-55.376003,-10.332128],[-55.375541,-10.332095],[-55.375206,-10.3321733],[-55.3750114,-10.3323612],[-55.374626,-10.332745],[-55.37444,-10.332996],[-55.374343,-10.333169],[-55.374278,-10.333312],[-55.374218,-10.33348],[-55.374171,-10.333595],[-55.374143,-10.333672],[-55.374129,-10.333727],[-55.37416,-10.333769],[-55.374216,-10.333807],[-55.374382,-10.333885],[-55.374665,-10.333974],[-55.37488,-10.334041],[-55.375204,-10.334137],[-55.375416,-10.334193],[-55.375658,-10.334254],[-55.375805,-10.334296],[-55.37597,-10.334355],[-55.376198,-10.334453],[-55.37632,-10.334529],[-55.376517,-10.33466],[-55.376697,-10.334818],[-55.376911,-10.334991],[-55.377191,-10.335204],[-55.37723,-10.335219],[-55.37726,-10.335254],[-55.377384,-10.335388],[-55.37749,-10.335501],[-55.377738,-10.335747],[-55.37798,-10.335991],[-55.378181,-10.336202],[-55.378442,-10.336423],[-55.378559,-10.336512],[-55.378634,-10.336566],[-55.378702,-10.336608],[-55.378741,-10.336605],[-55.378768,-10.336581],[-55.3787918,-10.3365488],[-55.378831,-10.336376],[-55.37884,-10.336191],[-55.378836,-10.335953],[-55.378846,-10.335689],[-55.378852,-10.335585],[-55.378841,-10.335508],[-55.378803,-10.335441],[-55.378697,-10.335332],[-55.378518,-10.335159],[-55.3783302,-10.3349619],[-55.3782196,-10.3348522],[-55.378039,-10.334662],[-55.37786,-10.334479],[-55.377594,-10.334207],[-55.377486,-10.334091],[-55.377402,-10.334005],[-55.377341,-10.333953],[-55.377308,-10.33394],[-55.377274,-10.333953],[-55.377228,-10.333995],[-55.377123,-10.334102],[-55.377069,-10.334158],[-55.377028,-10.334203],[-55.37699,-10.334236],[-55.3769798,-10.3342381],[-55.37696,-10.33423],[-55.377033,-10.33416],[-55.377141,-10.334057],[-55.377236,-10.33396],[-55.377295,-10.333906],[-55.377312,-10.333901],[-55.377327,-10.333901],[-55.377384,-10.333964],[-55.377576,-10.334168],[-55.377764,-10.334366],[-55.377959,-10.334563],[-55.3782,-10.334805],[-55.378366,-10.334976],[-55.378525,-10.335137],[-55.378664,-10.335277],[-55.37881,-10.335423],[-55.378845,-10.335458],[-55.378878,-10.335476],[-55.378917,-10.335461],[-55.378959,-10.335429],[-55.378993,-10.335395],[-55.37902,-10.335344],[-55.37903,-10.335261],[-55.37901,-10.335117],[-55.378985,-10.335002],[-55.378937,-10.334806],[-55.378936,-10.334689],[-55.3790436,-10.3345613],[-55.3790436,-10.3344278],[-55.379009,-10.334182],[-55.378992,-10.334059],[-55.3789902,-10.3338852],[-55.378934,-10.333628],[-55.378826,-10.333515],[-55.378676,-10.333375],[-55.3783875,-10.3330126],[-55.378084,-10.332771],[-55.37792,-10.332603],[-55.377721,-10.332408],[-55.37745,-10.332294],[-55.377182,-10.332281],[-55.376809,-10.332279],[-55.376535,-10.332296]]],[[[-55.374326,-10.334112],[-55.3744278,-10.3342257],[-55.374803,-10.334496],[-55.374941,-10.3346],[-55.375089,-10.334667],[-55.375185,-10.334705],[-55.37531,-10.334796],[-55.375358,-10.334875],[-55.375412,-10.334973],[-55.375462,-10.335105],[-55.375526,-10.335274],[-55.375602,-10.335403],[-55.375738,-10.33554],[-55.3757973,-10.3355818],[-55.3759,-10.335705],[-55.376133,-10.335935],[-55.3765106,-10.3362837],[-55.376688,-10.336513],[-55.376883,-10.336701],[-55.376993,-10.336813],[-55.377085,-10.33688],[-55.377169,-10.336926],[-55.377265,-10.337011],[-55.377341,-10.337086],[-55.3774147,-10.3371506],[-55.377455,-10.337161],[-55.377546,-10.337146],[-55.377757,-10.337069],[-55.378027,-10.336959],[-55.378231,-10.3368979],[-55.378378,-10.336819],[-55.37853,-10.336764],[-55.37857,-10.336733],[-55.378589,-10.336709],[-55.378597,-10.336679],[-55.37857,-10.336645],[-55.378524,-10.336605],[-55.378451,-10.336554],[-55.3782768,-10.3364487],[-55.378021,-10.336194],[-55.377863,-10.336023],[-55.377669,-10.335825],[-55.377492,-10.335653],[-55.3773537,-10.3355207],[-55.3772583,-10.3354292],[-55.3771973,-10.3353653],[-55.3771477,-10.3353043],[-55.377142,-10.335242],[-55.3770142,-10.3351316],[-55.376861,-10.335009],[-55.376726,-10.334898],[-55.376563,-10.334758],[-55.376188,-10.334493],[-55.375953,-10.334384],[-55.375757,-10.334324],[-55.375439,-10.334238],[-55.374942,-10.334102],[-55.374721,-10.334035],[-55.374508,-10.333972],[-55.374325,-10.333907],[-55.3741837,-10.3338499],[-55.3741455,-10.3338375],[-55.374114,-10.333865],[-55.374139,-10.333899],[-55.37424,-10.334016],[-55.374326,-10.334112]]],[[[-55.37944,-10.336873],[-55.379407,-10.336906],[-55.379407,-10.336942],[-55.379473,-10.337048],[-55.379566,-10.337272],[-55.37961,-10.337358],[-55.37965,-10.337435],[-55.379705,-10.337513],[-55.379756,-10.337578],[-55.379814,-10.3377],[-55.379794,-10.337861],[-55.379759,-10.337934],[-55.379681,-10.337977],[-55.379537,-10.338058],[-55.379439,-10.338128],[-55.379332,-10.338222],[-55.379265,-10.33829],[-55.379193,-10.338383],[-55.379131,-10.338521],[-55.379106,-10.338594],[-55.379089,-10.338692],[-55.379078,-10.338752],[-55.37908,-10.338827],[-55.37911,-10.338923],[-55.379248,-10.339096],[-55.379378,-10.339234],[-55.379508,-10.339373],[-55.379675,-10.33954],[-55.379741,-10.3396],[-55.379828,-10.339688],[-55.37991,-10.339768],[-55.38002,-10.33988],[-55.380097,-10.339936],[-55.380157,-10.339954],[-55.380224,-10.339949],[-55.380292,-10.339901],[-55.380369,-10.339828],[-55.380449,-10.339734],[-55.380558,-10.339632],[-55.380704,-10.339487],[-55.380856,-10.339347],[-55.380983,-10.339227],[-55.381091,-10.339125],[-55.3812,-10.339016],[-55.38128,-10.33892],[-55.381331,-10.33882],[-55.381367,-10.338751],[-55.3814354,-10.3387041],[-55.3814964,-10.3387022],[-55.381569,-10.338663],[-55.381664,-10.338577],[-55.381746,-10.338433],[-55.38176,-10.338327],[-55.3817863,-10.3382635],[-55.381881,-10.338205],[-55.381948,-10.338169],[-55.382,-10.338128],[-55.382055,-10.338081],[-55.382112,-10.338054],[-55.382173,-10.338035],[-55.382226,-10.338008],[-55.382301,-10.337941],[-55.382384,-10.337878],[-55.382439,-10.337828],[-55.382493,-10.337765],[-55.382524,-10.337715],[-55.382533,-10.337673],[-55.382556,-10.337633],[-55.382553,-10.337613],[-55.382565,-10.337552],[-55.382562,-10.33753],[-55.382572,-10.337506],[-55.382621,-10.337505],[-55.382629,-10.337488],[-55.382619,-10.337465],[-55.382595,-10.337441],[-55.38256,-10.337402],[-55.382529,-10.337359],[-55.382495,-10.337319],[-55.382461,-10.337278],[-55.382415,-10.337233],[-55.382365,-10.337183],[-55.382317,-10.337135],[-55.38227,-10.337088],[-55.381811,-10.336615],[-55.381501,-10.336298],[-55.381073,-10.3358364],[-55.380886,-10.335673],[-55.380735,-10.335614],[-55.380446,-10.335799],[-55.380051,-10.336208],[-55.37944,-10.336873]]]]}},{"type":"Feature","properties":{"id":"sela1_shape_t14","fazenda_id":"p_sela1","talhao":"T15 - TalhNo 15","nome":"T15 - TalhNo 15","ano":2025,"area_hectares":52.7,"fonte":"SHP Fazenda_Sela_de_Prata_I_poly","partes":2},"geometry":{"type":"MultiPolygon","coordinates":[[[[-55.3331668,-10.3230611],[-55.3331888,-10.3230496],[-55.3331708,-10.3230619],[-55.3331773,-10.3230795],[-55.333209,-10.3230944],[-55.3332424,-10.3230935],[-55.3332767,-10.3230847],[-55.3333102,-10.3230838],[-55.3333372,-10.3230652],[-55.3333657,-10.3230305],[-55.3334006,-10.3230132],[-55.3334364,-10.3229879],[-55.3334732,-10.3229544],[-55.3335084,-10.3229369],[-55.3335436,-10.3229194],[-55.33359,-10.3228791],[-55.3336092,-10.3228581],[-55.3336366,-10.3228387],[-55.3336651,-10.322811],[-55.3337019,-10.322785],[-55.3337295,-10.3227654],[-55.3337583,-10.3227374],[-55.3337965,-10.3227028],[-55.3338266,-10.3226663],[-55.3338478,-10.3226367],[-55.3338762,-10.3226171],[-55.3338975,-10.3225874],[-55.3339273,-10.3225593],[-55.3339488,-10.3225294],[-55.3339871,-10.322503],[-55.3340171,-10.3224748],[-55.3340375,-10.3224529],[-55.3340676,-10.3224243],[-55.3340881,-10.3224023],[-55.3341268,-10.3223753],[-55.3341487,-10.3223446],[-55.3341681,-10.3223311],[-55.3341902,-10.3223003],[-55.3342207,-10.3222711],[-55.3342514,-10.3222419],[-55.3343046,-10.3221814],[-55.3343342,-10.3221607],[-55.3343468,-10.3221362],[-55.3343765,-10.3221154],[-55.3344105,-10.322068],[-55.3344305,-10.322054],[-55.3344619,-10.3220241],[-55.3344862,-10.3219834],[-55.3345049,-10.3219781],[-55.3345365,-10.321948],[-55.3345683,-10.3219177],[-55.3346087,-10.321889],[-55.3346437,-10.3218405],[-55.3346727,-10.3218278],[-55.3347152,-10.3217898],[-55.3347475,-10.3217589],[-55.3347783,-10.321737],[-55.3348211,-10.3216983],[-55.3348625,-10.3216687],[-55.3348849,-10.3216446],[-55.334937,-10.3216073],[-55.3349788,-10.3215774],[-55.3350015,-10.3215531],[-55.3350313,-10.3215398],[-55.3350646,-10.3215078],[-55.3350964,-10.3214851],[-55.3351406,-10.3214452],[-55.3351725,-10.3214223],[-55.3351938,-10.321407],[-55.3352563,-10.3213705],[-55.3352885,-10.3213474],[-55.3353209,-10.3213242],[-55.3353552,-10.3212914],[-55.3353858,-10.3212776],[-55.3354293,-10.3212469],[-55.3354709,-10.3212257],[-55.3355037,-10.3212025],[-55.3355515,-10.3211522],[-55.3356086,-10.3211035],[-55.3356639,-10.3210646],[-55.3356881,-10.3210393],[-55.3357236,-10.3210061],[-55.3357773,-10.3209767],[-55.3358151,-10.3209335],[-55.3358284,-10.3209157],[-55.3358777,-10.3208643],[-55.3359272,-10.3208126],[-55.3359543,-10.3207765],[-55.3359928,-10.3207322],[-55.3360201,-10.3206959],[-55.3360475,-10.3206594],[-55.3360981,-10.3206063],[-55.3361419,-10.3205408],[-55.3361767,-10.320516],[-55.3362139,-10.3204809],[-55.3362419,-10.3204436],[-55.3362724,-10.3203958],[-55.336296,-10.3203354],[-55.3363268,-10.3202872],[-55.3363481,-10.3202372],[-55.336372,-10.3201766],[-55.3363981,-10.3201492],[-55.3364173,-10.3201092],[-55.3364487,-10.3200598],[-55.3365018,-10.3200033],[-55.3365527,-10.3199574],[-55.3366038,-10.3199112],[-55.3366429,-10.3198738],[-55.3366971,-10.3198163],[-55.3367735,-10.3197514],[-55.3368107,-10.319724],[-55.3368508,-10.3196854],[-55.336916,-10.3196282],[-55.3369718,-10.3195688],[-55.3370321,-10.3195334],[-55.3370984,-10.3194753],[-55.3371337,-10.3194584],[-55.3371976,-10.3194113],[-55.337249,-10.3193733],[-55.3373006,-10.3193353],[-55.3373394,-10.3193066],[-55.3373944,-10.3192568],[-55.3374305,-10.3192394],[-55.3374697,-10.3192105],[-55.3375122,-10.3191698],[-55.3375516,-10.3191407],[-55.3375911,-10.3191118],[-55.3376337,-10.3190713],[-55.3376697,-10.3190169],[-55.337726,-10.3189663],[-55.3377425,-10.3189447],[-55.3377689,-10.3188875],[-55.3377886,-10.3188159],[-55.3377818,-10.3188018],[-55.3377347,-10.3188176],[-55.3376775,-10.3188312],[-55.3376269,-10.3188209],[-55.3375454,-10.3187665],[-55.337501,-10.3187322],[-55.3374433,-10.3187078],[-55.3373918,-10.3186592],[-55.3373512,-10.318651],[-55.3372862,-10.3186125],[-55.3372515,-10.3185801],[-55.3372413,-10.3185782],[-55.3372066,-10.3185458],[-55.337131,-10.3185054],[-55.3370697,-10.3184936],[-55.3370288,-10.3184857],[-55.3364379,-10.3184099],[-55.3364277,-10.3184079],[-55.3363892,-10.318426],[-55.3363226,-10.3184642],[-55.3362805,-10.3184941],[-55.3362144,-10.318532],[-55.3361726,-10.3185618],[-55.3361309,-10.3185914],[-55.3360899,-10.3186202],[-55.3360491,-10.3186488],[-55.3359848,-10.3186848],[-55.3359408,-10.3187247],[-55.3358903,-10.318751],[-55.3358167,-10.3187847],[-55.3357732,-10.3188242],[-55.3356901,-10.3188556],[-55.3356404,-10.3188815],[-55.3356139,-10.3189001],[-55.3355479,-10.3189467],[-55.3355083,-10.3189746],[-55.3354492,-10.3189985],[-55.3353609,-10.3190519],[-55.3353023,-10.3190755],[-55.3352469,-10.3190879],[-55.3351788,-10.3191095],[-55.3351206,-10.3191329],[-55.3350754,-10.3191472],[-55.3350175,-10.3191705],[-55.3349541,-10.3192154],[-55.3349162,-10.319242],[-55.3348659,-10.3192774],[-55.3348283,-10.3193038],[-55.3347811,-10.3193284],[-55.3347185,-10.3193728],[-55.3346591,-10.3194061],[-55.3346247,-10.3194218],[-55.3345696,-10.3194784],[-55.3345026,-10.3195435],[-55.3344387,-10.3195975],[-55.3344022,-10.3196233],[-55.3343589,-10.3196365],[-55.3343053,-10.3196916],[-55.3342717,-10.3197066],[-55.3342091,-10.3197594],[-55.3341732,-10.3197847],[-55.3341349,-10.3198203],[-55.3340566,-10.3198583],[-55.3340142,-10.3198712],[-55.3339624,-10.319882],[-55.3339413,-10.3198884],[-55.3338849,-10.3199198],[-55.333831,-10.3199408],[-55.3337773,-10.3199618],[-55.3337424,-10.3199865],[-55.3336959,-10.3200194],[-55.3336195,-10.3200566],[-55.3335529,-10.320095],[-55.33353,-10.3201109],[-55.3334708,-10.3201606],[-55.333414,-10.3202001],[-55.3333801,-10.3202238],[-55.3333462,-10.3202474],[-55.3333145,-10.3202612],[-55.3332899,-10.3202867],[-55.3332491,-10.3202987],[-55.3331839,-10.3203362],[-55.3331321,-10.320356],[-55.3330987,-10.3203796],[-55.3330654,-10.3204031],[-55.3330321,-10.3204266],[-55.3330009,-10.3204402],[-55.3329678,-10.3204636],[-55.3329238,-10.3204947],[-55.332869,-10.3205334],[-55.3328362,-10.3205565],[-55.3328053,-10.32057],[-55.3327708,-10.3206027],[-55.3327148,-10.3206505],[-55.332668,-10.3207],[-55.3326339,-10.3207324],[-55.3325893,-10.3207728],[-55.3325448,-10.320813],[-55.33249,-10.3208606],[-55.332437,-10.3208985],[-55.3324054,-10.3209211],[-55.3323738,-10.3209436],[-55.3323214,-10.3209809],[-55.3320731,-10.3213172],[-55.332063,-10.3213244],[-55.3331668,-10.3230611]]],[[[-55.3306112,-10.3136493],[-55.3289411,-10.315394],[-55.3290728,-10.3157772],[-55.3286993,-10.3162005],[-55.3312041,-10.3198768],[-55.3316047,-10.3205085],[-55.3316284,-10.3204703],[-55.3318562,-10.3202213],[-55.3318802,-10.320208],[-55.3321808,-10.3200982],[-55.3323985,-10.3200416],[-55.3324472,-10.3200275],[-55.332604,-10.3200113],[-55.3328063,-10.3200246],[-55.3329415,-10.3198378],[-55.3329668,-10.3198244],[-55.3331103,-10.3198385],[-55.333156,-10.3198657],[-55.3333173,-10.3198242],[-55.3335114,-10.3196148],[-55.3335515,-10.3195864],[-55.3335655,-10.3195721],[-55.3337488,-10.3194854],[-55.3338041,-10.3194419],[-55.3338596,-10.3193981],[-55.3339133,-10.3193688],[-55.3339465,-10.3193101],[-55.3339799,-10.3192511],[-55.3340364,-10.3192064],[-55.3340703,-10.3191466],[-55.3341171,-10.3190864],[-55.3341515,-10.3190258],[-55.3341987,-10.3189651],[-55.3342483,-10.3188893],[-55.3342912,-10.3188589],[-55.3343573,-10.3188437],[-55.3344133,-10.3188132],[-55.3344719,-10.3187672],[-55.3345154,-10.3187364],[-55.3345873,-10.3186901],[-55.3346471,-10.3186428],[-55.3347202,-10.318595],[-55.3347648,-10.3185631],[-55.3349201,-10.3184666],[-55.3352049,-10.3182053],[-55.3353175,-10.3181375],[-55.3355193,-10.3181165],[-55.336062,-10.317952],[-55.3361321,-10.317742],[-55.3362107,-10.3174752],[-55.3362866,-10.3172261],[-55.3363424,-10.3168237],[-55.3363332,-10.3167866],[-55.3363566,-10.3166168],[-55.3363158,-10.3161817],[-55.3357474,-10.3165594],[-55.3352439,-10.3168895],[-55.335035,-10.3166651],[-55.3348269,-10.3163563],[-55.3348005,-10.3160945],[-55.3348193,-10.3160321],[-55.3349208,-10.3156313],[-55.3348854,-10.3154849],[-55.3349889,-10.3152948],[-55.3350395,-10.3152278],[-55.3350996,-10.3150323],[-55.33473,-10.3147766],[-55.3343987,-10.3152281],[-55.3343792,-10.3149647],[-55.334454,-10.3146843],[-55.3340089,-10.314356],[-55.3336469,-10.3140664],[-55.3336001,-10.3138915],[-55.3336204,-10.3133695],[-55.3336403,-10.312982],[-55.3334899,-10.3127052],[-55.3333363,-10.3125348],[-55.3330578,-10.3122191],[-55.3323853,-10.3127298],[-55.3318192,-10.3136395],[-55.3313604,-10.3141698],[-55.3307991,-10.3148211],[-55.3303919,-10.315333],[-55.3301874,-10.3150824],[-55.3301382,-10.3147554],[-55.3303955,-10.3145889],[-55.3304612,-10.3142518],[-55.3305446,-10.3140293],[-55.3307048,-10.313751],[-55.3306112,-10.3136493]]]]}},{"type":"Feature","properties":{"id":"sela1_shape_t15","fazenda_id":"p_sela1","talhao":"T16 - Aeroporto","nome":"T16 - Aeroporto","ano":2025,"area_hectares":43.7,"fonte":"SHP Fazenda_Sela_de_Prata_I_poly","partes":2},"geometry":{"type":"MultiPolygon","coordinates":[[[[-55.3641052,-10.2745323],[-55.3641205,-10.2745514],[-55.364056,-10.274469],[-55.363875,-10.274278],[-55.3636742,-10.2741146],[-55.363461,-10.273856],[-55.363219,-10.273609],[-55.363004,-10.273389],[-55.362779,-10.273153],[-55.3627014,-10.2730598],[-55.362551,-10.272901],[-55.362506,-10.272848],[-55.362454,-10.272813],[-55.362424,-10.272824],[-55.362301,-10.272951],[-55.362182,-10.273059],[-55.362029,-10.27321],[-55.361895,-10.273337],[-55.361767,-10.273454],[-55.361541,-10.273681],[-55.361365,-10.273839],[-55.361249,-10.273954],[-55.361147,-10.274055],[-55.361063,-10.274147],[-55.361021,-10.274214],[-55.361012,-10.274267],[-55.361024,-10.27433],[-55.361067,-10.274388],[-55.361137,-10.274482],[-55.361262,-10.274652],[-55.3614502,-10.2749205],[-55.361595,-10.275173],[-55.361712,-10.275372],[-55.361835,-10.275561],[-55.3618889,-10.2756338],[-55.361986,-10.275699],[-55.362055,-10.275718],[-55.362124,-10.275713],[-55.3621445,-10.2756958],[-55.362191,-10.275693],[-55.362215,-10.275716],[-55.362246,-10.275765],[-55.362287,-10.275818],[-55.362302,-10.275856],[-55.362292,-10.275874],[-55.362254,-10.275896],[-55.362209,-10.275928],[-55.362194,-10.276024],[-55.362208,-10.27611],[-55.362362,-10.276349],[-55.362441,-10.276463],[-55.362614,-10.276707],[-55.362794,-10.276956],[-55.3629951,-10.2772226],[-55.3630867,-10.2773581],[-55.3631516,-10.2774525],[-55.363266,-10.277608],[-55.363334,-10.277688],[-55.363396,-10.277748],[-55.363454,-10.277811],[-55.363486,-10.277876],[-55.363504,-10.277949],[-55.363489,-10.278049],[-55.363443,-10.278154],[-55.363408,-10.278249],[-55.363402,-10.278343],[-55.363408,-10.278421],[-55.363431,-10.27851],[-55.363463,-10.278582],[-55.363506,-10.278675],[-55.363548,-10.278751],[-55.363607,-10.278826],[-55.363718,-10.278912],[-55.363883,-10.27903],[-55.363994,-10.279092],[-55.3640938,-10.2791224],[-55.364237,-10.279078],[-55.364252,-10.279069],[-55.364276,-10.279061],[-55.364327,-10.279055],[-55.364371,-10.27906],[-55.364413,-10.279075],[-55.36444,-10.279089],[-55.364476,-10.279113],[-55.364507,-10.279135],[-55.364528,-10.279151],[-55.3649,-10.27946],[-55.364931,-10.279492],[-55.365021,-10.27957],[-55.365061,-10.279599],[-55.365104,-10.279598],[-55.365141,-10.279573],[-55.365262,-10.279456],[-55.365375,-10.279349],[-55.3654442,-10.2792807],[-55.365647,-10.279099],[-55.365751,-10.279016],[-55.365866,-10.278917],[-55.365984,-10.278789],[-55.366226,-10.278536],[-55.366381,-10.27839],[-55.366522,-10.278257],[-55.366653,-10.278135],[-55.366792,-10.278001],[-55.366934,-10.277867],[-55.367052,-10.277756],[-55.367165,-10.277651],[-55.367142,-10.27762],[-55.3670464,-10.277566],[-55.366907,-10.277376],[-55.366769,-10.27723],[-55.366473,-10.276932],[-55.366113,-10.276565],[-55.365895,-10.276345],[-55.3657532,-10.2762346],[-55.3655205,-10.2760096],[-55.3653297,-10.2757511],[-55.365028,-10.275462],[-55.364805,-10.275234],[-55.364541,-10.274961],[-55.364337,-10.274752],[-55.3641052,-10.2745323]]],[[[-55.362545,-10.272743],[-55.362563,-10.272782],[-55.362614,-10.272819],[-55.362676,-10.272876],[-55.362783,-10.272979],[-55.363024,-10.273223],[-55.363253,-10.273457],[-55.363551,-10.273762],[-55.363727,-10.273946],[-55.363882,-10.274105],[-55.3642,-10.274437],[-55.364379,-10.274623],[-55.364543,-10.274795],[-55.364839,-10.275095],[-55.365063,-10.275325],[-55.365306,-10.275576],[-55.365614,-10.275893],[-55.365816,-10.276097],[-55.366039,-10.27633],[-55.366337,-10.276636],[-55.366502,-10.276809],[-55.366654,-10.276965],[-55.366819,-10.277138],[-55.3670998,-10.2774115],[-55.367335,-10.277665],[-55.367612,-10.277956],[-55.36776,-10.278106],[-55.367907,-10.278259],[-55.368071,-10.278422],[-55.36823,-10.278578],[-55.368411,-10.278759],[-55.368516,-10.278868],[-55.368646,-10.278995],[-55.368688,-10.279014],[-55.368786,-10.278932],[-55.368902,-10.278835],[-55.36903,-10.278706],[-55.369171,-10.278568],[-55.369332,-10.278415],[-55.369564,-10.278208],[-55.369788,-10.278006],[-55.369988,-10.277814],[-55.370229,-10.277579],[-55.3705406,-10.2772608],[-55.370869,-10.276979],[-55.370966,-10.276895],[-55.371015,-10.276835],[-55.3710518,-10.2767925],[-55.371085,-10.276704],[-55.3711,-10.27664],[-55.3711052,-10.2765865],[-55.371029,-10.276466],[-55.370903,-10.276299],[-55.37082,-10.276168],[-55.370721,-10.276029],[-55.370655,-10.275928],[-55.370607,-10.27579],[-55.370534,-10.275674],[-55.370404,-10.27555],[-55.370318,-10.275414],[-55.370088,-10.275087],[-55.369619,-10.274378],[-55.369463,-10.274141],[-55.369367,-10.274],[-55.369286,-10.27388],[-55.369246,-10.273823],[-55.36915,-10.273808],[-55.369111,-10.273819],[-55.36904,-10.27382],[-55.369001,-10.273798],[-55.3689842,-10.2737494],[-55.368967,-10.273741],[-55.368942,-10.273726],[-55.368901,-10.273739],[-55.368874,-10.27378],[-55.368842,-10.273836],[-55.368804,-10.273963],[-55.368773,-10.274098],[-55.368771,-10.274187],[-55.368797,-10.274253],[-55.368882,-10.274389],[-55.368986,-10.274562],[-55.369062,-10.274734],[-55.369108,-10.274926],[-55.369117,-10.275165],[-55.369065,-10.275463],[-55.369031,-10.275647],[-55.369008,-10.275764],[-55.368973,-10.275925],[-55.368939,-10.276046],[-55.36888,-10.276152],[-55.368808,-10.276206],[-55.368746,-10.276228],[-55.368683,-10.276233],[-55.368626,-10.276208],[-55.368569,-10.276153],[-55.368483,-10.276053],[-55.368375,-10.275943],[-55.368268,-10.275783],[-55.368267,-10.27567],[-55.368302,-10.275552],[-55.368363,-10.275367],[-55.368399,-10.275239],[-55.368464,-10.274981],[-55.36849,-10.274877],[-55.368484,-10.274768],[-55.368408,-10.274572],[-55.368328,-10.274399],[-55.368236,-10.274188],[-55.368212,-10.27411],[-55.368213,-10.274],[-55.368271,-10.273842],[-55.368331,-10.273721],[-55.368391,-10.273617],[-55.368442,-10.273514],[-55.368477,-10.273415],[-55.368508,-10.273311],[-55.368523,-10.273241],[-55.368513,-10.273176],[-55.368458,-10.273114],[-55.368382,-10.273038],[-55.368326,-10.273007],[-55.368248,-10.273008],[-55.368097,-10.273104],[-55.367984,-10.273208],[-55.367833,-10.273352],[-55.367647,-10.273534],[-55.367484,-10.273688],[-55.367274,-10.27388],[-55.367113,-10.274029],[-55.366808,-10.274313],[-55.366603,-10.2745],[-55.366356,-10.27474],[-55.366147,-10.274938],[-55.365978,-10.275101],[-55.365819,-10.275254],[-55.365707,-10.27536],[-55.365549,-10.275475],[-55.365439,-10.275354],[-55.365345,-10.275241],[-55.365224,-10.275093],[-55.365035,-10.274865],[-55.36483,-10.274623],[-55.364718,-10.274487],[-55.364563,-10.274297],[-55.364414,-10.274118],[-55.364221,-10.273889],[-55.363957,-10.273567],[-55.36378,-10.273352],[-55.36366,-10.273203],[-55.363539,-10.273055],[-55.363244,-10.272707],[-55.3630676,-10.2725039],[-55.3630295,-10.2724428],[-55.362969,-10.272394],[-55.362931,-10.272379],[-55.362886,-10.272392],[-55.362815,-10.272454],[-55.362739,-10.272526],[-55.362662,-10.2726],[-55.362594,-10.272668],[-55.362553,-10.272712],[-55.362545,-10.272743]]]]}}]}
